179,144,b'Li90cnltZQ0KNjI1MDAwMA0KZ3JpOjEwMDAvMTAwMC8xMDAwcGlAcmFzcGJlcnJ5cGk6fiQg'
179,135,b'Li90cnltZQ0KNjI1MDAwMA0KZ3JpOjEwMDAvMTAwMC8xMDAwcGlAcmFzcGJlcnJ5cGk6fiQg'
179,155,b'Li90cnltZQ0KNjI1MDAwMA0KZ3JpOjEwMDAvMTAwMC8xMDAwcGlAcmFzcGJlcnJ5cGk6fiQg'
179,155,b'Li90cnltZQ0KWyAgIDUzLjQ5NDEyNl0gVW5hYmxlIHRvIGhhbmRsZSBrZXJuZWwgcGFnaW5nIHJlcXVlc3QgYXQgdmlydHVhbCBhZGRyZXNzIDAwMDMxMGU4DQpbICAgNTMuNDk4NjkyXSBVbmFibGUgdG8gaGFuZGxlIGtlcm5lbCBwYWdpbmcgcmVxdWVzdCBhdCB2aXJ0dWFsIGFkZHJlc3MgZmY3YWYwMDANClsgICA1My41MDI1MTJdIHBnZCA9IDc1ZDYxOTgyDQpbICAgNTMuNTEwNTk2XSBVbmFibGUgdG8gaGFuZGxlIGtlcm5lbCBwYWdpbmcgcmVxdWVzdCBhdCB2aXJ0dWFsIGFkZHJlc3MgZTkyZGQ4NTQNClsgICA1My41MTQyMDBdIFswMDAzMTBlOF0gKnBnZD0zNTVhNDgzNQ0KWyAgIDUzLjUyMjQwN10gVW5hYmxlIHRvIGhhbmRsZSBrZXJuZWwgcGFnaW5nIHJlcXVlc3QgYXQgdmlydHVhbCBhZGRyZXNzIGUyNGNiMDI4DQpbICAgNTMuNTIyNDEwXSBVbmFibGUgdG8gaGFuZGxlIGtlcm5lbCBwYWdpbmcgcmVxdWVzdCBhdCB2aXJ0dWFsIGFkZHJlc3MgZTI0Y2IwMjgNClsgICA1My41MjI0MTJdIFVuYWJsZSB0byBoYW5kbGUga2VybmVsIHBhZ2luZyByZXF1ZXN0IGF0IHZpcnR1YWwgYWRkcmVzcyBlMjRjYjAyOA0KWyAgIDUzLjUyMjQxNV0gVW5hYmxlIHRvIGhhbmRsZSBrZXJuZWwgcGFnaW5nIHJlcXVlc3QgYXQgdmlydHVhbCBhZGRyZXNzIGUyNGNiMDI4DQpbICAgNTMuNTIyNDE5XSBVbmFibGUgdG8gaGFuZGxlIGtlcm5lbCBwYWdpbmcgcmVxdWVzdCBhdCB2aXJ0dWFsIGFkZHJlc3MgZTI0Y2IwMjgNClsgICA1My41MzUyMjFdIFVuYWJsZSB0byBoYW5kbGUga2VybmVsIHBhZ2luZyByZXF1ZXN0IGF0IHZpcnR1YWwgYWRkcmVzcyBlMjRjYjAyOA0KWyAgIDUzLjUzNTIyM10gVW5hYmxlIHRvIGhhbmRsZSBrZXJuZWwgcGFnaW5nIHJlcXVlc3QgYXQgdmlydHVhbCBhZGRyZXNzIGUyNGNiMDI4DQpbICAgNTMuNTM1MjI2XSBVbmFibGUgdG8gaGFuZGxlIGtlcm5lbCBwYWdpbmcgcmVxdWVzdCBhdCB2aXJ0dWFsIGFkZHJlc3MgZTI0Y2IwMjgNClsgICA1My41OTI1NDRdIEludGVybmFsIGVycm9yOiBPb3BzOiAxNyBbIzFdIFNNUCBBUk0NClsgICA1My41OTgxMjRdIE1vZHVsZXMgbGlua2VkIGluOiBibmVwIGhjaV91YXJ0IGJ0YmNtIHNlcmRldiBibHVldG9vdGggZWNkaF9nZW5lcmljIHNoYTI1Nl9nZW5lcmljIGNmZzgwMjExIHJma2lsbCA4MDIxcSBnYXJwIHN0cCBsbGMgc25kX2JjbTI4MzUoQykgc25kX3BjbSBzbmRfdGltZXIgcmFzcGJlcnJ5cGlfaHdtb24gaHdtb24gc25kIGJjbTI4MzVfY29kZWMoQykgYmNtMjgzNV92NGwyKEMpIHY0bDJfY29tbW9uIHY0bDJfbWVtMm1lbSB2aWRlb2J1ZjJfdm1hbGxvYyBiY20yODM1X21tYWxfdmNoaXEoQykgdmlkZW9idWYyX2RtYV9jb250aWcgdmlkZW9idWYyX21lbW9wcyB2aWRlb2J1ZjJfdjRsMiB2aWRlb2J1ZjJfY29tbW9uIHZpZGVvZGV2IHZjX3NtX2NtYShDKSBtZWRpYSBmaXhlZCB1aW9fcGRydl9nZW5pcnEgdWlvIGlwX3RhYmxlcyB4X3RhYmxlcyBpcHY2DQpbICAgNTMuNjQyNTU1XSBDUFU6IDMgUElEOiA0NDEgQ29tbTogdHJ5bWUgVGFpbnRlZDogRyAgICAgICAgIEMgICAgICAgIDQuMTkuNzUtdjcrICMxMjcwDQpbICAgNTMuNjUyMzgzXSBIYXJkd2FyZSBuYW1lOiBCQ00yODM1DQpbICAgNTMuNjU2NzcwXSBQQyBpcyBhdCBfX3N5c19zZXRyZXN1aWQrMHhjMC8weDFmNA0KWyAgIDUzLjY2MjI4M10gTFIgaXMgYXQgcmVmY291bnRfaW5jX2NoZWNrZWQrMHgxMC8weDUwDQpbICAgNTMuNjY4MTIwXSBwYyA6IFs8ODAxMzUwNjQ+XSAgICBsciA6IFs8ODA1MDRmOTA+XSAgICBwc3I6IGEwMDAwMDEzDQpbICAgNTMuNjc1MzcwXSBzcCA6IGI1NjMxZjYwICBpcCA6IDAwMDAwMDA2ICBmcCA6IGI1NjMxZjk0DQpbICAgNTMuNjgxNTk3XSByMTA6IDAwMDAwMDAwICByOSA6IDAwMDAwMDAwICByOCA6IDAwMDAwMDAwDQpbICAgNTMuNjg3ODUzXSByNyA6IDAwMDAwMDAwICByNiA6IDAwMDAwMDAwICByNSA6IDAwMDAwMDAwICByNCA6IGIzODMxMDAwDQpbICAgNTMuNjk1NDYzXSByMyA6IDAwMDMxMDgwICByMiA6IDAwMDAwMDA3ICByMSA6IDAwMDAwMDA3ICByMCA6IGIzODMxMDAwDQpbICAgNTMuNzAzMDkwXSBGbGFnczogTnpDdiAgSVJRcyBvbiAgRklRcyBvbiAgTW9kZSBTVkNfMzIgIElTQSBBUk0gIFNlZ21lbnQgdXNlcg0KWyAgIDUzLjcxMTM5N10gQ29udHJvbDogMTBjNTM4M2QgIFRhYmxlOiAzMzg5MDA2YSAgREFDOiAwMDAwMDA1NQ0KWyAgIDUzLjcxODMzOV0gUHJvY2VzcyB0cnltZSAocGlkOiA0NDEsIHN0YWNrIGxpbWl0ID0gMHgxNDQ0NDVkNykNClsgICA1My43MjU0MTVdIFN0YWNrOiAoMHhiNTYzMWY2MCB0byAweGI1NjMyMDAwKQ0KWyAgIDUzLjczMDk2OF0gMWY2MDogMDAwMDAwMDMgODAxMDFjOWMgMDAwMDAwMTAgMDAwMDAwMDAgMDAwMDAwMDAgMDAwMDAwMDAgMDAwMDAwZDAgODAxMDExYzQNClsgICA1My43NDE1MjVdIDFmODA6IGI1NjMwMDAwIDAwMDAwMGQwIGI1NjMxZmE0IGI1NjMxZjk4IDgwMTM1MWIwIDgwMTM0ZmIwIDAwMDAwMDAwIGI1NjMxZmE4DQpbICAgNTMuNzUyMDc2XSAxZmEwOiA4MDEwMTAwMCA4MDEzNTFhNCAwMDAwMDAwMCAwMDAwMDAwMCAwMDAwMDAwMCAwMDAwMDAwMCAwMDAwMDAwMCAwMDAwMDAwMA0KWyAgIDUzLjc2MjYyMF0gMWZjMDogMDAwMDAwMDAgMDAwMDAwMDAgMDAwMDAwMDAgMDAwMDAwZDAgMDAwMDAwMDAgMDAwMDAwMDAgMDAwMDAwMDAgN2VkNjJiYzQNClsgICA1My43NzMyMDJdIDFmZTA6IDc2ZWFmNjk0IDdlZDYyYjc4IDAwMDEwOTQwIDAwMDEwNzM4IDAwMDAwMDEwIDAwMDAwMDAwIDAwMDAwMDAwIDAwMDAwMDAwDQpbICAgNTMuNzgzOTE1XSBbPDgwMTM1MDY0Pl0gKF9fc3lzX3NldHJlc3VpZCkgZnJvbSBbPDgwMTM1MWIwPl0gKHN5c19zZXRyZXN1aWQrMHgxOC8weDFjKQ0KWyAgIDUzLjc5MTc2NF0gS2VybmVsIHBhbmljIC0gbm90IHN5bmNpbmc6IHN0YWNrLXByb3RlY3RvcjogS2VybmVsIHN0YWNrIGlzIGNvcnJ1cHRlZCBpbjogYXJjaF9wdHJhY2UrMHg0YWMvMHg0YjgNClsgICA1My43OTE3NjRdIA0KWyAgIDUzLjc5NDQ5MF0gWzw4MDEzNTFiMD5dIChzeXNfc2V0cmVzdWlkKSBmcm9tIFs8ODAxMDEwMDA+XSAocmV0X2Zhc3Rfc3lzY2FsbCsweDAvMHgyOCkNClsgICA1My44MjA5MzhdIEV4Y2VwdGlvbiBzdGFjaygweGI1NjMxZmE4IHRvIDB4YjU2MzFmZjApDQpbICAgNTMuODI3NDY0XSAxZmEwOiAgICAgICAgICAgICAgICAgICAwMDAwMDAwMCAwMDAwMDAwMCAwMDAwMDAwMCAwMDAwMDAwMCAwMDAwMDAwMCAwMDAwMDAwMA0KWyAgIDUzLjgzODU3N10gMWZjMDogMDAwMDAwMDAgMDAwMDAwMDAgMDAwMDAwMDAgMDAwMDAwZDAgMDAwMDAwMDAgMDAwMDAwMDAgMDAwMDAwMDAgN2VkNjJiYzQNClsgICA1My44NDk3MTJdIDFmZTA6IDc2ZWFmNjk0IDdlZDYyYjc4IDAwMDEwOTQwIDAwMDEwNzM4DQpbICAgNTMuODU2MjQ0XSBDb2RlOiBlM2MzMzAzZiBlM2EwMTAwNyBlNTkzMzAwYyBlNTkzMzRhOCAoZTU5MzAwNjgpIA0KWyAgIDUzLjg2MzgyM10gQ1BVMzogc3RvcHBpbmcNClsgICA1My44Njc5MDZdIENQVTogMyBQSUQ6IDQ0MSBDb21tOiB0cnltZSBUYWludGVkOiBHICAgICAgRCAgQyAgICAgICAgNC4xOS43NS12NysgIzEyNzANClsgICA1My44Nzg0OTddIEhhcmR3YXJlIG5hbWU6IEJDTTI4MzUNClsgICA1My44ODMyMjZdIFs8ODAxMTFmY2M+XSAodW53aW5kX2JhY2t0cmFjZSkgZnJvbSBbPDgwMTBkNTQ0Pl0gKHNob3dfc3RhY2srMHgyMC8weDI0KQ0KWyAgIDUzLjg5MzYzOF0gWzw4MDEwZDU0ND5dIChzaG93X3N0YWNrKSBmcm9tIFs8ODA4MTliYzA+XSAoZHVtcF9zdGFjaysweGQ0LzB4MTE4KQ0KWyAgIDUzLjkwMjM3MF0gWzw4MDgxOWJjMD5dIChkdW1wX3N0YWNrKSBmcm9tIFs8ODAxMTAzZTQ+XSAoaGFuZGxlX0lQSSsweDM4OC8weDNhOCkNClsgICA1My45MTIzNjNdIFs8ODAxMTAzZTQ+XSAoaGFuZGxlX0lQSSkgZnJvbSBbPDgwMTAyMWY0Pl0gKGJjbTI4MzZfYXJtX2lycWNoaXBfaGFuZA=='
179,141,b'IC4vdHJ5bWUNCjYyNTAwMDANCmdyaToxMDAwLzEwMDAvMTAwMHBpQHJhc3BiZXJyeXBpOn4kIA=='
179,137,b'Li90cnltZQ0KWyAgIDQyLjE1NDIwMV0gVW5hYmxlIHRvIGhhbmRsZSBrZXJuZWwgcGFnaW5nIHJlcXVlc3QgYXQgdmlydHVhbCBhZGRyZXNzIDVmNTU1NWJkDQpbICAgNDIuMTYyNTgyXSBwZ2QgPSA1MTQ3ZDZjMQ0KWyAgIDQyLjE2NjIwMF0gWzVmNTU1NWJkXSAqcGdkPTAwMDAwMDAwDQpbICAgNDIuMTcwNjg5XSBJbnRlcm5hbCBlcnJvcjogT29wczogNSBbIzFdIFNNUCBBUk0NClsgICA0Mi4xNzYyNDhdIE1vZHVsZXMgbGlua2VkIGluOiBibmVwIGhjaV91YXJ0IGJ0YmNtIHNlcmRldiBibHVldG9vdGggZWNkaF9nZW5lcmljIHNoYTI1Nl9nZW5lcmljIGNmZzgwMjExIHJma2lsbCA4MDIxcSBnYXJwIHN0cCBsbGMgcmFzcGJlcnJ5cGlfaHdtb24gc25kX2JjbTI4MzUoQykgaHdtb24gc25kX3BjbSBiY20yODM1X2NvZGVjKEMpIGJjbTI4MzVfdjRsMihDKSBzbmRfdGltZXIgdjRsMl9tZW0ybWVtIHNuZCBiY20yODM1X21tYWxfdmNoaXEoQykgdjRsMl9jb21tb24gdmlkZW9idWYyX3ZtYWxsb2MgdmlkZW9idWYyX2RtYV9jb250aWcgdmlkZW9idWYyX21lbW9wcyB2aWRlb2J1ZjJfdjRsMiB2aWRlb2J1ZjJfY29tbW9uIHZjX3NtX2NtYShDKSB2aWRlb2RldiBtZWRpYSBmaXhlZCB1aW9fcGRydl9nZW5pcnEgdWlvIGlwX3RhYmxlcyB4X3RhYmxlcyBpcHY2DQpbICAgNDIuMjIxMzk5XSBDUFU6IDEgUElEOiA0MzcgQ29tbTogdHJ5bWUgVGFpbnRlZDogRyAgICAgICAgIEMgICAgICAgIDQuMTkuNzUtdjcrICMxMjcwDQpbICAgNDIuMjMxNjQwXSBIYXJkd2FyZSBuYW1lOiBCQ00yODM1DQpbICAgNDIuMjM2MjcyXSBQQyBpcyBhdCBjYXBfY2FwYWJsZSsweDE0LzB4OGMNClsgICA0Mi4yNDE2MjFdIExSIGlzIGF0IG5zX2NhcGFibGVfY29tbW9uKzB4OWMvMHhiMA0KWyAgIDQyLjI0NzQ3OV0gcGMgOiBbPDgwNGExNjZjPl0gICAgbHIgOiBbPDgwMTJiM2NjPl0gICAgcHNyOiAyMDAwMDAxMw0KWyAgIDQyLjI1NTAyNl0gc3AgOiBiM2NmZmYzMCAgaXAgOiBiM2NmZmY0MCAgZnAgOiBiM2NmZmYzYw0KWyAgIDQyLjI2MTUwMV0gcjEwOiAwMDAwMDAwMCAgcjkgOiAwMDAwMDAwMCAgcjggOiAwMDAwMDAwMA0KWyAgIDQyLjI2Nzk3OF0gcjcgOiAwMDAwMDAwMCAgcjYgOiAwMDAwMDAwMCAgcjUgOiAwMDAwMDAwMCAgcjQgOiBiNzAzMTQwMA0KWyAgIDQyLjI3NTc4MF0gcjMgOiAwMDAwMDAwMSAgcjIgOiAwMDAwMDAwNyAgcjEgOiA4MGQwZDY0MCAgcjAgOiA1ZjU1NTU1NQ0KWyAgIDQyLjI4MzU1MV0gRmxhZ3M6IG56Q3YgIElSUXMgb24gIEZJUXMgb24gIE1vZGUgU1ZDXzMyICBJU0EgQVJNICBTZWdtZW50IHVzZXINClsgICA0Mi4yOTE5MzVdIENvbnRyb2w6IDEwYzUzODNkICBUYWJsZTogMzNkM2MwNmEgIERBQzogMDAwMDAwNTUNClsgICA0Mi4yOTg4OTNdIFByb2Nlc3MgdHJ5bWUgKHBpZDogNDM3LCBzdGFjayBsaW1pdCA9IDB4M2VhODM2ODkpDQpbICAgNDIuMzA1OTY0XSBTdGFjazogKDB4YjNjZmZmMzAgdG8gMHhiM2QwMDAwMCkNClsgICA0Mi4zMTE1MzRdIGZmMjA6ICAgICAgICAgICAgICAgICAgICAgICAgICAgICAgICAgICAgIGIzY2ZmZjRjIGIzY2ZmZjQwIDgwMTJiM2NjIDgwNGExNjY0DQpbICAgNDIuMzIyMDg1XSBmZjQwOiBiM2NmZmY1YyBiM2NmZmY1MCA4MDEyYjNmYyA4MDEyYjMzYyBiM2NmZmY5NCBiM2NmZmY2MCA4MDEzNTA3MCA4MDEyYjNlYw0KWyAgIDQyLjMzMjU5OV0gZmY2MDogMDAwMDAwMDMgYjcwMzExODAgMDAwMDAwMTAgMDAwMDAwMDAgMDAwMDAwMDAgMDAwMDAwMDAgMDAwMDAwZDAgODAxMDExYzQNClsgICA0Mi4zNDMxMDddIGZmODA6IGIzY2ZlMDAwIDAwMDAwMGQwIGIzY2ZmZmE0IGIzY2ZmZjk4IDgwMTM1MWIwIDgwMTM0ZmIwIDAwMDAwMDAwIGIzY2ZmZmE4DQpbICAgNDIuMzUzNjUwXSBmZmEwOiA4MDEwMTAwMCA4MDEzNTFhNCAwMDAwMDAwMCAwMDAwMDAwMCAwMDAwMDAwMCAwMDAwMDAwMCAwMDAwMDAwMCAwMDAwMDAwMA0KWyAgIDQyLjM2NDMyMl0gZmZjMDogMDAwMDAwMDAgMDAwMDAwMDAgMDAwMDAwMDAgMDAwMDAwZDAgMDAwMDAwMDAgMDAwMDAwMDAgMDAwMDAwMDAgN2VlODhiYzQNClsgICA0Mi4zNzUxMzFdIGZmZTA6IDc2ZjJlNjk0IDdlZTg4Yjc4IDAwMDEwOTQwIDAwMDEwNzM4IDAwMDAwMDEwIDAwMDAwMDAwIDAwMDAwMDAwIDAwMDAwMDAwDQpbICAgNDIuMzg2MDQwXSBbPDgwNGExNjZjPl0gKGNhcF9jYXBhYmxlKSBmcm9tIFs8ODAxMmIzY2M+XSAobnNfY2FwYWJsZV9jb21tb24rMHg5Yy8weGIwKQ0KWyAgIDQyLjM5Njg1N10gWzw4MDEyYjNjYz5dIChuc19jYXBhYmxlX2NvbW1vbikgZnJvbSBbPDgwMTJiM2ZjPl0gKG5zX2NhcGFibGUrMHgxYy8weDIwKQ0KWyAgIDQyLjQwNzY2M10gWzw4MDEyYjNmYz5dIChuc19jYXBhYmxlKSBmcm9tIFs8ODAxMzUwNzA+XSAoX19zeXNfc2V0cmVzdWlkKzB4Y2MvMHgxZjQpDQpbICAgNDIuNDE4NDU3XSBbPDgwMTM1MDcwPl0gKF9fc3lzX3NldHJlc3VpZCkgZnJvbSBbPDgwMTM1MWIwPl0gKHN5c19zZXRyZXN1aWQrMHgxOC8weDFjKQ0KWyAgIDQyLjQyOTUxNl0gWzw4MDEzNTFiMD5dIChzeXNfc2V0cmVzdWlkKSBmcm9tIFs8ODAxMDEwMDA+XSAocmV0X2Zhc3Rfc3lzY2FsbCsweDAvMHgyOCkNClsgICA0Mi40NDA2MDhdIEV4Y2VwdGlvbiBzdGFjaygweGIzY2ZmZmE4IHRvIDB4YjNjZmZmZjApDQpbICAgNDIuNDQ3MjU0XSBmZmEwOiAgICAgICAgICAgICAgICAgICAwMDAwMDAwMCAwMDAwMDAwMCAwMDAwMDAwMCAwMDAwMDAwMCAwMDAwMDAwMCAwMDAwMDAwMA0KWyAgIDQyLjQ1ODU0Nl0gZmZjMDogMDAwMDAwMDAgMDAwMDAwMDAgMDAwMDAwMDAgMDAwMDAwZDAgMDAwMDAwMDAgMDAwMDAwMDAgMDAwMDAwMDAgN2VlODhiYzQNClsgICA0Mi40Njk4MjFdIGZmZTA6IDc2ZjJlNjk0IDdlZTg4Yjc4IDAwMDEwOTQwIDAwMDEwNzM4DQpbICAgNDIuNDc2NDI0XSBDb2RlOiBlOTJkZDgwMCBlMjRjYjAwNCBlNTJkZTAwNCBlOGJkNDAwMCAoZTU5MDMwNjgpIA0KDQ0KB01lc3NhZ2UgZnJvbVsgICA0Mi40ODQxMTRdIC0tLVsgZW5kIHRyYWNlIDAxMWI1Y2NjY2IxZmI2NWUgXS0tLQ0KIHN5c2xvZ2RAcmFzcGJlcnJ5cGkgYXQgU2VwIDI2IDA1OjI1OjA5IC4uLg0NCiBrZXJuZWw6WyAgIDQyLjE3MDY4OV0gSW50ZXJuYWwgZXJyb3I6IE9vcHM6IDUgWyMxXSBTTVAgQVJNDQoNDQ0KB01lc3NhZ2UgZnJvbSBzeXNsb2dkQHJhc3BiZXJyeXBpIGF0IFNlcCAyNiAwNToyNTowOSAuLi4NDQoga2VybmVsOlsgICA0Mi4yOTg4OTNdIFByb2Nlc3MgdHJ5bWUgKHBpZDogNDM3LCBzdGFjayBsaW1pdCA9IDB4M2VhODM2ODkpDQoNDQ0KB01lc3NhZ2UgZnJvbSBzeXNsb2dkQHJhc3BiZXJyeXBpIGF0IFNlcCAyNiAwNToyNTowOSAuLi4NDQoga2VybmVsOlsgICA0Mi4zMDU5NjRdIFN0YWNrOiAoMHhiM2NmZmYzMCB0byAweGIzZDAwMDAwKQ0KDQ0NCgdNZXNzYWdlIGZyb20gc3lzbG9nZEByYXNwYmVycnlwaSBhdCBTZXAgMjYgMDU6MjU6MDkgLi4uDQ0KIGtlcm5lbDpbICAgNDIuMzExNTM0XSBmZjIwOiAgICAgICAgICAgICAgICAgICAgICAgICAgICAgICAgICAgICBiM2NmZmY0YyBiM2NmZmY0MCA4MDEyYjNjYyA4MDRhMTY2NA0KDQ0NCgdNZXNzYWdlIGZyb20gc3lzbG9nZEByYXNwYmVycnlwaSBhdCBTZXAgMjYgMDU6MjU6MDkgLi4uDQ0KIGtlcm5lbDpbICAgNDIuMzIyMDg1XSBmZjQwOiBiM2NmZmY1YyBiM2NmZmY1MCA4MDEyYjNmYyA4MDEyYjMzYyBiM2NmZmY5NCBiM2NmZmY2MCA4MDEzNTA3MCA4MDEyYjNlYw0KDQ0NCgdNZXNzYWdlIGZyb20gc3lzbG9nZEByYXNwYmVycnlwaSBhdCBTZXAgMjYgMDU6MjU6MDkgLi4uDQ0KIGtlcm5lbDpbICAgNDIuMzMyNTk5XSBmZjYwOiAwMDAwMDAwMyBiNzAzMTE4MCAwMDAwMDAxMCAwMDAwMDAwMCAwMDAwMDAwMCAwMDAwMDAwMCAwMDAwMDBkMCA4MDEwMTFjNA0KDQ0NCgdNZXNzYWdlIGZyb20gc3lzbG9nZEByYXNwYmVycnlwaSBhdCBTZXAgMjYgMDU6MjU6MDkgLi4uDQ0KIGtlcm5lbDpbICAgNDIuMzQzMTA3XSBmZjgwOiBiM2NmZTAwMCAwMDAwMDBkMCBiM2NmZmZhNCBiM2NmZmY5OCA4MDEzNTFiMCA4MDEzNGZiMCAwMDAwMDAwMCBiM2NmZmZhOA0KDQ0NCgdNZXNzYWdlIGZyb20gc3lzbG9nZEByYXNwYmVycnlwaSBhdCBTZXAgMjYgMDU6MjU6MDkgLi4uDQ0KIGtlcm5lbDpbICAgNDIuMzUzNjUwXSBmZmEwOiA4MDEwMTAwMCA4MDEzNTFhNCAwMDAwMDAwMCAwMDAwMDAwMCAwMDAwMDAwMCAwMDAwMDAwMCAwMDAwMDAwMCAwMDAwMDAwMA0KDQ0NCgdNZXNzYWdlIGZyb20gc3lzbG9nZEByYXNwYmVycnlwaSBhdCBTZXAgMjYgMDU6MjU6MDkgLi4uDQ0KIGtlcm5lbDpbICAgNDIuMzY0MzIyXSBmZmMwOiAwMDAwMDAwMCAwMDAwMDAwMCAwMDAwMDAwMCAwMDAwMDBkMCAwMDAwMDAwMCAwMDAwMDAwMCAwMDAwMDAwMCA3ZWU4OGJjNA0KDQ0NCgdNZXNzYWdlIGZyb20gc3lzbG9nZEByYXNwYmVycnlwaSBhdCBTZXAgMjYgMDU6MjU6MDkgLi4uDQ0KIGtlcm5l'
179,152,b'IC4vdHJ5bWUNCjYyNTAwMDANCmdyaToxMDAwLzEwMDAvMTAwMHBpQHJhc3BiZXJyeXBpOn4kIA=='
179,145,b'Li90cnltZQ0KNjI1MDAwMA0KZ3JpOjEwMDAvMTAwMC8xMDAwcGlAcmFzcGJlcnJ5cGk6fiQg'
179,143,b'Li90cnltZQ0KNjI1MDAwMA0KZ3JpOjEwMDAvMTAwMC8xMDAwcGlAcmFzcGJlcnJ5cGk6fiQg'
179,140,b'Li90cnltZQ0KWyAgIDQzLjE0NDA1N10gVW5hYmxlIHRvIGhhbmRsZSBrZXJuZWwgTlVMTCBwb2ludGVyIGRlcmVmZXJlbmNlIGF0IHZpcnR1YWwgYWRkcmVzcyAwMDAwMDMyOA0KWyAgIDQzLjE1NDE2MV0gcGdkID0gOTQ5MjRiNzkNClsgICA0My4xNTc3NTldIFswMDAwMDMyOF0gKnBnZD0zNDEyZjgzNSwgKnB0ZT0wMDAwMDAwMCwgKnBwdGU9MDAwMDAwMDANCg0NCgdNZXNzWyAgIDQzLjE2NTA2NF0gSW50ZXJuYWwgZXJyb3I6IE9vcHM6IDE3IFsjMV0gU01QIEFSTQ0KYWdlIGZyb20gc3lzbG9nZEByYXNwYmVycnlwaSBhdCBTZXAgMjYgMDU6MjU6MDkgLi4uDQ0KIGtlcm5lbDpbICAgNDMuMTY1MDY0XSBJbnRbICAgNDMuMTcwOTYzXSBNb2R1bGVzIGxpbmtlZCBpbjogYm5lcCBoY2lfdWFydCBidGJjbSBzZXJkZXYgYmx1ZXRvb3RoIGVjZGhfZ2VuZXJpYyBzaGEyNTZfZ2VuZXJpYyBjZmc4MDIxMSByZmtpbGwgODAyMXEgZ2FycCBzdHAgbGxjIHJhc3BiZXJyeXBpX2h3bW9uIGh3bW9uIGJjbTI4MzVfY29kZWMoQykgYmNtMjgzNV92NGwyKEMpIHY0bDJfbWVtMm1lbSBzbmRfYmNtMjgzNShDKSB2aWRlb2J1ZjJfZG1hX2NvbnRpZyBiY20yODM1X21tYWxfdmNoaXEoQykgdjRsMl9jb21tb24gdmlkZW9idWYyX3ZtYWxsb2MgdmlkZW9idWYyX21lbW9wcyBzbmRfcGNtIHZpZGVvYnVmMl92NGwyIHZpZGVvYnVmMl9jb21tb24gc25kX3RpbWVyIHNuZCB2aWRlb2RldiBtZWRpYSB2Y19zbV9jbWEoQykgdWlvX3BkcnZfZ2VuaXJxIHVpbyBmaXhlZCBpcF90YWJsZXMgeF90YWJsZXMgaXB2Ng0KZXJuYWwgZXJyb3I6IE9vcHM6IDE3IFsjMV0gU01QIEFSTQ0KDVsgICA0My4yMTY5NzZdIENQVTogMyBQSUQ6IDQzOCBDb21tOiB0cnltZSBUYWludGVkOiBHICAgICAgICAgQyAgICAgICAgNC4xOS43NS12NysgIzEyNzANClsgICA0My4yMzA0MzRdIEhhcmR3YXJlIG5hbWU6IEJDTTI4MzUNClsgICA0My4yMzY3MjJdIFBDIGlzIGF0IGNvbW1pdF9jcmVkcysweDkwLzB4MjljDQpbICAgNDMuMjQzODUwXSBMUiBpcyBhdCBfX3N5c19zZXRyZXN1aWQrMHgxNjgvMHgxZjQNClsgICA0My4yNTEyODNdIHBjIDogWzw4MDE0NTBjOD5dICAgIGxyIDogWzw4MDEzNTEwYz5dICAgIHBzcjogODAwMDAwMTMNClsgICA0My4yNjA0MjhdIHNwIDogYjViZGRmNjAgIGlwIDogYjViZGRmNDAgIGZwIDogYjViZGRmOTQNClsgICA0My4yNjg1MjldIHIxMDogMDAwMDAwMDAgIHI5IDogMDAwMDAwMDAgIHI4IDogMDAwMDAwMDANClsgICA0My4yNzY2MzFdIHI3IDogMDAwMDAwMDAgIHI2IDogMDAwMDAwMDAgIHI1IDogMDAwMDAwMDAgIHI0IDogYjQwN2M0MDANClsgICA0My4yODYwMDFdIHIzIDogYjQwN2MzODAgIHIyIDogMDAwMDAzZTggIHIxIDogMDAwMDAwMDEgIHIwIDogMDAwMDAwMDANClsgICA0My4yOTUyNjldIEZsYWdzOiBOemN2ICBJUlFzIG9uICBGSVFzIG9uICBNb2RlIFNWQ18zMiAgSVNBIEFSTSAgU2VnbWVudCB1c2VyDQpbICAgNDMuMzA1MTQ3XSBDb250cm9sOiAxMGM1MzgzZCAgVGFibGU6IDM0MTYwMDZhICBEQUM6IDAwMDAwMDU1DQpbICAgNDMuMzEzNjY4XSBQcm9jZXNzIHRyeW1lIChwaWQ6IDQzOCwgc3RhY2sgbGltaXQgPSAweDY5ZTBiMDMwKQ0KWyAgIDQzLjMyMjI2N10gU3RhY2s6ICgweGI1YmRkZjYwIHRvIDB4YjViZGUwMDApDQpbICAgNDMuMzI5MzI0XSBkZjYwOiAwMDAwMDAwMyBiNDA3YzM4MCAwMDAwMDAxMCAwMDAwMDAwMCAwMDAwMDAwMCAwMDAwMDAwMCAwMDAwMDBkMCA4MDEwMTFjNA0KWyAgIDQzLjM0Mjg1OV0gZGY4MDogYjViZGMwMDAgMDAwMDAwZDAgYjViZGRmYTQgYjViZGRmOTggODAxMzUxYjAgODAxMzRmYjAgMDAwMDAwMDAgYjViZGRmYTgNClsgICA0My4zNTY0MDldIGRmYTA6IDgwMTAxMDAwIDgwMTM1MWE0IDAwMDAwMDAwIDAwMDAwMDAwIDAwMDAwMDAwIDAwMDAwMDAwIDAwMDAwMDAwIDAwMDAwMDAwDQpbICAgNDMuMzY5OTU2XSBkZmMwOiAwMDAwMDAwMCAwMDAwMDAwMCAwMDAwMDAwMCAwMDAwMDBkMCAwMDAwMDAwMCAwMDAwMDAwMCAwMDAwMDAwMCA3ZWY2N2JjNA0KWyAgIDQzLjM4MzU4N10gZGZlMDogNzZlYTY2OTQgN2VmNjdiNzggMDAwMTA5NDAgMDAwMTA3MzggMDAwMDAwMTAgMDAwMDAwMDAgMDAwMDAwMDAgMDAwMDAwMDANClsgICA0My4zOTc1MjRdIFs8ODAxNDUwYzg+XSAoY29tbWl0X2NyZWRzKSBmcm9tIFs8ODAxMzUxYjA+XSAoc3lzX3NldHJlc3VpZCsweDE4LzB4MWMpDQpbICAgNDMuNDExMjM4XSBbPDgwMTM1MWIwPl0gKHN5c19zZXRyZXN1aWQpIGZyb20gWzw4MDEwMTAwMD5dIChyZXRfZmFzdF9zeXNjYWxsKzB4MC8weDI4KQ0KWyAgIDQzLjQyNTQ0NV0gRXhjZXB0aW9uIHN0YWNrKDB4YjViZGRmYTggdG8gMHhiNWJkZGZmMCkNClsgICA0My40MzM3OTddIGRmYTA6ICAgICAgICAgICAgICAgICAgIDAwMDAwMDAwIDAwMDAwMDAwIDAwMDAwMDAwIDAwMDAwMDAwIDAwMDAwMDAwIDAwMDAwMDAwDQpbICAgNDMuNDQ4NjQ4XSBkZmMwOiAwMDAwMDAwMCAwMDAwMDAwMCAwMDAwMDAwMCAwMDAwMDBkMCAwMDAwMDAwMCAwMDAwMDAwMCAwMDAwMDAwMCA3ZWY2N2JjNA0KWyAgIDQzLjQ2MzU3M10gZGZlMDogNzZlYTY2OTQgN2VmNjdiNzggMDAwMTA5NDAgMDAwMTA3MzgNClsgICA0My40NzIwNjRdIENvZGU6IGUxNWMwMDAzIDBhMDAwMDUwIGU1OTYwMzI4IGUzNTAwMDAwICgwYTAwMDAwMykgDQoNDQoHTWVzc2FnZSBmcm9tIHN5c2xvZ2RAcmFbICAgNDMuNDgxNjk3XSAtLS1bIGVuZCB0cmFjZSA5M2M5Mjk0MWM0MzAwNTMwIF0tLS0NCnNwYmVycnlwaSBhdCBTZXAgMjYgMDU6MjU6MTAgLi4uDQ0KIGtlcm5lbDpbICAgNDMuMzEzNjY4XSBQcm9jZXNzIHRyeW1lIChwaWQ6IDQzOCwgc3RhY2sgbGltaXQgPSAweDY5ZTBiMDMwKQ0KDQ0NCgdNZXNzYWdlIGZyb20gc3lzbG9nZEByYXNwYmVycnlwaSBhdCBTZXAgMjYgMDU6MjU6MTAgLi4uDQ0KIGtlcm5lbDpbICAgNDMuMzIyMjY3XSBTdGFjazogKDB4YjViZGRmNjAgdG8gMHhiNWJkZTAwMCkNCg0NDQoHTWVzc2FnZSBmcm9tIHN5c2xvZ2RAcmFzcGJlcnJ5cGkgYXQgU2VwIDI2IDA1OjI1OjEwIC4uLg0NCiBrZXJuZWw6WyAgIDQzLjMyOTMyNF0gZGY2MDogMDAwMDAwMDMgYjQwN2MzODAgMDAwMDAwMTAgMDAwMDAwMDAgMDAwMDAwMDAgMDAwMDAwMDAgMDAwMDAwZDAgODAxMDExYzQNCg0NDQoHTWVzc2FnZSBmcm9tIHN5c2xvZ2RAcmFzcGJlcnJ5cGkgYXQgU2VwIDI2IDA1OjI1OjEwIC4uLg0NCiBrZXJuZWw6WyAgIDQzLjM0Mjg1OV0gZGY4MDogYjViZGMwMDAgMDAwMDAwZDAgYjViZGRmYTQgYjViZGRmOTggODAxMzUxYjAgODAxMzRmYjAgMDAwMDAwMDAgYjViZGRmYTgNCg0NDQoHTWVzc2FnZSBmcm9tIHN5c2xvZ2RAcmFzcGJlcnJ5cGkgYXQgU2VwIDI2IDA1OjI1OjEwIC4uLg0NCiBrZXJuZWw6WyAgIDQzLjM1NjQwOV0gZGZhMDogODAxMDEwMDAgODAxMzUxYTQgMDAwMDAwMDAgMDAwMDAwMDAgMDAwMDAwMDAgMDAwMDAwMDAgMDAwMDAwMDAgMDAwMDAwMDANCg0NDQoHTWVzc2FnZSBmcm9tIHN5c2xvZ2RAcmFzcGJlcnJ5cGkgYXQgU2VwIDI2IDA1OjI1OjEwIC4uLg0NCiBrZXJuZWw6WyAgIDQzLjM2OTk1Nl0gZGZjMDogMDAwMDAwMDAgMDAwMDAwMDAgMDAwMDAwMDAgMDAwMDAwZDAgMDAwMDAwMDAgMDAwMDAwMDAgMDAwMDAwMDAgN2VmNjdiYzQNCg0NDQoHTWVzc2FnZSBmcm9tIHN5c2xvZ2RAcmFzcGJlcnJ5cGkgYXQgU2VwIDI2IDA1OjI1OjEwIC4uLg0NCiBrZXJuZWw6WyAgIDQzLjM4MzU4N10gZGZlMDogNzZlYTY2OTQgN2VmNjdiNzggMDAwMTA5NDAgMDAwMTA3MzggMDAwMDAwMTAgMDAwMDAwMDAgMDAwMDAwMDAgMDAwMDAwMDANCg0NDQoHTWVzc2FnZSBmcm9tIHN5c2xvZ2RAcmFzcGJlcnJ5cGkgYXQgU2VwIDI2IDA1OjI1OjEwIC4uLg0NCiBrZXJuZWw6WyAgIDQzLjQ3MjA2NF0gQ29kZTogZTE1YzAwMDMgMGEwMDAwNTAgZTU5NjAzMjggZTM1MDAwMDAgKDBhMDAwMDAzKSANCg0='
179,145,b'IC4vdHJ5bWUNCjYyNTAwMDANCmdyaToxMDAwLzEwMDAvMTAwMHBpQHJhc3BiZXJyeXBpOn4kIA=='
179,144,b'Li90cnltZQ0KNjI1MDAwMA0KZ3JpOjEwMDAvMTAwMC8xMDAwcGlAcmFzcGJlcnJ5cGk6fiQg'
179,152,b'Li90cnltZQ0KNjI1MDAwMA0KZ3JpOjEwMDAvMTAwMC8xMDAwcGlAcmFzcGJlcnJ5cGk6fiQg'
179,151,b'Li90cnltZQ0KWyAgIDQzLjI2NDEyOV0gVW5hYmxlIHRvIGhhbmRsZSBrZXJuZWwgTlVMTCBwb2ludGVyIGRlcmVmZXJlbmNlIGF0IHZpcnR1YWwgYWRkcmVzcyAwMDAwMDAwMA0KWyAgIDQzLjI3NDE3Ml0gcGdkID0gNTY2NjgyYTENClsgICA0My4yNzc3OTRdIFswMDAwMDAwMF0gKnBnZD0wMDAwMDAwMA0KWyAgIDQzLjI4MjMwNV0gSW50ZXJuYWwgZXJyb3I6IE9vcHM6IDgwMDAwMDA3IFsjMV0gU01QIEFSTQ0KWyAgIDQzLjI4ODQ4N10gTW9kdWxlcyBsaW5rZWQgaW46IGJuZXAgaGNpX3VhcnQgYnRiY20gc2VyZGV2IGJsdWV0b290aCBlY2RoX2dlbmVyaWMgc2hhMjU2X2dlbmVyaWMgY2ZnODAyMTEgcmZraWxsIDgwMjFxIGdhcnAgc3RwIGxsYyBzbmRfYmNtMjgzNShDKSBzbmRfcGNtIGJjbTI4MzVfY29kZWMoQykgYmNtMjgzNV92NGwyKEMpIHJhc3BiZXJyeXBpX2h3bW9uIHY0bDJfbWVtMm1lbSBod21vbiBzbmRfdGltZXIgYmNtMjgzNV9tbWFsX3ZjaGlxKEMpIHNuZCB2aWRlb2J1ZjJfZG1hX2NvbnRpZyB2NGwyX2NvbW1vbiB2aWRlb2J1ZjJfdm1hbGxvYyB2aWRlb2J1ZjJfbWVtb3BzIHZpZGVvYnVmMl92NGwyIHZpZGVvYnVmMl9jb21tb24gdmlkZW9kZXYgbWVkaWEgdmNfc21fY21hKEMpIGZpeGVkIHVpb19wZHJ2X2dlbmlycSB1aW8gaXBfdGFibGVzIHhfdGFibGVzIGlwdjYNClsgICA0My4zMzM3MDZdIENQVTogMSBQSUQ6IDAgQ29tbTogc3dhcHBlci8xIFRhaW50ZWQ6IEcgICAgICAgICBDICAgICAgICA0LjE5Ljc1LXY3KyAjMTI3MA0KWyAgIDQzLjM0NDE2NV0gSGFyZHdhcmUgbmFtZTogQkNNMjgzNQ0KWyAgIDQzLjM0ODgwOF0gUEMgaXMgYXQgICAobnVsbCkNClsgICA0My4zNTI5ODNdIExSIGlzIGF0IGFyY2hfY3B1X2lkbGVfZXhpdCsweDFjLzB4MjANClsgICA0My4zNTg5MTBdIHBjIDogWzwwMDAwMDAwMD5dICAgIGxyIDogWzw4MDEwOWFmOD5dICAgIHBzcjogODAwMDAwMTMNClsgICA0My4zNjY0MzddIHNwIDogYjlkNGRmNzAgIGlwIDogYjlkNGRmOTggIGZwIDogYjlkNGRmOTQNClsgICA0My4zNzI5MTJdIHIxMDogMDAwMDAwMDAgIHI5IDogNDEwZmQwMzQgIHI4IDogODBkOGVkM2UNClsgICA0My4zNzkzOTBdIHI3IDogYmEzNjI0NzAgIHI2IDogODBkMDRkYjggIHI1IDogYjlkNGMwMDAgIHI0IDogODBkMDRkNzANClsgICA0My4zODcxODhdIHIzIDogODBjOTQ0NzAgIHIyIDogMzk2Y2UwMDAgIHIxIDogMDAwMDAwMDAgIHIwIDogMDAwMDAwMDENClsgICA0My4zOTQ5NTBdIEZsYWdzOiBOemN2ICBJUlFzIG9uICBGSVFzIG9uICBNb2RlIFNWQ18zMiAgSVNBIEFSTSAgU2VnbWVudCB1c2VyDQpbICAgNDMuNDAzMzI3XSBDb250cm9sOiAxMGM1MzgzZCAgVGFibGU6IDM0NGVjMDZhICBEQUM6IDAwMDAwMDU1DQpbICAgNDMuNDEwMzE3XSBQcm9jZXNzIHN3YXBwZXIvMSAocGlkOiAwLCBzdGFjayBsaW1pdCA9IDB4ZmU2ZjgxZTQpDQpbICAgNDMuNDE3NTk1XSBTdGFjazogKDB4YjlkNGRmNzAgdG8gMHhiOWQ0ZTAwMCkNClsgICA0My40MjMxOTFdIGRmNjA6ICAgICAgICAgICAgICAgICAgICAgICAgICAgICAgICAgICAgIDAwMDAwMDAwIDgwZDA0ZDcwIGI5ZDRjMDAwIDgwZDA0ZGI4DQpbICAgNDMuNDMzNzg5XSBkZjgwOiAwMDAwMDAwMiA4MGQ4ZWQzZSBiOWQ0ZGZhNCBiOWQ0ZGY5OCA4MDEwOWFmOCA4MDZhYjdiNCBiOWQ0ZGZjYyBiOWQ0ZGZhOA0KWyAgIDQzLjQ0NDM1Ml0gZGZhMDogODAxNTI2ZWMgODAxMDlhZTggODBjOGMyNGMgMDAwMDAwODcgMDAwMDAwMDEgMTBjMDM4N2QgODBkOWQ5MzggMDAwMDQwNmENClsgICA0My40NTQ5MTNdIGRmYzA6IGI5ZDRkZmRjIGI5ZDRkZmQwIDgwMTUyYTI4IDgwMTUyNWY4IGI5ZDRkZmY0IGI5ZDRkZmUwIDgwMTBmZGU4IDgwMTUyYTBjDQpbICAgNDMuNDY1NTEwXSBkZmUwOiAzOWQzODA2YSAwMDAwMDA1NSAwMDAwMDAwMCBiOWQ0ZGZmOCAwMDEwMjcwYyA4MDEwZmNjMCAwMDAwMDAwMCAwMDAwMDAwMA0KWyAgIDQzLjQ3NjI0OV0gQ29kZTogYmFkIFBDIHZhbHVlDQpbICAgNDMuNDgwNjAxXSAtLS1bIGVuZCB0cmFjZSA5MWUzYzVkMzdhNmVmMzBlIF0tLS0NClsgICA0My40ODY1MjRdIEtlcm5lbCBwYW5pYyAtIG5vdCBzeW5jaW5nOiBBdHRlbXB0ZWQgdG8ga2lsbCB0aGUgaWRsZSB0YXNrIQ0KWyAgIDQzLjQ5NDU4NF0gQ1BVMjogc3RvcHBpbmcNClsgICA0My40OTg1NjJdIENQVTogMiBQSUQ6IDAgQ29tbTogc3dhcHBlci8yIFRhaW50ZWQ6IEcgICAgICBEICBDICAgICAgICA0LjE5Ljc1LXY3KyAjMTI3MA0KWyAgIDQzLjUwOTE5M10gSGFyZHdhcmUgbmFtZTogQkNNMjgzNQ0KWyAgIDQzLjUxMzg4MF0gWzw4MDExMWZjYz5dICh1bndpbmRfYmFja3RyYWNlKSBmcm9tIFs8ODAxMGQ1NDQ+XSAoc2hvd19zdGFjaysweDIwLzB4MjQpDQpbICAgNDMuNTI0MjQyXSBbPDgwMTBkNTQ0Pl0gKHNob3dfc3RhY2spIGZyb20gWzw4MDgxOWJjMD5dIChkdW1wX3N0YWNrKzB4ZDQvMHgxMTgpDQpbICAgNDMuNTMyOTgxXSBbPDgwODE5YmMwPl0gKGR1bXBfc3RhY2spIGZyb20gWzw4MDExMDNlND5dIChoYW5kbGVfSVBJKzB4Mzg4LzB4M2E4KQ0KWyAgIDQzLjU0MzA0N10gWzw4MDExMDNlND5dIChoYW5kbGVfSVBJKSBmcm9tIFs8ODAxMDIxZjQ+XSAoYmNtMjgzNl9hcm1faXJxY2hpcF9oYW5kbGVfaXJxKzB4YTAvMHhhNCkNClsgICA0My41NTQ3NDVdIFs8ODAxMDIxZjQ+XSAoYmNtMjgzNl9hcm1faXJxY2hpcF9oYW5kbGVfaXJxKSBmcm9tIFs8ODAxMDE5YmM+XSAoX19pcnFfc3ZjKzB4NWMvMHg3YykNClsgICA0My41NjYzNTddIEV4Y2VwdGlvbiBzdGFjaygweGI5ZDRmZjM4IHRvIDB4YjlkNGZmODApDQpbICAgNDMuNTcyNzcyXSBmZjIwOiAgICAgICAgICAgICAgICAgICAgICAgICAgICAgICAgICAgICAgICAgICAgICAgICAgICAgICA4MDEwOWE4NCAwMDAwMDAwMA0KWyAgIDQzLjU4MzU0Nl0gZmY0MDogNDAwMDAwOTMgNDAwMDAwOTMgODBkMDRkNzAgYjlkNGUwMDAgODBkMDRkYjggMDAwMDAwMDQgODBkOGVkM2UgNDEwZmQwMzQNClsgICA0My41OTQzMTVdIGZmNjA6IDAwMDAwMDAwIGI5ZDRmZjk0IDgwZDA1MTdjIGI5ZDRmZjg4IDAwMDAwMDAwIDgwMTA5YTg4IDQwMDAwMDEzIGZmZmZmZmZmDQpbICAgNDMuNjA1MjA3XSBbPDgwMTAxOWJjPl0gKF9faXJxX3N2YykgZnJvbSBbPDgwMTA5YTg4Pl0gKGFyY2hfY3B1X2lkbGUrMHgzNC8weDRjKQ0KWyAgIDQzLjYxNTM2OF0gWzw4MDEwOWE4OD5dIChhcmNoX2NwdV9pZGxlKSBmcm9tIFs8ODA4MzZjMWM+XSAoZGVmYXVsdF9pZGxlX2NhbGwrMHgzNC8weDQ4KQ0KWyAgIDQzLjYyNjMyN10gWzw4MDgzNmMxYz5dIChkZWZhdWx0X2lkbGVfY2FsbCkgZnJvbSBbPDgwMTUyNmQ4Pl0gKGRvX2lkbGUrMHhlYy8weDE3YykNClsgICA0My42MzY4OTNdIFs8ODAxNTI2ZDg+XSAoZG9faWRsZSkgZnJvbSBbPDgwMTUyYTI4Pl0gKGNwdV9zdGFydHVwX2VudHJ5KzB4MjgvMHgyYykNClsgICA0My42NDc0MDNdIFs8ODAxNTJhMjg+XSAoY3B1X3N0YXJ0dXBfZW50cnkpIGZyb20gWzw4MDEwZmRlOD5dIChzZWNvbmRhcnlfc3RhcnRfa2VybmVsKzB4MTM0LzB4MTQwKQ0KWyAgIDQzLjY1OTQ2NF0gWzw4MDEwZmRlOD5dIChzZWNvbmRhcnlfc3RhcnRfa2VybmVsKSBmcm9tIFs8MDAxMDI3MGM+XSAoMHgxMDI3MGMpDQpbICAgNDMuNjY4MjU3XSBDUFUzOiBzdG9wcGluZw0KWyAgIDQzLjY3MjQxOF0gQ1BVOiAzIFBJRDogMCBDb21tOiBzd2FwcGVyLzMgVGFpbnRlZDogRyAgICAgIEQgIEMgICAgICAgIDQuMTkuNzUtdjcrICMxMjcwDQpbICAgNDMuNjgzMzUyXSBIYXJkd2FyZSBuYW1lOiBCQ00yODM1DQpbICAgNDMuNjg4MTk0XSBbPDgwMTExZmNjPl0gKHVud2luZF9iYWNrdHJhY2UpIGZyb20gWzw4MDEwZDU0ND5dIChzaG93X3N0YWNrKzB4MjAvMHgyNCkNClsgICA0My42OTg5MjBdIFs8ODAxMGQ1NDQ+XSAoc2hvd19zdGFjaykgZnJvbSBbPDgwODE5YmMwPl0gKGR1bXBfc3RhY2srMHhkNC8weDExOCkNClsgICA0My43MDc4MTBdIFs8ODA4MTliYzA+XSAo'
179,140,b'IC4vdHJ5bWUNCjYyNTAwMDANCmdyaToxMDAwLzEwMDAvMTAwMHBpQHJhc3BiZXJyeXBpOn4kIA=='
179,152,b'Li90cnltZQ0KNjI1MDAwMA0KZ3JpOjEwMDAvMTAwMC8xMDAwcGlAcmFzcGJlcnJ5cGk6fiQg'
179,143,b'Li90cnltZQ0KNjI1MDAwMA0KZ3JpOjEwMDAvMTAwMC8xMDAwcGlAcmFzcGJlcnJ5cGk6fiQg'
179,135,b'Li90cnltZQ0KNjI1MDAwMA0KZ3JpOjEwMDAvMTAwMC8xMDAwcGlAcmFzcGJlcnJ5cGk6fiQg'
179,143,b'Li90cnltZQ0KNjI1MDAwMA0KZ3JpOjEwMDAvMTAwMC8xMDAwcGlAcmFzcGJlcnJ5cGk6fiQg'
179,151,b'Li90cnltZQ0KNjI1MDAwMA0KZ3JpOjEwMDAvMTAwMC8xMDAwcGlAcmFzcGJlcnJ5cGk6fiQg'
179,136,b'Li90cnltZQ0KNjI1MDAwMA0KZ3JpOjEwMDAvMTAwMC8xMDAwcGlAcmFzcGJlcnJ5cGk6fiQg'
179,139,b'Li90cnltZQ0KWyAgIDQ1LjIzNDA2N10gVW5hYmxlIHRvIGhhbmRsZSBrZXJuZWwgcGFnaW5nIHJlcXVlc3QgYXQgdmlydHVhbCBhZGRyZXNzIDU1NTU1ODFkDQpbICAgNDUuMjQyNDMyXSBwZ2QgPSBmNmUzZmFmNw0KWyAgIDQ1LjI0NjA0Nl0gWzU1NTU1ODFkXSAqcGdkPTAwMDAwMDAwDQpbICAgNDUuMjUwNTMwXSBJbnRlcm5hbCBlcnJvcjogT29wczogNSBbIzFdIFNNUCBBUk0NClsgICA0NS4yNTYwODZdIE1vZHVsZXMgbGlua2VkIGluOiBibmVwIGhjaV91YXJ0IGJ0YmNtIHNlcmRldiBibHVldG9vdGggZWNkaF9nZW5lcmljIHNoYTI1Nl9nZW5lcmljIGNmZzgwMjExIHJma2lsbCA4MDIxcSBnYXJwIHN0cCBsbGMgcmFzcGJlcnJ5cGlfaHdtb24gaHdtb24gc25kX2JjbTI4MzUoQykgc25kX3BjbSBzbmRfdGltZXIgYmNtMjgzNV9jb2RlYyhDKSBzbmQgdjRsMl9tZW0ybWVtIGJjbTI4MzVfdjRsMihDKSBiY20yODM1X21tYWxfdmNoaXEoQykgdmlkZW9idWYyX2RtYV9jb250aWcgdjRsMl9jb21tb24gdmlkZW9idWYyX3ZtYWxsb2MgdmlkZW9idWYyX21lbW9wcyB2aWRlb2J1ZjJfdjRsMiB2aWRlb2J1ZjJfY29tbW9uIHZpZGVvZGV2IG1lZGlhIHZjX3NtX2NtYShDKSBmaXhlZCB1aW9fcGRydl9nZW5pcnEgdWlvIGlwX3RhYmxlcyB4X3RhYmxlcyBpcHY2DQpbICAgNDUuMzAxMjA0XSBDUFU6IDIgUElEOiA0NDUgQ29tbTogdHJ5bWUgVGFpbnRlZDogRyAgICAgICAgIEMgICAgICAgIDQuMTkuNzUtdjcrICMxMjcwDQpbICAgNDUuMzExNDMxXSBIYXJkd2FyZSBuYW1lOiBCQ00yODM1DQpbICAgNDUuMzE2MDU0XSBQQyBpcyBhdCBjYXBfY2FwYWJsZSsweDJjLzB4OGMNClsgICA0NS4zMjEzOTJdIExSIGlzIGF0ICAgKG51bGwpDQpbICAgNDUuMzI1NTQyXSBwYyA6IFs8ODA0YTE2ODQ+XSAgICBsciA6IFs8MDAwMDAwMDA+XSAgICBwc3I6IDMwMDAwMDEzDQpbICAgNDUuMzMzMDcwXSBzcCA6IGIzOGRmZjMwICBpcCA6IGIzOGRmZjQwICBmcCA6IGIzOGRmZjNjDQpbICAgNDUuMzM5NTI3XSByMTA6IDAwMDAwMDAwICByOSA6IDAwMDAwMDAwICByOCA6IDAwMDAwMDAwDQpbICAgNDUuMzQ1OTg1XSByNyA6IDAwMDAwMDAwICByNiA6IDAwMDAwMDAwICByNSA6IDAwMDAwMDAwICByNCA6IGIzODc4NTAwDQpbICAgNDUuMzUzNzY4XSByMyA6IDU1NTU1NzU1ICByMiA6IDAwMDAwMDA3ICByMSA6IDgwZDBkNjQwICByMCA6IGEwMDEwNDAwDQpbICAgNDUuMzYxNTI1XSBGbGFnczogbnpDViAgSVJRcyBvbiAgRklRcyBvbiAgTW9kZSBTVkNfMzIgIElTQSBBUk0gIFNlZ21lbnQgdXNlcg0KWyAgIDQ1LjM2OTg5NV0gQ29udHJvbDogMTBjNTM4M2QgIFRhYmxlOiAzMzkyNDA2YSAgREFDOiAwMDAwMDA1NQ0KWyAgIDQ1LjM3NjgzOV0gUHJvY2VzcyB0cnltZSAocGlkOiA0NDUsIHN0YWNrIGxpbWl0ID0gMHhlMGE3NmRkNSkNClsgICA0NS4zODM4OTNdIFN0YWNrOiAoMHhiMzhkZmYzMCB0byAweGIzOGUwMDAwKQ0KWyAgIDQ1LjM4OTQ0OF0gZmYyMDogICAgICAgICAgICAgICAgICAgICAgICAgICAgICAgICAgICAgYjM4ZGZmNGMgYjM4ZGZmNDAgODAxMmIzY2MgODA0YTE2NjQNClsgICA0NS4zOTk5NjddIGZmNDA6IGIzOGRmZjVjIGIzOGRmZjUwIDgwMTJiM2ZjIDgwMTJiMzNjIGIzOGRmZjk0IGIzOGRmZjYwIDgwMTM1MDcwIDgwMTJiM2VjDQpbICAgNDUuNDEwNDQ3XSBmZjYwOiAwMDAwMDAwMyBiMzg3ODQ4MCAwMDAwMDAxMCAwMDAwMDAwMCAwMDAwMDAwMCAwMDAwMDAwMCAwMDAwMDBkMCA4MDEwMTFjNA0KWyAgIDQ1LjQyMDkyNV0gZmY4MDogYjM4ZGUwMDAgMDAwMDAwZDAgYjM4ZGZmYTQgYjM4ZGZmOTggODAxMzUxYjAgODAxMzRmYjAgMDAwMDAwMDAgYjM4ZGZmYTgNClsgICA0NS40MzE0NDBdIGZmYTA6IDgwMTAxMDAwIDgwMTM1MWE0IDAwMDAwMDAwIDAwMDAwMDAwIDAwMDAwMDAwIDAwMDAwMDAwIDAwMDAwMDAwIDAwMDAwMDAwDQpbICAgNDUuNDQyMDgxXSBmZmMwOiAwMDAwMDAwMCAwMDAwMDAwMCAwMDAwMDAwMCAwMDAwMDBkMCAwMDAwMDAwMCAwMDAwMDAwMCAwMDAwMDAwMCA3ZWI1NWJjNA0KWyAgIDQ1LjQ1Mjg3NF0gZmZlMDogNzZmMWY2OTQgN2ViNTViNzggMDAwMTA5NDAgMDAwMTA3MzggMDAwMDAwMTAgMDAwMDAwMDAgMDAwMDAwMDAgMDAwMDAwMDANClsgICA0NS40NjM3NzNdIFs8ODA0YTE2ODQ+XSAoY2FwX2NhcGFibGUpIGZyb20gWzw4MDEyYjNjYz5dIChuc19jYXBhYmxlX2NvbW1vbisweDljLzB4YjApDQpbICAgNDUuNDc0NTc0XSBbPDgwMTJiM2NjPl0gKG5zX2NhcGFibGVfY29tbW9uKSBmcm9tIFs8ODAxMmIzZmM+XSAobnNfY2FwYWJsZSsweDFjLzB4MjApDQpbICAgNDUuNDg1MzU3XSBbPDgwMTJiM2ZjPl0gKG5zX2NhcGFibGUpIGZyb20gWzw4MDEzNTA3MD5dIChfX3N5c19zZXRyZXN1aWQrMHhjYy8weDFmNCkNClsgICA0NS40OTYxMzRdIFs8ODAxMzUwNzA+XSAoX19zeXNfc2V0cmVzdWlkKSBmcm9tIFs8ODAxMzUxYjA+XSAoc3lzX3NldHJlc3VpZCsweDE4LzB4MWMpDQpbICAgNDUuNTA3MTg1XSBbPDgwMTM1MWIwPl0gKHN5c19zZXRyZXN1aWQpIGZyb20gWzw4MDEwMTAwMD5dIChyZXRfZmFzdF9zeXNjYWxsKzB4MC8weDI4KQ0KWyAgIDQ1LjUyMjI2MV0gRXhjZXB0aW9uIHN0YWNrKDB4YjM4ZGZmYTggdG8gMHhiMzhkZmZmMCkNClsgICA0NS41MzA4OTNdIGZmYTA6ICAgICAgICAgICAgICAgICAgIDAwMDAwMDAwIDAwMDAwMDAwIDAwMDAwMDAwIDAwMDAwMDAwIDAwMDAwMDAwIDAwMDAwMDAwDQpbICAgNDUuNTQ2MDgxXSBmZmMwOiAwMDAwMDAwMCAwMDAwMDAwMCAwMDAwMDAwMCAwMDAwMDBkMCAwMDAwMDAwMCAwMDAwMDAwMCAwMDAwMDAwMCA3ZWI1NWJjNA0KWyAgIDQ1LjU2MTIzMV0gZmZlMDogNzZmMWY2OTQgN2ViNTViNzggMDAwMTA5NDAgMDAwMTA3MzgNClsgICA0NS41Njk3NjJdIENvZGU6IGUxYTAxMDBjIGUxNTEwMDAzIDBhMDAwMDBkIGU1OTFlMGM4IChlNTkzYzBjOCkgDQoNDQoHTWVzc2FnZSBmcm9tIHN5c2xvZ2RAcmFzcGJlclsgICA0NS41NzkzOTNdIC0tLVsgZW5kIHRyYWNlIDYwMWJlMDJhZjE2ZWI1NjggXS0tLQ0KcnlwaSBhdCBTZXAgMjYgMDU6MjU6MTIgLi4uDQ0KIGtlcm5lbDpbICAgNDUuMjUwNTMwXSBJbnRlcm5hbCBlcnJvcjogT29wczogNSBbIzFdIFNNUCBBUk0NCg0NDQoHTWVzc2FnZSBmcm9tIHN5c2xvZ2RAcmFzcGJlcnJ5cGkgYXQgU2VwIDI2IDA1OjI1OjEyIC4uLg0NCiBrZXJuZWw6WyAgIDQ1LjM3NjgzOV0gUHJvY2VzcyB0cnltZSAocGlkOiA0NDUsIHN0YWNrIGxpbWl0ID0gMHhlMGE3NmRkNSkNCg0NDQoHTWVzc2FnZSBmcm9tIHN5c2xvZ2RAcmFzcGJlcnJ5cGkgYXQgU2VwIDI2IDA1OjI1OjEyIC4uLg0NCiBrZXJuZWw6WyAgIDQ1LjM4Mzg5M10gU3RhY2s6ICgweGIzOGRmZjMwIHRvIDB4YjM4ZTAwMDApDQoNDQ0KB01lc3NhZ2UgZnJvbSBzeXNsb2dkQHJhc3BiZXJyeXBpIGF0IFNlcCAyNiAwNToyNToxMiAuLi4NDQoga2VybmVsOlsgICA0NS4zODk0NDhdIGZmMjA6ICAgICAgICAgICAgICAgICAgICAgICAgICAgICAgICAgICAgIGIzOGRmZjRjIGIzOGRmZjQwIDgwMTJiM2NjIDgwNGExNjY0DQoNDQ0KB01lc3NhZ2UgZnJvbSBzeXNsb2dkQHJhc3BiZXJyeXBpIGF0IFNlcCAyNiAwNToyNToxMiAuLi4NDQoga2VybmVsOlsgICA0NS4zOTk5NjddIGZmNDA6IGIzOGRmZjVjIGIzOGRmZjUwIDgwMTJiM2ZjIDgwMTJiMzNjIGIzOGRmZjk0IGIzOGRmZjYwIDgwMTM1MDcwIDgwMTJiM2VjDQoNDQ0KB01lc3NhZ2UgZnJvbSBzeXNsb2dkQHJhc3BiZXJyeXBpIGF0IFNlcCAyNiAwNToyNToxMiAuLi4NDQoga2VybmVsOlsgICA0NS40MTA0NDddIGZmNjA6IDAwMDAwMDAzIGIzODc4NDgwIDAwMDAwMDEwIDAwMDAwMDAwIDAwMDAwMDAwIDAwMDAwMDAwIDAwMDAwMGQwIDgwMTAxMWM0DQoNDQ0KB01lc3NhZ2UgZnJvbSBzeXNsb2dkQHJhc3BiZXJyeXBpIGF0IFNlcCAyNiAwNToyNToxMiAuLi4NDQoga2VybmVsOlsgICA0NS40MjA5MjVdIGY='
179,149,b'IC4vdHJ5bWUNCjYyNTAwMDANCmdyaToxMDAwLzEwMDAvMTAwMHBpQHJhc3BiZXJyeXBpOn4kIA=='
179,135,b'Li90cnltZQ0KWyAgIDQyLjE3NDEyNl0gVW5hYmxlIHRvIGhhbmRsZSBrZXJuZWwgcGFnaW5nIHJlcXVlc3QgYXQgdmlydHVhbCBhZGRyZXNzIDU1NTc1NWM1DQpbICAgNDIuMTgyNDg4XSBwZ2QgPSBhNjMwMzc4Yw0KWyAgIDQyLjE4NjEwMF0gWzU1NTc1NWM1XSAqcGdkPTAwMDAwMDAwDQpbICAgNDIuMTkwNTg1XSBJbnRlcm5hbCBlcnJvcjogT29wczogNSBbIzFdIFNNUCBBUk0NClsgICA0Mi4xOTYxMzldIE1vZHVsZXMgbGlua2VkIGluOiBibmVwIGhjaV91YXJ0IGJ0YmNtIHNlcmRldiBibHVldG9vdGggZWNkaF9nZW5lcmljIHNoYTI1Nl9nZW5lcmljIGNmZzgwMjExIHJma2lsbCA4MDIxcSBnYXJwIHN0cCBsbGMgcmFzcGJlcnJ5cGlfaHdtb24gaHdtb24gc25kX2JjbTI4MzUoQykgc25kX3BjbSBiY20yODM1X2NvZGVjKEMpIHNuZF90aW1lciBiY20yODM1X3Y0bDIoQykgc25kIHY0bDJfbWVtMm1lbSBiY20yODM1X21tYWxfdmNoaXEoQykgdjRsMl9jb21tb24gdmlkZW9idWYyX2RtYV9jb250aWcgdmlkZW9idWYyX3ZtYWxsb2MgdmlkZW9idWYyX21lbW9wcyB2aWRlb2J1ZjJfdjRsMiB2aWRlb2J1ZjJfY29tbW9uIHZjX3NtX2NtYShDKSB2aWRlb2RldiBtZWRpYSBmaXhlZCB1aW9fcGRydl9nZW5pcnEgdWlvIGlwX3RhYmxlcyB4X3RhYmxlcyBpcHY2DQpbICAgNDIuMjQxMjY1XSBDUFU6IDAgUElEOiA0MzkgQ29tbTogdHJ5bWUgVGFpbnRlZDogRyAgICAgICAgIEMgICAgICAgIDQuMTkuNzUtdjcrICMxMjcwDQpbICAgNDIuMjUxNDk2XSBIYXJkd2FyZSBuYW1lOiBCQ00yODM1DQpbICAgNDIuMjU2MTIyXSBQQyBpcyBhdCBjYXBfY2FwYWJsZSsweDE0LzB4OGMNClsgICA0Mi4yNjE0NjZdIExSIGlzIGF0IG5zX2NhcGFibGVfY29tbW9uKzB4OWMvMHhiMA0KWyAgIDQyLjI2NzMxOF0gcGMgOiBbPDgwNGExNjZjPl0gICAgbHIgOiBbPDgwMTJiM2NjPl0gICAgcHNyOiAyMDAwMDAxMw0KWyAgIDQyLjI3NDg1N10gc3AgOiBiNDQ2MWYzMCAgaXAgOiBiNDQ2MWY0MCAgZnAgOiBiNDQ2MWYzYw0KWyAgIDQyLjI4MTMyNl0gcjEwOiAwMDAwMDAwMCAgcjkgOiAwMDAwMDAwMCAgcjggOiAwMDAwMDAwMA0KWyAgIDQyLjI4Nzc5OF0gcjcgOiAwMDAwMDAwMCAgcjYgOiAwMDAwMDAwMCAgcjUgOiAwMDAwMDAwMCAgcjQgOiBiNmQ1NTEwMA0KWyAgIDQyLjI5NTU5NF0gcjMgOiAwMDAwMDAwMSAgcjIgOiAwMDAwMDAwNyAgcjEgOiA4MGQwZDY0MCAgcjAgOiA1NTU3NTU1ZA0KWyAgIDQyLjMwMzM1OF0gRmxhZ3M6IG56Q3YgIElSUXMgb24gIEZJUXMgb24gIE1vZGUgU1ZDXzMyICBJU0EgQVJNICBTZWdtZW50IHVzZXINClsgICA0Mi4zMTE3MzddIENvbnRyb2w6IDEwYzUzODNkICBUYWJsZTogMzQ1MDgwNmEgIERBQzogMDAwMDAwNTUNClsgICA0Mi4zMTg2OTBdIFByb2Nlc3MgdHJ5bWUgKHBpZDogNDM5LCBzdGFjayBsaW1pdCA9IDB4OGJiYTE4OWQpDQpbICAgNDIuMzI1NzU1XSBTdGFjazogKDB4YjQ0NjFmMzAgdG8gMHhiNDQ2MjAwMCkNClsgICA0Mi4zMzEzMTldIDFmMjA6ICAgICAgICAgICAgICAgICAgICAgICAgICAgICAgICAgICAgIGI0NDYxZjRjIGI0NDYxZjQwIDgwMTJiM2NjIDgwNGExNjY0DQpbICAgNDIuMzQxODYxXSAxZjQwOiBiNDQ2MWY1YyBiNDQ2MWY1MCA4MDEyYjNmYyA4MDEyYjMzYyBiNDQ2MWY5NCBiNDQ2MWY2MCA4MDEzNTA3MCA4MDEyYjNlYw0KWyAgIDQyLjM1MjM2MV0gMWY2MDogMDAwMDAwMDMgYjZkNTUwODAgMDAwMDAwMTAgMDAwMDAwMDAgMDAwMDAwMDAgMDAwMDAwMDAgMDAwMDAwZDAgODAxMDExYzQNClsgICA0Mi4zNjI4NTVdIDFmODA6IGI0NDYwMDAwIDAwMDAwMGQwIGI0NDYxZmE0IGI0NDYxZjk4IDgwMTM1MWIwIDgwMTM0ZmIwIDAwMDAwMDAwIGI0NDYxZmE4DQpbICAgNDIuMzczMzg1XSAxZmEwOiA4MDEwMTAwMCA4MDEzNTFhNCAwMDAwMDAwMCAwMDAwMDAwMCAwMDAwMDAwMCAwMDAwMDAwMCAwMDAwMDAwMCAwMDAwMDAwMA0KWyAgIDQyLjM4NDA0MV0gMWZjMDogMDAwMDAwMDAgMDAwMDAwMDAgMDAwMDAwMDAgMDAwMDAwZDAgMDAwMDAwMDAgMDAwMDAwMDAgMDAwMDAwMDAgN2VlYjBiYzQNClsgICA0Mi4zOTQ4MzJdIDFmZTA6IDc2ZjIxNjk0IDdlZWIwYjc4IDAwMDEwOTQwIDAwMDEwNzM4IDAwMDAwMDEwIDAwMDAwMDAwIDAwMDAwMDAwIDAwMDAwMDAwDQpbICAgNDIuNDA1NzIzXSBbPDgwNGExNjZjPl0gKGNhcF9jYXBhYmxlKSBmcm9tIFs8ODAxMmIzY2M+XSAobnNfY2FwYWJsZV9jb21tb24rMHg5Yy8weGIwKQ0KWyAgIDQyLjQxNjUyNF0gWzw4MDEyYjNjYz5dIChuc19jYXBhYmxlX2NvbW1vbikgZnJvbSBbPDgwMTJiM2ZjPl0gKG5zX2NhcGFibGUrMHgxYy8weDIwKQ0KWyAgIDQyLjQyNzMwOV0gWzw4MDEyYjNmYz5dIChuc19jYXBhYmxlKSBmcm9tIFs8ODAxMzUwNzA+XSAoX19zeXNfc2V0cmVzdWlkKzB4Y2MvMHgxZjQpDQpbICAgNDIuNDM4MDg0XSBbPDgwMTM1MDcwPl0gKF9fc3lzX3NldHJlc3VpZCkgZnJvbSBbPDgwMTM1MWIwPl0gKHN5c19zZXRyZXN1aWQrMHgxOC8weDFjKQ0KWyAgIDQyLjQ0OTEyMl0gWzw4MDEzNTFiMD5dIChzeXNfc2V0cmVzdWlkKSBmcm9tIFs8ODAxMDEwMDA+XSAocmV0X2Zhc3Rfc3lzY2FsbCsweDAvMHgyOCkNClsgICA0Mi40NjAxOTJdIEV4Y2VwdGlvbiBzdGFjaygweGI0NDYxZmE4IHRvIDB4YjQ0NjFmZjApDQpbICAgNDIuNDY2ODI4XSAxZmEwOiAgICAgICAgICAgICAgICAgICAwMDAwMDAwMCAwMDAwMDAwMCAwMDAwMDAwMCAwMDAwMDAwMCAwMDAwMDAwMCAwMDAwMDAwMA0KWyAgIDQyLjQ3ODA5OF0gMWZjMDogMDAwMDAwMDAgMDAwMDAwMDAgMDAwMDAwMDAgMDAwMDAwZDAgMDAwMDAwMDAgMDAwMDAwMDAgMDAwMDAwMDAgN2VlYjBiYzQNClsgICA0Mi40ODkzNTJdIDFmZTA6IDc2ZjIxNjk0IDdlZWIwYjc4IDAwMDEwOTQwIDAwMDEwNzM4DQpbICAgNDIuNDk1OTQ1XSBDb2RlOiBlOTJkZDgwMCBlMjRjYjAwNCBlNTJkZTAwNCBlOGJkNDAwMCAoZTU5MDMwNjgpIA0KWyAgIDQyLjUwMzY4M10gLS0tWyBlbmQgdHJhY2UgMmM1NDI5ZjQzMDQ0ZjlkMSBdLS0tDQoNDQoHTWVzc2FnZSBmcm9tIHN5c2xvZ2RAcmFzcGJlcnJ5cGkgYXQgU2VwIDI2IDA1OjI1OjA5IC4uLg0NCiBrZXJuZWw6WyAgIDQyLjE5MDU4NV0gSW50ZXJuYWwgZXJyb3I6IE9vcHM6IDUgWyMxXSBTTVAgQVJNDQoNDQ0KB01lc3NhZ2UgZnJvbSBzeXNsb2dkQHJhc3BiZXJyeXBpIGF0IFNlcCAyNiAwNToyNTowOSAuLi4NDQoga2VybmVsOlsgICA0Mi4zMTg2OTBdIFByb2Nlc3MgdHJ5bWUgKHBpZDogNDM5LCBzdGFjayBsaW1pdCA9IDB4OGJiYTE4OWQpDQoNDQ0KB01lc3NhZ2UgZnJvbSBzeXNsb2dkQHJhc3BiZXJyeXBpIGF0IFNlcCAyNiAwNToyNTowOSAuLi4NDQoga2VybmVsOlsgICA0Mi4zMjU3NTVdIFN0YWNrOiAoMHhiNDQ2MWYzMCB0byAweGI0NDYyMDAwKQ0KDQ0NCgdNZXNzYWdlIGZyb20gc3lzbG9nZEByYXNwYmVycnlwaSBhdCBTZXAgMjYgMDU6MjU6MDkgLi4uDQ0KIGtlcm5lbDpbICAgNDIuMzMxMzE5XSAxZjIwOiAgICAgICAgICAgICAgICAgICAgICAgICAgICAgICAgICAgICBiNDQ2MWY0YyBiNDQ2MWY0MCA4MDEyYjNjYyA4MDRhMTY2NA0KDQ0NCgdNZXNzYWdlIGZyb20gc3lzbG9nZEByYXNwYmVycnlwaSBhdCBTZXAgMjYgMDU6MjU6MDkgLi4uDQ0KIGtlcm5lbDpbICAgNDIuMzQxODYxXSAxZjQwOiBiNDQ2MWY1YyBiNDQ2MWY1MCA4MDEyYjNmYyA4MDEyYjMzYyBiNDQ2MWY5NCBiNDQ2MWY2MCA4MDEzNTA3MCA4MDEyYjNlYw0KDQ0NCgdNZXNzYWdlIGZyb20gc3lzbG9nZEByYXNwYmVycnlwaSBhdCBTZXAgMjYgMDU6MjU6MDkgLi4uDQ0KIGtlcm5lbDpbICAgNDIuMzUyMzYxXSAxZjYwOiAwMDAwMDAwMyBiNmQ1NTA4MCAwMDAwMDAxMCAwMDAwMDAwMCAwMDAwMDAwMCAwMDAwMDAwMCAwMDAwMDBkMCA4MDEwMTFjNA0KDQ0NCgdNZXNzYWdlIGZyb20gc3lzbG9nZEByYXNwYmVycnlwaSBhdCBTZXAgMjYgMDU6MjU6MDkgLi4uDQ0KIGtlcm5lbDpbICAgNDIuMzYyODU1XSAxZjgwOiBiNDQ2MDAwMCAwMDAwMDBkMCBiNDQ2MWZhNCBiNDQ2MWY5OCA4MDEzNTFiMCA4MDEzNGZiMCAwMDAwMDAwMCBiNDQ2MWZhOA0KDQ0NCgdNZXNzYWdlIGZyb20gc3lzbG9nZEByYXNwYmVycnlwaSBhdCBTZXAgMjYgMDU6MjU6MDkgLi4uDQ0KIGtlcm5lbDpbICAgNDIuMzczMzg1XSAxZmEwOiA4MDEwMTAwMCA4MDEzNTFhNCAwMDAwMDAwMCAwMDAwMDAwMCAwMDAwMDAwMCAwMDAwMDAwMCAwMDAwMDAwMCAwMDAwMDAwMA0KDQ0NCgdNZXNzYWdlIGZyb20gc3lzbG9nZEByYXNwYmVycnlwaSBhdCBTZXAgMjYgMDU6MjU6MDkgLi4uDQ0KIGtlcm5lbDpbICAgNDIuMzg0MDQxXSAxZmMwOiAwMDAwMDAwMCAwMDAwMDAwMCAwMDAwMDAwMCAwMDAwMDBkMCAwMDAwMDAwMCAwMDAwMDAwMCAwMDAwMDAwMCA3ZWViMGJjNA0KDQ0NCgdNZXNzYWdlIGZyb20gc3lzbG9nZEByYXNwYmVycnlwaSBhdCBTZXAgMjYgMDU6MjU6MDkgLi4uDQ0KIGtlcm5lbDpbICAgNDIuMzk0ODM='
179,140,b'IC4vdHJ5bWUNCjYyNTAwMDANCmdyaToxMDAwLzEwMDAvMTAwMHBpQHJhc3BiZXJyeXBpOn4kIA=='
179,144,b'Li90cnltZQ0KNjI1MDAwMA0KZ3JpOjEwMDAvMTAwMC8xMDAwcGlAcmFzcGJlcnJ5cGk6fiQg'
179,144,b'Li90cnltZQ0KNjI1MDAwMA0KZ3JpOjEwMDAvMTAwMC8xMDAwcGlAcmFzcGJlcnJ5cGk6fiQg'
179,146,b'Li90cnltZQ0KNjI1MDAwMA0KZ3JpOjEwMDAvMTAwMC8xMDAwcGlAcmFzcGJlcnJ5cGk6fiQg'
179,137,b'Li90cnltZQ0KNjI1MDAwMA0KZ3JpOjEwMDAvMTAwMC8xMDAwcGlAcmFzcGJlcnJ5cGk6fiQg'
179,151,b'Li90cnltZQ0KNjI1MDAwMA0KZ3JpOjEwMDAvMTAwMC8xMDAwcGlAcmFzcGJlcnJ5cGk6fiQg'
