179,202,b'Li90cnltZQ0KNjI1MDAwMA0KZ3JpOjEwMDAvMTAwMC8xMDAwcGlAcmFzcGJlcnJ5cGk6fiQg'
179,205,b'Li90cnltZQ0KNjI1MDAwMA0KZ3JpOjEwMDAvMTAwMC8xMDAwcGlAcmFzcGJlcnJ5cGk6fiQg'
179,172,b'Li90cnltZQ0KNjI1MDAwMA0KZ3JpOjEwMDAvMTAwMC8xMDAwcGlAcmFzcGJlcnJ5cGk6fiQg'
179,202,b'Li90cnltZQ0KNjI1MDAwMA0KZ3JpOjEwMDAvMTAwMC8xMDAwcGlAcmFzcGJlcnJ5cGk6fiQg'
179,165,b'Li90cnltZQ0KNjI1MDAwMA0KZ3JpOjEwMDAvMTAwMC8xMDAwcGlAcmFzcGJlcnJ5cGk6fiQg'
179,203,b'Li90cnltZQ0K'
179,205,b'IC4vdHJ5bWUNCnBpQHJhc3BiZXJyeXBpOn4kIA=='
179,170,b'Li90cnltZQ0KcGlAcmFzcGJlcnJ5cGk6fiQg'
179,201,b'Li90cnltZQ0KcGlAcmFzcGJlcnJ5cGk6fiQg'
179,203,b'Li90cnltZQ0KcGlAcmFzcGJlcnJ5cGk6fiQg'
179,185,b'Li90cnltZQ0KcGlAcmFzcGJlcnJ5cGk6fiQg'
179,165,b'Li90cnltZQ0KcGlAcmFzcGJlcnJ5cGk6fiQg'
179,189,b'Li90cnltZQ0KcGlAcmFzcGJlcnJ5cGk6fiQg'
179,174,b'Li90cnltZQ0KcGlAcmFzcGJlcnJ5cGk6fiQg'
179,186,b'Li90cnltZQ0KcGlAcmFzcGJlcnJ5cGk6fiQg'
179,205,b'Li90cnltZQ0KcGlAcmFzcGJlcnJ5cGk6fiQg'
179,199,b'Li90cnltZQ0KcGlAcmFzcGJlcnJ5cGk6fiQg'
179,179,b'Li90cnltZQ0KcGlAcmFzcGJlcnJ5cGk6fiQg'
179,184,b'Li90cnltZQ0KcGlAcmFzcGJlcnJ5cGk6fiQg'
179,177,b'Li90cnltZQ0KcGlAcmFzcGJlcnJ5cGk6fiQg'
179,177,b'Li90cnltZQ0KcGlAcmFzcGJlcnJ5cGk6fiQg'
179,177,b'Li90cnltZQ0KcGlAcmFzcGJlcnJ5cGk6fiQg'
179,173,b'Li90cnltZQ0KcGlAcmFzcGJlcnJ5cGk6fiQg'
179,187,b'Li90cnltZQ0KcGlAcmFzcGJlcnJ5cGk6fiQg'
179,171,b'Li90cnltZQ0KcGlAcmFzcGJlcnJ5cGk6fiQg'
179,179,b'Li90cnltZQ0KcGlAcmFzcGJlcnJ5cGk6fiQg'
179,194,b'Li90cnltZQ0KcGlAcmFzcGJlcnJ5cGk6fiQg'
179,166,b'Li90cnltZQ0KcGlAcmFzcGJlcnJ5cGk6fiQg'
179,170,b'Li90cnltZQ0KcGlAcmFzcGJlcnJ5cGk6fiQg'
179,185,b'Li90cnltZQ0KcGlAcmFzcGJlcnJ5cGk6fiQg'
179,185,b'Li90cnltZQ0KcGlAcmFzcGJlcnJ5cGk6fiQg'
179,188,b'Li90cnltZQ0KcGlAcmFzcGJlcnJ5cGk6fiQg'
179,193,b'Li90cnltZQ0KcGlAcmFzcGJlcnJ5cGk6fiQg'
179,181,b'Li90cnltZQ0KcGlAcmFzcGJlcnJ5cGk6fiQg'
179,178,b'Li90cnltZQ0KcGlAcmFzcGJlcnJ5cGk6fiQg'
179,190,b'Li90cnltZQ0KcGlAcmFzcGJlcnJ5cGk6fiQg'
179,179,b'Li90cnltZQ0KcGlAcmFzcGJlcnJ5cGk6fiQg'
179,197,b'Li90cnltZQ0KcGlAcmFzcGJlcnJ5cGk6fiQg'
179,188,b'Li90cnltZQ0KcGlAcmFzcGJlcnJ5cGk6fiQg'
179,166,b'Li90cnltZQ0KcGlAcmFzcGJlcnJ5cGk6fiQg'
