183,146,b'Li90cnltZQ0KNjI1MDAwMA0KZ3JpOjEwMDAvMTAwMC8xMDAwcGlAcmFzcGJlcnJ5cGk6fiQg'
183,146,b'Li90cnltZQ0KWyAgIDU0LjE4NDEwNF0gVW5hYmxlIHRvIGhhbmRsZSBrZXJuZWwgTlVMTCBwb2ludGVyIGRlcmVmZXJlbmNlIGF0IHZpcnR1YWwgYWRkcmVzcyAwMDAwMDA2OA0KWyAgIDU0LjE5NDE5NF0gcGdkID0gMmY2ZmUyOGENClsgICA1NC4xOTc3OTFdIFswMDAwMDA2OF0gKnBnZD0zNDAxZjgzNSwgKnB0ZT0wMDAwMDAwMCwgKnBwdGU9MDAwMDAwMDANCg0NCgdNZXNzWyAgIDU0LjIwNTA5OV0gSW50ZXJuYWwgZXJyb3I6IE9vcHM6IDE3IFsjMV0gU01QIEFSTQ0KYWdlIGZyb20gc3lzbG9nZEByYXNwYmVycnlwaSBhdCBTZXAgMjYgMDU6MjU6MjAgLi4uDQ0KIGtlcm5lbDpbICAgNTQuMjA1MDk5XSBJbnRbICAgNTQuMjEwOTkzXSBNb2R1bGVzIGxpbmtlZCBpbjogYm5lcCBoY2lfdWFydCBidGJjbSBzZXJkZXYgYmx1ZXRvb3RoIGVjZGhfZ2VuZXJpYyBzaGEyNTZfZ2VuZXJpYyBjZmc4MDIxMSByZmtpbGwgODAyMXEgZ2FycCBzdHAgbGxjIHNuZF9iY20yODM1KEMpIHNuZF9wY20gcmFzcGJlcnJ5cGlfaHdtb24gaHdtb24gYmNtMjgzNV9jb2RlYyhDKSBzbmRfdGltZXIgYmNtMjgzNV92NGwyKEMpIHY0bDJfbWVtMm1lbSBzbmQgYmNtMjgzNV9tbWFsX3ZjaGlxKEMpIHZpZGVvYnVmMl9kbWFfY29udGlnIHY0bDJfY29tbW9uIHZpZGVvYnVmMl92bWFsbG9jIHZpZGVvYnVmMl9tZW1vcHMgdmlkZW9idWYyX3Y0bDIgdmlkZW9idWYyX2NvbW1vbiB2aWRlb2RldiBtZWRpYSB2Y19zbV9jbWEoQykgZml4ZWQgdWlvX3BkcnZfZ2VuaXJxIHVpbyBpcF90YWJsZXMgeF90YWJsZXMgaXB2Ng0KZXJuYWwgZXJyb3I6IE9vcHM6IDE3IFsjMV0gU01QIEFbICAgNTQuMjU3MDAzXSBDUFU6IDMgUElEOiA0NDEgQ29tbTogdHJ5bWUgVGFpbnRlZDogRyAgICAgICAgIEMgICAgICAgIDQuMTkuNzUtdjcrICMxMjcwDQpSTQ0KDVsgICA1NC4yNjc3NTFdIEhhcmR3YXJlIG5hbWU6IEJDTTI4MzUNClsgICA1NC4yNzI0MzddIFBDIGlzIGF0IGNhcF9jYXBhYmxlKzB4MTQvMHg4Yw0KWyAgIDU0LjI3NzgwNl0gTFIgaXMgYXQgbnNfY2FwYWJsZV9jb21tb24rMHg5Yy8weGIwDQpbICAgNTQuMjgzNjgwXSBwYyA6IFs8ODA0YTE2NmM+XSAgICBsciA6IFs8ODAxMmIzY2M+XSAgICBwc3I6IDIwMDAwMDEzDQpbICAgNTQuMjkxMjQ2XSBzcCA6IGI0MGEzZjMwICBpcCA6IGI0MGEzZjQwICBmcCA6IGI0MGEzZjNjDQpbICAgNTQuMjk3NzYxXSByMTA6IDAwMDAwMDAwICByOSA6IDAwMDAwMDAwICByOCA6IDAwMDAwMDAwDQpbICAgNTQuMzA0Mjc3XSByNyA6IDAwMDAwMDAwICByNiA6IDAwMDAwMDAwICByNSA6IDAwMDAwMDAwICByNCA6IGI3ZGU3MzAwDQpbICAgNTQuMzEyMDkxXSByMyA6IDAwMDAwMDAxICByMiA6IDAwMDAwMDA3ICByMSA6IDgwZDBkNjQwICByMCA6IDAwMDAwMDAwDQpbICAgNTQuMzE5ODYxXSBGbGFnczogbnpDdiAgSVJRcyBvbiAgRklRcyBvbiAgTW9kZSBTVkNfMzIgIElTQSBBUk0gIFNlZ21lbnQgdXNlcg0KWyAgIDU0LjMyODI0NV0gQ29udHJvbDogMTBjNTM4M2QgIFRhYmxlOiAzNDBmYzA2YSAgREFDOiAwMDAwMDA1NQ0KWyAgIDU0LjMzNTI0MV0gUHJvY2VzcyB0cnltZSAocGlkOiA0NDEsIHN0YWNrIGxpbWl0ID0gMHg5MjU1OWYzYSkNClsgICA1NC4zNDIzMjBdIFN0YWNrOiAoMHhiNDBhM2YzMCB0byAweGI0MGE0MDAwKQ0KWyAgIDU0LjM0Nzg4MF0gM2YyMDogICAgICAgICAgICAgICAgICAgICAgICAgICAgICAgICAgICAgYjQwYTNmNGMgYjQwYTNmNDAgODAxMmIzY2MgODA0YTE2NjQNClsgICA1NC4zNTg0MDZdIDNmNDA6IGI0MGEzZjVjIGI0MGEzZjUwIDgwMTJiM2ZjIDgwMTJiMzNjIGI0MGEzZjk0IGI0MGEzZjYwIDgwMTM1MDcwIDgwMTJiM2VjDQpbICAgNTQuMzY4ODk2XSAzZjYwOiAwMDAwMDAwMyBiN2RlNzI4MCAwMDAwMDAxMCAwMDAwMDAwMCAwMDAwMDAwMCAwMDAwMDAwMCAwMDAwMDBkMCA4MDEwMTFjNA0KWyAgIDU0LjM3OTM4Ml0gM2Y4MDogYjQwYTIwMDAgMDAwMDAwZDAgYjQwYTNmYTQgYjQwYTNmOTggODAxMzUxYjAgODAxMzRmYjAgMDAwMDAwMDAgYjQwYTNmYTgNClsgICA1NC4zODk5MDRdIDNmYTA6IDgwMTAxMDAwIDgwMTM1MWE0IDAwMDAwMDAwIDAwMDAwMDAwIDAwMDAwMDAwIDAwMDAwMDAwIDAwMDAwMDAwIDAwMDAwMDAwDQpbICAgNTQuNDAwNTUzXSAzZmMwOiAwMDAwMDAwMCAwMDAwMDAwMCAwMDAwMDAwMCAwMDAwMDBkMCAwMDAwMDAwMCAwMDAwMDAwMCAwMDAwMDAwMCA3ZWVlMWJjNA0KWyAgIDU0LjQxMTMzNV0gM2ZlMDogNzZlZDc2OTQgN2VlZTFiNzggMDAwMTA5NDAgMDAwMTA3MzggMDAwMDAwMTAgMDAwMDAwMDAgMDAwMDAwMDAgMDAwMDAwMDANClsgICA1NC40MjIyMTldIFs8ODA0YTE2NmM+XSAoY2FwX2NhcGFibGUpIGZyb20gWzw4MDEyYjNjYz5dIChuc19jYXBhYmxlX2NvbW1vbisweDljLzB4YjApDQpbICAgNTQuNDMzMDExXSBbPDgwMTJiM2NjPl0gKG5zX2NhcGFibGVfY29tbW9uKSBmcm9tIFs8ODAxMmIzZmM+XSAobnNfY2FwYWJsZSsweDFjLzB4MjApDQpbICAgNTQuNDQzNzk0XSBbPDgwMTJiM2ZjPl0gKG5zX2NhcGFibGUpIGZyb20gWzw4MDEzNTA3MD5dIChfX3N5c19zZXRyZXN1aWQrMHhjYy8weDFmNCkNClsgICA1NC40NTQ1NjhdIFs8ODAxMzUwNzA+XSAoX19zeXNfc2V0cmVzdWlkKSBmcm9tIFs8ODAxMzUxYjA+XSAoc3lzX3NldHJlc3VpZCsweDE4LzB4MWMpDQpbICAgNTQuNDY1NjEwXSBbPDgwMTM1MWIwPl0gKHN5c19zZXRyZXN1aWQpIGZyb20gWzw4MDEwMTAwMD5dIChyZXRfZmFzdF9zeXNjYWxsKzB4MC8weDI4KQ0KWyAgIDU0LjQ3NjY4NF0gRXhjZXB0aW9uIHN0YWNrKDB4YjQwYTNmYTggdG8gMHhiNDBhM2ZmMCkNClsgICA1NC40ODMzMjBdIDNmYTA6ICAgICAgICAgICAgICAgICAgIDAwMDAwMDAwIDAwMDAwMDAwIDAwMDAwMDAwIDAwMDAwMDAwIDAwMDAwMDAwIDAwMDAwMDAwDQpbICAgNTQuNDk0NTkzXSAzZmMwOiAwMDAwMDAwMCAwMDAwMDAwMCAwMDAwMDAwMCAwMDAwMDBkMCAwMDAwMDAwMCAwMDAwMDAwMCAwMDAwMDAwMCA3ZWVlMWJjNA0KWyAgIDU0LjUwNTg0OV0gM2ZlMDogNzZlZDc2OTQgN2VlZTFiNzggMDAwMTA5NDAgMDAwMTA3MzgNClsgICA1NC41MTI0NDJdIENvZGU6IGU5MmRkODAwIGUyNGNiMDA0IGU1MmRlMDA0IGU4YmQ0MDAwIChlNTkwMzA2OCkgDQoNDQoHTWVzc2FnZSBmcm9tWyAgIDU0LjUyMDE1MF0gLS0tWyBlbmQgdHJhY2UgYzAzOGNkOTUyZTY0YjhlMiBdLS0tDQogc3lzbG9nZEByYXNwYmVycnlwaSBhdCBTZXAgMjYgMDU6MjU6MjEgLi4uDQ0KIGtlcm5lbDpbICAgNTQuMzM1MjQxXSBQcm9jZXNzIHRyeW1lIChwaWQ6IDQ0MSwgc3RhY2sgbGltaXQgPSAweDkyNTU5ZjNhKQ0KDQ0NCgdNZXNzYWdlIGZyb20gc3lzbG9nZEByYXNwYmVycnlwaSBhdCBTZXAgMjYgMDU6MjU6MjEgLi4uDQ0KIGtlcm5lbDpbICAgNTQuMzQyMzIwXSBTdGFjazogKDB4YjQwYTNmMzAgdG8gMHhiNDBhNDAwMCkNCg0NDQoHTWVzc2FnZSBmcm9tIHN5c2xvZ2RAcmFzcGJlcnJ5cGkgYXQgU2VwIDI2IDA1OjI1OjIxIC4uLg0NCiBrZXJuZWw6WyAgIDU0LjM0Nzg4MF0gM2YyMDogICAgICAgICAgICAgICAgICAgICAgICAgICAgICAgICAgICAgYjQwYTNmNGMgYjQwYTNmNDAgODAxMmIzY2MgODA0YTE2NjQNCg0NDQoHTWVzc2FnZSBmcm9tIHN5c2xvZ2RAcmFzcGJlcnJ5cGkgYXQgU2VwIDI2IDA1OjI1OjIxIC4uLg0NCiBrZXJuZWw6WyAgIDU0LjM1ODQwNl0gM2Y0MDogYjQwYTNmNWMgYjQwYTNmNTAgODAxMmIzZmMgODAxMmIzM2MgYjQwYTNmOTQgYjQwYTNmNjAgODAxMzUwNzAgODAxMmIzZWMNCg0NDQoHTWVzc2FnZSBmcm9tIHN5c2xvZ2RAcmFzcGJlcnJ5cGkgYXQgU2VwIDI2IDA1OjI1OjIxIC4uLg0NCiBrZXJuZWw6WyAgIDU0LjM2ODg5Nl0gM2Y2MDogMDAwMDAwMDMgYjdkZTcyODAgMDAwMDAwMTAgMDAwMDAwMDAgMDAwMDAwMDAgMDAwMDAwMDAgMDAwMDAwZDAgODAxMDExYzQNCg0NDQoHTWVzc2FnZSBmcm9tIHN5c2xvZ2RAcmFzcGJlcnJ5cGkgYXQgU2VwIDI2IDA1OjI1OjIxIC4uLg0NCiBrZXJuZWw6WyAgIDU0LjM3OTM4Ml0gM2Y4MDogYjQwYTIwMDAgMDAwMDAwZDAgYjQwYTNmYTQgYjQwYTNmOTggODAxMzUxYjAgODAxMzRmYjAgMDAwMDAwMDAgYjQwYTNmYTgNCg0NDQoHTWVzc2FnZSBmcm9tIHN5c2xvZ2RAcmFzcGJlcnJ5cGkgYXQgU2VwIDI2IDA1OjI1OjIxIC4uLg0NCiBrZXJuZWw6WyAgIDU0LjM4OTkwNF0gM2ZhMDogODAxMDEwMDAgODAxMzUxYTQgMDAwMDAwMDAgMDAwMDAwMDAgMDAwMDAwMDAgMDAwMDAwMDAgMDAwMDAwMDAgMDAwMDAwMDANCg0NDQoHTWVzc2FnZSBmcm9tIHN5c2xvZ2RAcmFzcGJlcnJ5cGkgYXQgU2VwIDI2IDA1OjI1OjIxIC4uLg0NCiBrZXJuZWw6WyAgIDU0LjQwMDU1M10gM2ZjMDogMDAwMDAwMDAgMDAwMDAwMDAgMDAwMDAwMDAgMDAwMDAwZDAgMDAwMDAwMDAgMDAwMDAwMDAgMDAwMDAwMDAgN2VlZTFiYzQNCg0NDQoHTWVzc2FnZSBmcm9tIHN5c2xvZ2RA'
183,147,b'IC4vdHJ5bWUNCjYyNTAwMDANCmdyaToxMDAwLzEwMDAvMTAwMHBpQHJhc3BiZXJyeXBpOn4kIA=='
183,141,b'Li90cnltZQ0KNjI1MDAwMA0KZ3JpOjEwMDAvMTAwMC8xMDAwcGlAcmFzcGJlcnJ5cGk6fiQg'
183,152,b'Li90cnltZQ0KNjI1MDAwMA0KZ3JpOjEwMDAvMTAwMC8xMDAwcGlAcmFzcGJlcnJ5cGk6fiQg'
183,153,b'Li90cnltZQ0KNjI1MDAwMA0KZ3JpOjEwMDAvMTAwMC8xMDAwcGlAcmFzcGJlcnJ5cGk6fiQg'
183,147,b'Li90cnltZQ0KWyAgIDQzLjU4NDA3NV0gLS0tLS0tLS0tLS0tWyBjdXQgaGVyZSBdLS0tLS0tLS0tLS0tDQpbICAgNDMuNTg5NjY4XSBrZXJuZWwgQlVHIGF0IGtlcm5lbC9jcmVkLmM6NTIyIQ0KWyAgIDQzLjU5NDg0OF0gSW50ZXJuYWwgZXJyb3I6IE9vcHMgLSBCVUc6IDAgWyMxXSBTTVAgQVJNDQpbICAgNDMuNjAwOTE1XSBNb2R1bGVzIGxpbmtlZCBpbjogYm5lcCBoY2lfdWFydCBidGJjbSBzZXJkZXYgYmx1ZXRvb3RoIGVjZGhfZ2VuZXJpYyBzaGEyNTZfZ2VuZXJpYyBjZmc4MDIxMSByZmtpbGwgODAyMXEgZ2FycCBzdHAgbGxjIHNuZF9iY20yODM1KEMpIHJhc3BiZXJyeXBpX2h3bW9uIHNuZF9wY20gaHdtb24gYmNtMjgzNV9jb2RlYyhDKSBzbmRfdGltZXIgYmNtMjgzNV92NGwyKEMpIHY0bDJfbWVtMm1lbSBzbmQgYmNtMjgzNV9tbWFsX3ZjaGlxKEMpIHY0bDJfY29tbW9uIHZpZGVvYnVmMl9kbWFfY29udGlnIHZpZGVvYnVmMl92bWFsbG9jIHZpZGVvYnVmMl9tZW1vcHMgdmlkZW9idWYyX3Y0bDIgdmlkZW9idWYyX2NvbW1vbiB2aWRlb2RldiBtZWRpYSB2Y19zbV9jbWEoQykgZml4ZWQgdWlvX3BkcnZfZ2VuaXJxIHVpbyBpcF90YWJsZXMgeF90YWJsZXMgaXB2Ng0KWyAgIDQzLjY0NTkzMl0gQ1BVOiAxIFBJRDogNDQwIENvbW06IHRyeW1lIFRhaW50ZWQ6IEcgICAgICAgICBDICAgICAgICA0LjE5Ljc1LXY3KyAjMTI3MA0KWyAgIDQzLjY1NjExMF0gSGFyZHdhcmUgbmFtZTogQkNNMjgzNQ0KWyAgIDQzLjY2MDcwN10gUEMgaXMgYXQgYWJvcnRfY3JlZHMrMHg1MC8weDU0DQpbICAgNDMuNjY2MDI1XSBMUiBpcyBhdCBfX3N5c19zZXRyZXN1aWQrMHgxNjgvMHgxZjQNClsgICA0My42NzE4ODRdIHBjIDogWzw4MDE0NTMyND5dICAgIGxyIDogWzw4MDEzNTEwYz5dICAgIHBzcjogYTAwMDAwMTMNClsgICA0My42Nzk0MzBdIHNwIDogYjQwZDNmNTAgIGlwIDogYjQwZDNmNjAgIGZwIDogYjQwZDNmNWMNClsgICA0My42ODU5MDNdIHIxMDogMDAwMDAwMDAgIHI5IDogMDAwMDAwMDAgIHI4IDogMDAwMDAwMDANClsgICA0My42OTIzNTldIHI3IDogMDAwMDAwMDAgIHI2IDogODAxMmIzM2MgIHI1IDogZmZmZmZmZmYgIHI0IDogYjQwZDNmNTANClsgICA0My43MDAxNTVdIHIzIDogYjViMTMzMDAgIHIyIDogYjQwZDNmOTQgIHIxIDogODBkMGQ2NDAgIHIwIDogYjQwZDNmNTANClsgICA0My43MDc5NTFdIEZsYWdzOiBOekN2ICBJUlFzIG9uICBGSVFzIG9uICBNb2RlIFNWQ18zMiAgSVNBIEFSTSAgU2VnbWVudCB1c2VyDQpbICAgNDMuNzE2MzcyXSBDb250cm9sOiAxMGM1MzgzZCAgVGFibGU6IDM0MGQ0MDZhICBEQUM6IDAwMDAwMDU1DQpbICAgNDMuNzIzMzY5XSBQcm9jZXNzIHRyeW1lIChwaWQ6IDQ0MCwgc3RhY2sgbGltaXQgPSAweDFhMmRiNDRiKQ0KWyAgIDQzLjczMDQ2Nl0gU3RhY2s6ICgweGI0MGQzZjUwIHRvIDB4YjQwZDQwMDApDQpbICAgNDMuNzM2MDU3XSAzZjQwOiAgICAgICAgICAgICAgICAgICAgICAgICAgICAgICAgICAgICBiNDBkM2Y5NCBiNDBkM2Y2MCA4MDEzNTEwYyA4MDE0NTJlMA0KWyAgIDQzLjc0NjY0NF0gM2Y2MDogMDAwMDAwMDMgYjViMTMzMDAgMDAwMDAwMTAgMDAwMDAwMDAgMDAwMDAwMDAgMDAwMDAwMDAgMDAwMDAwZDAgODAxMDExYzQNClsgICA0My43NTcxOTJdIDNmODA6IGI0MGQyMDAwIDAwMDAwMGQwIGI0MGQzZmE0IGI0MGQzZjk4IDgwMTM1MWIwIDgwMTM0ZmIwIDAwMDAwMDAwIGI0MGQzZmE4DQpbICAgNDMuNzY3NzM2XSAzZmEwOiA4MDEwMTAwMCA4MDEzNTFhNCAwMDAwMDAwMCAwMDAwMDAwMCAwMDAwMDAwMCAwMDAwMDAwMCAwMDAwMDAwMCAwMDAwMDAwMA0KWyAgIDQzLjc3ODMxOV0gM2ZjMDogMDAwMDAwMDAgMDAwMDAwMDAgMDAwMDAwMDAgMDAwMDAwZDAgMDAwMDAwMDAgMDAwMDAwMDAgMDAwMDAwMDAgN2U5MjViYzQNClsgICA0My43ODkwMjhdIDNmZTA6IDc2ZWRhNjk0IDdlOTI1Yjc4IDAwMDEwOTQwIDAwMDEwNzM4IDAwMDAwMDEwIDAwMDAwMDAwIDAwMDAwMDAwIDAwMDAwMDAwDQpbICAgNDMuNzk5ODgzXSBbPDgwMTQ1MzI0Pl0gKGFib3J0X2NyZWRzKSBmcm9tIFs8ODAxMzUxMGM+XSAoX19zeXNfc2V0cmVzdWlkKzB4MTY4LzB4MWY0KQ0KWyAgIDQzLjgxMDU2N10gWzw4MDEzNTEwYz5dIChfX3N5c19zZXRyZXN1aWQpIGZyb20gWzw4MDEzNTFiMD5dIChzeXNfc2V0cmVzdWlkKzB4MTgvMHgxYykNClsgICA0My44MjEzOTddIFs8ODAxMzUxYjA+XSAoc3lzX3NldHJlc3VpZCkgZnJvbSBbPDgwMTAxMDAwPl0gKHJldF9mYXN0X3N5c2NhbGwrMHgwLzB4MjgpDQpbICAgNDMuODMyMjkzXSBFeGNlcHRpb24gc3RhY2soMHhiNDBkM2ZhOCB0byAweGI0MGQzZmYwKQ0KWyAgIDQzLjgzODg2NV0gM2ZhMDogICAgICAgICAgICAgICAgICAgMDAwMDAwMDAgMDAwMDAwMDAgMDAwMDAwMDAgMDAwMDAwMDAgMDAwMDAwMDAgMDAwMDAwMDANClsgICA0My44NTAwNjhdIDNmYzA6IDAwMDAwMDAwIDAwMDAwMDAwIDAwMDAwMDAwIDAwMDAwMGQwIDAwMDAwMDAwIDAwMDAwMDAwIDAwMDAwMDAwIDdlOTI1YmM0DQpbICAgNDMuODYxMzMwXSAzZmUwOiA3NmVkYTY5NCA3ZTkyNWI3OCAwMDAxMDk0MCAwMDAxMDczOA0KWyAgIDQzLjg2NzkyN10gQ29kZTogZTM1MjAwMDAgMTg5ZGE4MDAgZWJmZmZlY2UgZTg5ZGE4MDAgKGU3ZjAwMWYyKSANClsgICA0My44NzU1NjhdIC0tLVsgZW5kIHRyYWNlIGEwZGNlZjlhNzdiMzdlNTggXS0tLQ0KDQ0KB01lc3NhZ2UgZnJvbSBzeXNsb2dkQHJhc3BiZXJyeXBpIGF0IFNlcCAyNiAwNToyNToxMCAuLi4NDQoga2VybmVsOlsgICA0My41OTQ4NDhdIEludGVybmFsIGVycm9yOiBPb3BzIC0gQlVHOiAwIFsjMV0gU01QIEFSTQ0KDQ0NCgdNZXNzYWdlIGZyb20gc3lzbG9nZEByYXNwYmVycnlwaSBhdCBTZXAgMjYgMDU6MjU6MTAgLi4uDQ0KIGtlcm5lbDpbICAgNDMuNzIzMzY5XSBQcm9jZXNzIHRyeW1lIChwaWQ6IDQ0MCwgc3RhY2sgbGltaXQgPSAweDFhMmRiNDRiKQ0KDQ0NCgdNZXNzYWdlIGZyb20gc3lzbG9nZEByYXNwYmVycnlwaSBhdCBTZXAgMjYgMDU6MjU6MTAgLi4uDQ0KIGtlcm5lbDpbICAgNDMuNzMwNDY2XSBTdGFjazogKDB4YjQwZDNmNTAgdG8gMHhiNDBkNDAwMCkNCg0NDQoHTWVzc2FnZSBmcm9tIHN5c2xvZ2RAcmFzcGJlcnJ5cGkgYXQgU2VwIDI2IDA1OjI1OjEwIC4uLg0NCiBrZXJuZWw6WyAgIDQzLjczNjA1N10gM2Y0MDogICAgICAgICAgICAgICAgICAgICAgICAgICAgICAgICAgICAgYjQwZDNmOTQgYjQwZDNmNjAgODAxMzUxMGMgODAxNDUyZTANCg0NDQoHTWVzc2FnZSBmcm9tIHN5c2xvZ2RAcmFzcGJlcnJ5cGkgYXQgU2VwIDI2IDA1OjI1OjEwIC4uLg0NCiBrZXJuZWw6WyAgIDQzLjc0NjY0NF0gM2Y2MDogMDAwMDAwMDMgYjViMTMzMDAgMDAwMDAwMTAgMDAwMDAwMDAgMDAwMDAwMDAgMDAwMDAwMDAgMDAwMDAwZDAgODAxMDExYzQNCg0NDQoHTWVzc2FnZSBmcm9tIHN5c2xvZ2RAcmFzcGJlcnJ5cGkgYXQgU2VwIDI2IDA1OjI1OjEwIC4uLg0NCiBrZXJuZWw6WyAgIDQzLjc1NzE5Ml0gM2Y4MDogYjQwZDIwMDAgMDAwMDAwZDAgYjQwZDNmYTQgYjQwZDNmOTggODAxMzUxYjAgODAxMzRmYjAgMDAwMDAwMDAgYjQwZDNmYTgNCg0NDQoHTWVzc2FnZSBmcm9tIHN5c2xvZ2RAcmFzcGJlcnJ5cGkgYXQgU2VwIDI2IDA1OjI1OjEwIC4uLg0NCiBrZXJuZWw6WyAgIDQzLjc2NzczNl0gM2ZhMDogODAxMDEwMDAgODAxMzUxYTQgMDAwMDAwMDAgMDAwMDAwMDAgMDAwMDAwMDAgMDAwMDAwMDAgMDAwMDAwMDAgMDAwMDAwMDANCg0NDQoHTWVzc2FnZSBmcm9tIHN5c2xvZ2RAcmFzcGJlcnJ5cGkgYXQgU2VwIDI2IDA1OjI1OjEwIC4uLg0NCiBrZXJuZWw6WyAgIDQzLjc3ODMxOV0gM2ZjMDogMDAwMDAwMDAgMDAwMDAwMDAgMDAwMDAwMDAgMDAwMDAwZDAgMDAwMDAwMDAgMDAwMDAwMDAgMDAwMDAwMDAgN2U5MjViYzQNCg0NDQoHTWVzc2FnZSBmcm9tIHN5c2xvZ2RAcmFzcGJlcnJ5cGkgYXQgU2VwIDI2IDA1OjI1OjEwIC4uLg0NCiBrZXJuZWw6WyAgIDQzLjc4OTAyOF0gM2ZlMDogNzZlZGE2OTQgN2U5MjViNzggMDAwMTA5NDAgMDAwMTA3MzggMDAwMDAwMTAgMDAwMDAwMDAgMDAwMDAwMDAgMDAwMDAwMDANCg0NDQoHTWVzc2FnZSBmcm9tIHN5c2xvZ2RAcmFzcGJlcnJ5cGkgYXQgU2VwIDI2IDA1OjI1OjEwIC4uLg0NCiBrZXJuZWw6WyAgIDQzLjg2NzkyN10gQ29kZTogZTM1MjAwMDAgMTg5ZGE4MDAgZWJmZmZlY2UgZTg5ZGE4MDAgKGU3ZjAwMWYyKSANCg1TZWdtZW50YXRpb24gZmF1bHQNCnBpQHJhc3BiZXJyeXBpOn4kIA=='
183,154,b'Li90cnltZQ0KNjI1MDAwMA0KZ3JpOjEwMDAvMTAwMC8xMDAwcGlAcmFzcGJlcnJ5cGk6fiQg'
183,153,b'Li90cnltZQ0KNjI1MDAwMA0KZ3JpOjEwMDAvMTAwMC8xMDAwcGlAcmFzcGJlcnJ5cGk6fiQg'
183,140,b'Li90cnltZQ0KNjI1MDAwMA0KZ3JpOjEwMDAvMTAwMC8xMDAwcGlAcmFzcGJlcnJ5cGk6fiQg'
183,137,b'Li90cnltZQ0KNjI1MDAwMA0KZ3JpOjEwMDAvMTAwMC8xMDAwcGlAcmFzcGJlcnJ5cGk6fiQg'
183,147,b'Li90cnltZQ0KNjI1MDAwMA0KZ3JpOjEwMDAvMTAwMC8xMDAwcGlAcmFzcGJlcnJ5cGk6fiQg'
183,152,b'Li90cnltZQ0KWyAgIDQ2LjcxNDExN10gVW5hYmxlIHRvIGhhbmRsZSBrZXJuZWwgTlVMTCBwb2ludGVyIGRlcmVmZXJlbmNlIGF0IHZpcnR1YWwgYWRkcmVzcyAwMDAwMDA2OA0KWyAgIDQ2LjcyNTI4M10gcGdkID0gNmY2MmUxYzYNClsgICA0Ni43MjkzODRdIFswMDAwMDA2OF0gKnBnZD0zNThjYjgzNSwgKnB0ZT0wMDAwMDAwMCwgKnBwdGU9MDAwMDAwMDANClsgICA0Ni43MzcxNDZdIEludGVybmFsIGVycm9yOiBPb3BzOiAxNyBbIzJdIFNNUCBBUk0NClsgICA0Ni43MzcxNTJdIEtlcm5lbCBwYW5pYyAtIG5vdCBzeW5jaW5nOiBzdGFjay1wcm90ZWN0b3I6IEtlcm5lbCBzdGFjayBpcyBjb3JydXB0ZWQgaW46IGFyY2hfcHRyYWNlKzB4NGFjLzB4NGI4DQpbICAgNDYuNzM3MTUyXSANClsgICA0Ni43NDMyNjRdIE1vZHVsZXMgbGlua2VkIGluOiBibmVwIGhjaV91YXJ0DQpbICAgNDYuNzU4ODE4XSBDUFUwOiBzdG9wcGluZw0KWyAgIDQ2Ljc1ODgxOV0gIGJ0YmNtIHNlcmRldg0KWyAgIDQ2Ljc2NDM5M10gQ1BVOiAwIFBJRDogMCBDb21tOiBzd2FwcGVyLzAgVGFpbnRlZDogRyAgICAgIEQgIEMgICAgICAgIDQuMTkuNzUtdjcrICMxMjcwDQpbICAgNDYuNzY4MzE2XSAgYmx1ZXRvb3RoDQpbICAgNDYuNzcyMDkxXSBIYXJkd2FyZSBuYW1lOiBCQ00yODM1DQpbICAgNDYuNzgyNDY0XSAgZWNkaF9nZW5lcmljDQpbICAgNDYuNzg1OTMzXSBbPDgwMTExZmNjPl0gKHVud2luZF9iYWNrdHJhY2UpIGZyb20gWzw4MDEwZDU0ND5dIChzaG93X3N0YWNrKzB4MjAvMHgyNCkNClsgICA0Ni43OTA0MTldICBzaGEyNTZfZ2VuZXJpYw0KWyAgIDQ2Ljc5NDA3M10gWzw4MDEwZDU0ND5dIChzaG93X3N0YWNrKSBmcm9tIFs8ODA4MTliYzA+XSAoZHVtcF9zdGFjaysweGQ0LzB4MTE4KQ0KWyAgIDQ2LjgwMzk1OV0gIGNmZzgwMjExDQpbICAgNDYuODA3Nzg1XSBbPDgwODE5YmMwPl0gKGR1bXBfc3RhY2spIGZyb20gWzw4MDExMDNlND5dIChoYW5kbGVfSVBJKzB4Mzg4LzB4M2E4KQ0KWyAgIDQ2LjgxNjI0OF0gIHJma2lsbA0KWyAgIDQ2LjgxOTU1MV0gWzw4MDExMDNlND5dIChoYW5kbGVfSVBJKSBmcm9tIFs8ODAxMDIxZjQ+XSAoYmNtMjgzNl9hcm1faXJxY2hpcF9oYW5kbGVfaXJxKzB4YTAvMHhhNCkNClsgICA0Ni44MjkxMTVdICA4MDIxcQ0KWyAgIDQ2LjgzMzU0OV0gWzw4MDEwMjFmND5dIChiY20yODM2X2FybV9pcnFjaGlwX2hhbmRsZV9pcnEpIGZyb20gWzw4MDEwMTliYz5dIChfX2lycV9zdmMrMHg1Yy8weDdjKQ0KWyAgIDQ2Ljg0NzQ0MV0gIGdhcnANClsgICA0Ni44NTE3MDRdIEV4Y2VwdGlvbiBzdGFjaygweDgwZDAxZWU4IHRvIDB4ODBkMDFmMzApDQpbICAgNDYuODY1NTU4XSAgc3RwDQpbICAgNDYuODY5ODczXSAxZWUwOiAgICAgICAgICAgICAgICAgICA4MDEwOWE4NCAwMDAwMDAwMCA0MDAwMDA5MyA0MDAwMDA5MyA4MGQwNGQ3MCA4MGQwMDAwMA0KWyAgIDQ2Ljg3NzUwOV0gIGxsYw0KWyAgIDQ2Ljg4MTc3Ml0gMWYwMDogODBkMDRkYjggMDAwMDAwMDEgODBkOGVkM2UgYmFiZmY5YzAgODBjNjRhMzggODBkMDFmNDQgODBkMDUxN2MgODBkMDFmMzgNClsgICA0Ni44OTUwMjJdICBzbmRfYmNtMjgzNShDKQ0KWyAgIDQ2Ljg5OTMxMV0gMWYyMDogMDAwMDAwMDAgODAxMDlhODggNDAwMDAwMTMgZmZmZmZmZmYNClsgICA0Ni45MTI4MDNdICByYXNwYmVycnlwaV9od21vbg0KWyAgIDQ2LjkxODA5Nl0gWzw4MDEwMTliYz5dIChfX2lycV9zdmMpIGZyb20gWzw4MDEwOWE4OD5dIChhcmNoX2NwdV9pZGxlKzB4MzQvMHg0YykNClsgICA0Ni45MjU3NjRdICBzbmRfcGNtDQpbICAgNDYuOTMxMzEzXSBbPDgwMTA5YTg4Pl0gKGFyY2hfY3B1X2lkbGUpIGZyb20gWzw4MDgzNmMxYz5dIChkZWZhdWx0X2lkbGVfY2FsbCsweDM0LzB4NDgpDQpbICAgNDYuOTQzNzYxXSAgaHdtb24NClsgICA0Ni45NDgzMDFdIFs8ODA4MzZjMWM+XSAoZGVmYXVsdF9pZGxlX2NhbGwpIGZyb20gWzw4MDE1MjZkOD5dIChkb19pZGxlKzB4ZWMvMHgxN2MpDQpbICAgNDYuOTYxNDg2XSAgYmNtMjgzNV9jb2RlYyhDKQ0KWyAgIDQ2Ljk2NTg0OF0gWzw4MDE1MjZkOD5dIChkb19pZGxlKSBmcm9tIFs8ODAxNTJhMjg+XSAoY3B1X3N0YXJ0dXBfZW50cnkrMHgyOC8weDJjKQ0KWyAgIDQ2Ljk3ODU3MF0gIHNuZF90aW1lcg0KWyAgIDQ2Ljk4Mzk0NF0gWzw4MDE1MmEyOD5dIChjcHVfc3RhcnR1cF9lbnRyeSkgZnJvbSBbPDgwODMwMmM4Pl0gKHJlc3RfaW5pdCsweGJjLzB4YzApDQpbICAgNDYuOTk2NjcwXSAgYmNtMjgzNV92NGwyKEMpDQpbICAgNDcuMDAxNTQzXSBbPDgwODMwMmM4Pl0gKHJlc3RfaW5pdCkgZnJvbSBbPDgwYzAwZmIwPl0gKHN0YXJ0X2tlcm5lbCsweDQ4NC8weDRiNCkNClsgICA0Ny4wMTQ1NDldICB2NGwyX21lbTJtZW0NClsgICA0Ny4wMjAwNTRdIENQVTM6IHN0b3BwaW5nDQpbICAgNDcuMDMyOTEwXSAgc25kDQpbICAgNDcuMDM4MTYzXSBDUFU6IDMgUElEOiAwIENvbW06IHN3YXBwZXIvMyBUYWludGVkOiBHICAgICAgRCAgQyAgICAgICAgNC4xOS43NS12NysgIzEyNzANClsgICA0Ny4wNDM0NTFdICBiY20yODM1X21tYWxfdmNoaXEoQykNClsgICA0Ny4wNDc3NjldIEhhcmR3YXJlIG5hbWU6IEJDTTI4MzUNClsgICA0Ny4wNjA4NDVdICB2NGwyX2NvbW1vbg0KWyAgIDQ3LjA2Njc3MV0gWzw4MDExMWZjYz5dICh1bndpbmRfYmFja3RyYWNlKSBmcm9tIFs8ODAxMGQ1NDQ+XSAoc2hvd19zdGFjaysweDIwLzB4MjQpDQpbICAgNDcuMDcyNTk3XSAgdmlkZW9idWYyX2RtYV9jb250aWcNClsgICA0Ny4wNzc0MTZdIFs8ODAxMGQ1NDQ+XSAoc2hvd19zdGFjaykgZnJvbSBbPDgwODE5YmMwPl0gKGR1bXBfc3RhY2srMHhkNC8weDExOCkNClsgICA0Ny4wOTAwNzddICB2aWRlb2J1ZjJfdm1hbGxvYw0KWyAgIDQ3LjA5NTc0M10gWzw4MDgxOWJjMD5dIChkdW1wX3N0YWNrKSBmcm9tIFs8ODAxMTAzZTQ+XSAoaGFuZGxlX0lQSSsweDM4OC8weDNhOCkNClsgICA0Ny4xMDU2NDFdICB2aWRlb2J1ZjJfbWVtb3BzDQpbICAgNDcuMTExMTE5XSBbPDgwMTEwM2U0Pl0gKGhh'
183,135,b'IC4vdHJ5bWUNCjYyNTAwMDANCmdyaToxMDAwLzEwMDAvMTAwMHBpQHJhc3BiZXJyeXBpOn4kIA=='
183,140,b'Li90cnltZQ0KWyAgIDQyLjEwNDE3MV0gVW5hYmxlIHRvIGhhbmRsZSBrZXJuZWwgcGFnaW5nIHJlcXVlc3QgYXQgdmlydHVhbCBhZGRyZXNzIDU1NTU1NWJkDQpbICAgNDIuMTEyNTM4XSBwZ2QgPSA3ODRmYzE1Zg0KWyAgIDQyLjExNjE1Nl0gWzU1NTU1NWJkXSAqcGdkPTAwMDAwMDAwDQpbICAgNDIuMTIwNjQ2XSBJbnRlcm5hbCBlcnJvcjogT29wczogNSBbIzFdIFNNUCBBUk0NClsgICA0Mi4xMjYyMDRdIE1vZHVsZXMgbGlua2VkIGluOiBibmVwIGhjaV91YXJ0IGJ0YmNtIHNlcmRldiBibHVldG9vdGggZWNkaF9nZW5lcmljIHNoYTI1Nl9nZW5lcmljIGNmZzgwMjExIHJma2lsbCA4MDIxcSBnYXJwIHN0cCBsbGMgc25kX2JjbTI4MzUoQykgc25kX3BjbSBzbmRfdGltZXIgYmNtMjgzNV92NGwyKEMpIGJjbTI4MzVfY29kZWMoQykgc25kIHJhc3BiZXJyeXBpX2h3bW9uIGh3bW9uIHY0bDJfbWVtMm1lbSBiY20yODM1X21tYWxfdmNoaXEoQykgdmlkZW9idWYyX2RtYV9jb250aWcgdjRsMl9jb21tb24gdmlkZW9idWYyX3ZtYWxsb2MgdmlkZW9idWYyX21lbW9wcyB2aWRlb2J1ZjJfdjRsMiB2aWRlb2J1ZjJfY29tbW9uIHZpZGVvZGV2IG1lZGlhIHZjX3NtX2NtYShDKSBmaXhlZCB1aW9fcGRydl9nZW5pcnEgdWlvIGlwX3RhYmxlcyB4X3RhYmxlcyBpcHY2DQpbICAgNDIuMTcxMzYyXSBDUFU6IDEgUElEOiA0MzggQ29tbTogdHJ5bWUgVGFpbnRlZDogRyAgICAgICAgIEMgICAgICAgIDQuMTkuNzUtdjcrICMxMjcwDQpbICAgNDIuMTgxNjAxXSBIYXJkd2FyZSBuYW1lOiBCQ00yODM1DQpbICAgNDIuMTg2MjMyXSBQQyBpcyBhdCBjYXBfY2FwYWJsZSsweDE0LzB4OGMNClsgICA0Mi4xOTE1ODJdIExSIGlzIGF0IG5zX2NhcGFibGVfY29tbW9uKzB4OWMvMHhiMA0KWyAgIDQyLjE5NzQzN10gcGMgOiBbPDgwNGExNjZjPl0gICAgbHIgOiBbPDgwMTJiM2NjPl0gICAgcHNyOiAyMDAwMDAxMw0KWyAgIDQyLjIwNDk4Ml0gc3AgOiBiNDBkM2YzMCAgaXAgOiBiNDBkM2Y0MCAgZnAgOiBiNDBkM2YzYw0KWyAgIDQyLjIxMTQ1N10gcjEwOiAwMDAwMDAwMCAgcjkgOiAwMDAwMDAwMCAgcjggOiAwMDAwMDAwMA0KWyAgIDQyLjIxNzkzM10gcjcgOiAwMDAwMDAwMCAgcjYgOiAwMDAwMDAwMCAgcjUgOiAwMDAwMDAwMCAgcjQgOiBiNWJlNjIwMA0KWyAgIDQyLjIyNTczMl0gcjMgOiAwMDAwMDAwMSAgcjIgOiAwMDAwMDAwNyAgcjEgOiA4MGQwZDY0MCAgcjAgOiA1NTU1NTU1NQ0KWyAgIDQyLjIzMzUwMF0gRmxhZ3M6IG56Q3YgIElSUXMgb24gIEZJUXMgb24gIE1vZGUgU1ZDXzMyICBJU0EgQVJNICBTZWdtZW50IHVzZXINClsgICA0Mi4yNDE4ODNdIENvbnRyb2w6IDEwYzUzODNkICBUYWJsZTogMzQwYjQwNmEgIERBQzogMDAwMDAwNTUNClsgICA0Mi4yNDg4MzhdIFByb2Nlc3MgdHJ5bWUgKHBpZDogNDM4LCBzdGFjayBsaW1pdCA9IDB4NGU0ZGQ4ZmEpDQpbICAgNDIuMjU1OTA2XSBTdGFjazogKDB4YjQwZDNmMzAgdG8gMHhiNDBkNDAwMCkNClsgICA0Mi4yNjE0NzRdIDNmMjA6ICAgICAgICAgICAgICAgICAgICAgICAgICAgICAgICAgICAgIGI0MGQzZjRjIGI0MGQzZjQwIDgwMTJiM2NjIDgwNGExNjY0DQpbICAgNDIuMjcyMDIyXSAzZjQwOiBiNDBkM2Y1YyBiNDBkM2Y1MCA4MDEyYjNmYyA4MDEyYjMzYyBiNDBkM2Y5NCBiNDBkM2Y2MCA4MDEzNTA3MCA4MDEyYjNlYw0KWyAgIDQyLjI4MjUyOF0gM2Y2MDogMDAwMDAwMDMgYjViZTYwODAgMDAwMDAwMTAgMDAwMDAwMDAgMDAwMDAwMDAgMDAwMDAwMDAgMDAwMDAwZDAgODAxMDExYzQNClsgICA0Mi4yOTMwMzBdIDNmODA6IGI0MGQyMDAwIDAwMDAwMGQwIGI0MGQzZmE0IGI0MGQzZjk4IDgwMTM1MWIwIDgwMTM0ZmIwIDAwMDAwMDAwIGI0MGQzZmE4DQpbICAgNDIuMzAzNTY5XSAzZmEwOiA4MDEwMTAwMCA4MDEzNTFhNCAwMDAwMDAwMCAwMDAwMDAwMCAwMDAwMDAwMCAwMDAwMDAwMCAwMDAwMDAwMCAwMDAwMDAwMA0KWyAgIDQyLjMxNDIzN10gM2ZjMDogMDAwMDAwMDAgMDAwMDAwMDAgMDAwMDAwMDAgMDAwMDAwZDAgMDAwMDAwMDAgMDAwMDAwMDAgMDAwMDAwMDAgN2VhOWZiYzQNClsgICA0Mi4zMjUwNDNdIDNmZTA6IDc2ZTRlNjk0IDdlYTlmYjc4IDAwMDEwOTQwIDAwMDEwNzM4IDAwMDAwMDEwIDAwMDAwMDAwIDAwMDAwMDAwIDAwMDAwMDAwDQpbICAgNDIuMzM1OTQ4XSBbPDgwNGExNjZjPl0gKGNhcF9jYXBhYmxlKSBmcm9tIFs8ODAxMmIzY2M+XSAobnNfY2FwYWJsZV9jb21tb24rMHg5Yy8weGIwKQ0KWyAgIDQyLjM0Njc2M10gWzw4MDEyYjNjYz5dIChuc19jYXBhYmxlX2NvbW1vbikgZnJvbSBbPDgwMTJiM2ZjPl0gKG5zX2NhcGFibGUrMHgxYy8weDIwKQ0KWyAgIDQyLjM1NzU2OV0gWzw4MDEyYjNmYz5dIChuc19jYXBhYmxlKSBmcm9tIFs8ODAxMzUwNzA+XSAoX19zeXNfc2V0cmVzdWlkKzB4Y2MvMHgxZjQpDQpbICAgNDIuMzY4MzYzXSBbPDgwMTM1MDcwPl0gKF9fc3lzX3NldHJlc3VpZCkgZnJvbSBbPDgwMTM1MWIwPl0gKHN5c19zZXRyZXN1aWQrMHgxOC8weDFjKQ0KWyAgIDQyLjM3OTQyMl0gWzw4MDEzNTFiMD5dIChzeXNfc2V0cmVzdWlkKSBmcm9tIFs8ODAxMDEwMDA+XSAocmV0X2Zhc3Rfc3lzY2FsbCsweDAvMHgyOCkNClsgICA0Mi4zOTA1MTVdIEV4Y2VwdGlvbiBzdGFjaygweGI0MGQzZmE4IHRvIDB4YjQwZDNmZjApDQpbICAgNDIuMzk3MTYyXSAzZmEwOiAgICAgICAgICAgICAgICAgICAwMDAwMDAwMCAwMDAwMDAwMCAwMDAwMDAwMCAwMDAwMDAwMCAwMDAwMDAwMCAwMDAwMDAwMA0KWyAgIDQyLjQwODQ1Ml0gM2ZjMDogMDAwMDAwMDAgMDAwMDAwMDAgMDAwMDAwMDAgMDAwMDAwZDAgMDAwMDAwMDAgMDAwMDAwMDAgMDAwMDAwMDAgN2VhOWZiYzQNClsgICA0Mi40MTk3MjZdIDNmZTA6IDc2ZTRlNjk0IDdlYTlmYjc4IDAwMDEwOTQwIDAwMDEwNzM4DQpbICAgNDIuNDI2MzI5XSBDb2RlOiBlOTJkZDgwMCBlMjRjYjAwNCBlNTJkZTAwNCBlOGJkNDAwMCAoZTU5MDMwNjgpIA0KDQ0KB01lc3NhZ2UgZnJvbSBzeXNsb2dkQHJhc3BiZXJyeXBbICAgNDIuNDM0MDUzXSAtLS1bIGVuZCB0cmFjZSA4OTE5ZjFmOTdiNmNlYzY2IF0tLS0NCmkgYXQgU2VwIDI2IDA1OjI1OjA5IC4uLg0NCiBrZXJuZWw6WyAgIDQyLjEyMDY0Nl0gSW50ZXJuYWwgZXJyb3I6IE9vcHM6IDUgWyMxXSBTTVAgQVJNDQoNDQ0KB01lc3NhZ2UgZnJvbSBzeXNsb2dkQHJhc3BiZXJyeXBpIGF0IFNlcCAyNiAwNToyNTowOSAuLi4NDQoga2VybmVsOlsgICA0Mi4yNDg4MzhdIFByb2Nlc3MgdHJ5bWUgKHBpZDogNDM4LCBzdGFjayBsaW1pdCA9IDB4NGU0ZGQ4ZmEpDQoNDQ0KB01lc3NhZ2UgZnJvbSBzeXNsb2dkQHJhc3BiZXJyeXBpIGF0IFNlcCAyNiAwNToyNTowOSAuLi4NDQoga2VybmVsOlsgICA0Mi4yNTU5MDZdIFN0YWNrOiAoMHhiNDBkM2YzMCB0byAweGI0MGQ0MDAwKQ0KDQ0NCgdNZXNzYWdlIGZyb20gc3lzbG9nZEByYXNwYmVycnlwaSBhdCBTZXAgMjYgMDU6MjU6MDkgLi4uDQ0KIGtlcm5lbDpbICAgNDIuMjYxNDc0XSAzZjIwOiAgICAgICAgICAgICAgICAgICAgICAgICAgICAgICAgICAgICBiNDBkM2Y0YyBiNDBkM2Y0MCA4MDEyYjNjYyA4MDRhMTY2NA0KDQ0NCgdNZXNzYWdlIGZyb20gc3lzbG9nZEByYXNwYmVycnlwaSBhdCBTZXAgMjYgMDU6MjU6MDkgLi4uDQ0KIGtlcm5lbDpbICAgNDIuMjcyMDIyXSAzZjQwOiBiNDBkM2Y1YyBiNDBkM2Y1MCA4MDEyYjNmYyA4MDEyYjMzYyBiNDBkM2Y5NCBiNDBkM2Y2MCA4MDEzNTA3MCA4MDEyYjNlYw0KDQ0NCgdNZXNzYWdlIGZyb20gc3lzbG9nZEByYXNwYmVycnlwaSBhdCBTZXAgMjYgMDU6MjU6MDkgLi4uDQ0KIGtlcm5lbDpbICAgNDIuMjgyNTI4XSAzZjYwOiAwMDAwMDAwMyBiNWJlNjA4MCAwMDAwMDAxMCAwMDAwMDAwMCAwMDAwMDAwMCAwMDAwMDAwMCAwMDAwMDBkMCA4MDEwMTFjNA0KDQ0NCgdNZXNzYWdlIGZyb20gc3lzbG9nZEByYXNwYmVycnlwaSBhdCBTZXAgMjYgMDU6MjU6MDkgLi4uDQ0KIGtlcm5lbDpbICAgNDIuMjkzMDMwXSAzZjgwOiBiNDBkMjAwMCAwMDAwMDBkMCBiNDBkM2ZhNCBiNDBkM2Y5OCA4MDEzNTFiMCA4MDEzNGZiMCAwMDAwMDAwMCBiNDBkM2ZhOA0KDQ0NCgdNZXNzYWdlIGZyb20gc3lzbG9nZEByYXNwYmVycnlwaSBhdCBTZXAgMjYgMDU6MjU6MDkgLi4uDQ0KIGtlcm5lbDpbICAgNDIuMzAzNTY5XSAzZmEwOiA4MDEwMTAwMCA4MDEzNTFhNCAwMDAwMDAwMCAwMDAwMDAwMCAwMDAwMDAwMCAwMDAwMDAwMCAwMDAwMDAwMCAwMDAwMDAwMA0KDQ0NCgdNZXNzYWdlIGZyb20gc3lzbG9nZEByYXNwYmVycnlwaSBhdCBTZXAgMjYgMDU6MjU6MDkgLi4uDQ0KIGtlcm5lbDpbICAgNDIuMzE0MjM3XSAzZmMwOiAwMDAwMDAwMCAwMDAwMDAwMCAwMDAwMDAwMCAwMDAwMDBkMCAwMDAwMDAwMCAwMDAwMDAwMCAwMDAwMDAwMCA3ZWE5ZmJjNA0KDQ0NCgdNZXNzYWdlIGZyb20gc3lzbG9nZEByYXNwYmVycnlwaSBhdCBTZXAgMjYgMDU6MjU6MDkgLi4uDQ0KIGtlcm5l'
183,146,b'IC4vdHJ5bWUNCjYyNTAwMDANCmdyaToxMDAwLzEwMDAvMTAwMHBpQHJhc3BiZXJyeXBpOn4kIA=='
183,145,b'Li90cnltZQ0KNjI1MDAwMA0KZ3JpOjEwMDAvMTAwMC8xMDAwcGlAcmFzcGJlcnJ5cGk6fiQg'
183,152,b'Li90cnltZQ0K'
183,143,b'IC4vdHJ5bWUNCjYyNTAwMDANCmdyaToxMDAwLzEwMDAvMTAwMHBpQHJhc3BiZXJyeXBpOn4kIA=='
183,144,b'Li90cnltZQ0KNjI1MDAwMA0KZ3JpOjEwMDAvMTAwMC8xMDAwcGlAcmFzcGJlcnJ5cGk6fiQg'
183,139,b'Li90cnltZQ0KNjI1MDAwMA0KZ3JpOjEwMDAvMTAwMC8xMDAwcGlAcmFzcGJlcnJ5cGk6fiQg'
183,136,b'Li90cnltZQ0K'
183,144,b'IC4vdHJ5bWUNCjYyNTAwMDANCmdyaToxMDAwLzEwMDAvMTAwMHBpQHJhc3BiZXJyeXBpOn4kIA=='
