202,129,b'Li90cnltZQ0KNjI1MDAwMA0KZ3JpOjEwMDAvMTAwMC8xMDAwcGlAcmFzcGJlcnJ5cGk6fiQg'
202,128,b'Li90cnltZQ0KWyAgIDUzLjAyNDA1OV0gVW5hYmxlIHRvIGhhbmRsZSBrZXJuZWwgTlVMTCBwb2ludGVyIGRlcmVmZXJlbmNlIGF0IHZpcnR1YWwgYWRkcmVzcyAwMDAwMDMyOA0KWyAgIDUzLjAzNDEzOV0gcGdkID0gMzIwMGMyMjANClsgICA1My4wMzc3MzhdIFswMDAwMDMyOF0gKnBnZD0zNjk5NTgzNSwgKnB0ZT0wMDAwMDAwMCwgKnBwdGU9MDAwMDAwMDANClsgICA1My4wNDUwNTFdIEludGVybmFsIGVycm9yOiBPb3BzOiAxNyBbIzFdIFNNUCBBUk0NCg0NCgdNZXNzYWdlIGZyb20gc3lzbG9nZEByYXNwYmVycnlwaSBhdCBTZXAgMjYgMFsgICA1My4wNTA3MzBdIE1vZHVsZXMgbGlua2VkIGluOiBibmVwIGhjaV91YXJ0IGJ0YmNtIHNlcmRldiBibHVldG9vdGggZWNkaF9nZW5lcmljIHNoYTI1Nl9nZW5lcmljIGNmZzgwMjExIHJma2lsbCA4MDIxcSBnYXJwIHN0cCBsbGMgcmFzcGJlcnJ5cGlfaHdtb24gaHdtb24gYmNtMjgzNV92NGwyKEMpIGJjbTI4MzVfY29kZWMoQykgdjRsMl9tZW0ybWVtIGJjbTI4MzVfbW1hbF92Y2hpcShDKSB2NGwyX2NvbW1vbiB2aWRlb2J1ZjJfZG1hX2NvbnRpZyB2aWRlb2J1ZjJfdm1hbGxvYyB2aWRlb2J1ZjJfbWVtb3BzIHZpZGVvYnVmMl92NGwyIHNuZF9iY20yODM1KEMpIHZpZGVvYnVmMl9jb21tb24gc25kX3BjbSBzbmRfdGltZXIgc25kIHZpZGVvZGV2IG1lZGlhIHZjX3NtX2NtYShDKSBmaXhlZCB1aW9fcGRydl9nZW5pcnEgdWlvIGlwX3RhYmxlcyB4X3RhYmxlcyBpcHY2DQo1OjI1OjE5IC4uLg0NCiBrZXJuZWw6WyAgIDUzLjA0NTA1MV0gSW50ZXJuYWwgZXJyb3I6IE9vcHM6IDE3IFsjMV0gU01QIEFbICAgNTMuMDk2MzE4XSBDUFU6IDMgUElEOiA0NDQgQ29tbTogdHJ5bWUgVGFpbnRlZDogRyAgICAgICAgIEMgICAgICAgIDQuMTkuNzUtdjcrICMxMjcwDQpSTQ0KDVsgICA1My4xMTA1ODhdIEhhcmR3YXJlIG5hbWU6IEJDTTI4MzUNClsgICA1My4xMTY4ODddIFBDIGlzIGF0IGNvbW1pdF9jcmVkcysweDkwLzB4MjljDQpbICAgNTMuMTI0MDI4XSBMUiBpcyBhdCBfX3N5c19zZXRyZXN1aWQrMHgxNjgvMHgxZjQNClsgICA1My4xMzE0NzRdIHBjIDogWzw4MDE0NTBjOD5dICAgIGxyIDogWzw4MDEzNTEwYz5dICAgIHBzcjogODAwMDAwMTMNClsgICA1My4xNDA2MzFdIHNwIDogYjdkNDdmNjAgIGlwIDogYjdkNDdmNDAgIGZwIDogYjdkNDdmOTQNClsgICA1My4xNDg3NDRdIHIxMDogMDAwMDAwMDAgIHI5IDogMDAwMDAwMDAgIHI4IDogMDAwMDAwMDANClsgICA1My4xNTY4NTldIHI3IDogMDAwMDAwMDAgIHI2IDogMDAwMDAwMDAgIHI1IDogZmZmZmZmZmYgIHI0IDogYjU2MTMzMDANClsgICA1My4xNjYyNjBdIHIzIDogYjU2MTMyODAgIHIyIDogMDAwMDAzZTggIHIxIDogMDAwMDAwMDEgIHIwIDogYjU2MTMzMDANClsgICA1My4xNzU1NjJdIEZsYWdzOiBOemN2ICBJUlFzIG9uICBGSVFzIG9uICBNb2RlIFNWQ18zMiAgSVNBIEFSTSAgU2VnbWVudCB1c2VyDQpbICAgNTMuMTg1NDcyXSBDb250cm9sOiAxMGM1MzgzZCAgVGFibGU6IDMzY2RjMDZhICBEQUM6IDAwMDAwMDU1DQpbICAgNTMuMTkyNDc3XSBQcm9jZXNzIHRyeW1lIChwaWQ6IDQ0NCwgc3RhY2sgbGltaXQgPSAweDgyNDMyMjU2KQ0KWyAgIDUzLjE5OTU2Nl0gU3RhY2s6ICgweGI3ZDQ3ZjYwIHRvIDB4YjdkNDgwMDApDQpbICAgNTMuMjA1MTM3XSA3ZjYwOiAwMDAwMDAwMyBiNTYxMzI4MCAwMDAwMDAxMCAwMDAwMDAwMCAwMDAwMDAwMCAwMDAwMDAwMCAwMDAwMDBkMCA4MDEwMTFjNA0KWyAgIDUzLjIxNTczMl0gN2Y4MDogYjdkNDYwMDAgMDAwMDAwZDAgYjdkNDdmYTQgYjdkNDdmOTggODAxMzUxYjAgODAxMzRmYjAgMDAwMDAwMDAgYjdkNDdmYTgNClsgICA1My4yMjYzMThdIDdmYTA6IDgwMTAxMDAwIDgwMTM1MWE0IDAwMDAwMDAwIDAwMDAwMDAwIDAwMDAwMDAwIDAwMDAwMDAwIDAwMDAwMDAwIDAwMDAwMDAwDQpbICAgNTMuMjM2OTA0XSA3ZmMwOiAwMDAwMDAwMCAwMDAwMDAwMCAwMDAwMDAwMCAwMDAwMDBkMCAwMDAwMDAwMCAwMDAwMDAwMCAwMDAwMDAwMCA3ZThhYWJjNA0KWyAgIDUzLjI0NzUyNl0gN2ZlMDogNzZlOTg2OTQgN2U4YWFiNzggMDAwMTA5NjggMDAwMTA3MzggMDAwMDAwMTAgMDAwMDAwMDAgMDAwMDAwMDAgMDAwMDAwMDANClsgICA1My4yNTgyODFdIFs8ODAxNDUwYzg+XSAoY29tbWl0X2NyZWRzKSBmcm9tIFs8ODAxMzUxYjA+XSAoc3lzX3NldHJlc3VpZCsweDE4LzB4MWMpDQpbICAgNTMuMjY4NjQwXSBbPDgwMTM1MWIwPl0gKHN5c19zZXRyZXN1aWQpIGZyb20gWzw4MDEwMTAwMD5dIChyZXRfZmFzdF9zeXNjYWxsKzB4MC8weDI4KQ0KWyAgIDUzLjI3OTM1OF0gRXhjZXB0aW9uIHN0YWNrKDB4YjdkNDdmYTggdG8gMHhiN2Q0N2ZmMCkNClsgICA1My4yODU4NzVdIDdmYTA6ICAgICAgICAgICAgICAgICAgIDAwMDAwMDAwIDAwMDAwMDAwIDAwMDAwMDAwIDAwMDAwMDAwIDAwMDAwMDAwIDAwMDAwMDAwDQpbICAgNTMuMjk3MDAyXSA3ZmMwOiAwMDAwMDAwMCAwMDAwMDAwMCAwMDAwMDAwMCAwMDAwMDBkMCAwMDAwMDAwMCAwMDAwMDAwMCAwMDAwMDAwMCA3ZThhYWJjNA0KWyAgIDUzLjMwODE2Ml0gN2ZlMDogNzZlOTg2OTQgN2U4YWFiNzggMDAwMTA5NjggMDAwMTA3MzgNClsgICA1My4zMTQ3NDBdIENvZGU6IGUxNWMwMDAzIDBhMDAwMDUwIGU1OTYwMzI4IGUzNTAwMDAwICgwYTAwMDAwMykgDQoNDQoHTWVzc2FnZSBmcm9tWyAgIDUzLjMyMjQzOV0gLS0tWyBlbmQgdHJhY2UgMTkxM2UyYjg1MjNkNmMwZSBdLS0tDQogc3lzbG9nZEByYXNwYmVycnlwaSBhdCBTZXAgMjYgMDU6MjU6MTkgLi4uDQ0KIGtlcm5lbDpbICAgNTMuMTkyNDc3XSBQcm9jZXNzIHRyeW1lIChwaWQ6IDQ0NCwgc3RhY2sgbGltaXQgPSAweDgyNDMyMjU2KQ0KDQ0NCgdNZXNzYWdlIGZyb20gc3lzbG9nZEByYXNwYmVycnlwaSBhdCBTZXAgMjYgMDU6MjU6MTkgLi4uDQ0KIGtlcm5lbDpbICAgNTMuMTk5NTY2XSBTdGFjazogKDB4YjdkNDdmNjAgdG8gMHhiN2Q0ODAwMCkNCg0NDQoHTWVzc2FnZSBmcm9tIHN5c2xvZ2RAcmFzcGJlcnJ5cGkgYXQgU2VwIDI2IDA1OjI1OjE5IC4uLg0NCiBrZXJuZWw6WyAgIDUzLjIwNTEzN10gN2Y2MDogMDAwMDAwMDMgYjU2MTMyODAgMDAwMDAwMTAgMDAwMDAwMDAgMDAwMDAwMDAgMDAwMDAwMDAgMDAwMDAwZDAgODAxMDExYzQNCg0NDQoHTWVzc2FnZSBmcm9tIHN5c2xvZ2RAcmFzcGJlcnJ5cGkgYXQgU2VwIDI2IDA1OjI1OjE5IC4uLg0NCiBrZXJuZWw6WyAgIDUzLjIxNTczMl0gN2Y4MDogYjdkNDYwMDAgMDAwMDAwZDAgYjdkNDdmYTQgYjdkNDdmOTggODAxMzUxYjAgODAxMzRmYjAgMDAwMDAwMDAgYjdkNDdmYTgNCg0NDQoHTWVzc2FnZSBmcm9tIHN5c2xvZ2RAcmFzcGJlcnJ5cGkgYXQgU2VwIDI2IDA1OjI1OjE5IC4uLg0NCiBrZXJuZWw6WyAgIDUzLjIyNjMxOF0gN2ZhMDogODAxMDEwMDAgODAxMzUxYTQgMDAwMDAwMDAgMDAwMDAwMDAgMDAwMDAwMDAgMDAwMDAwMDAgMDAwMDAwMDAgMDAwMDAwMDANCg0NDQoHTWVzc2FnZSBmcm9tIHN5c2xvZ2RAcmFzcGJlcnJ5cGkgYXQgU2VwIDI2IDA1OjI1OjE5IC4uLg0NCiBrZXJuZWw6WyAgIDUzLjIzNjkwNF0gN2ZjMDogMDAwMDAwMDAgMDAwMDAwMDAgMDAwMDAwMDAgMDAwMDAwZDAgMDAwMDAwMDAgMDAwMDAwMDAgMDAwMDAwMDAgN2U4YWFiYzQNCg0NDQoHTWVzc2FnZSBmcm9tIHN5c2xvZ2RAcmFzcGJlcnJ5cGkgYXQgU2VwIDI2IDA1OjI1OjE5IC4uLg0NCiBrZXJuZWw6WyAgIDUzLjI0NzUyNl0gN2ZlMDogNzZlOTg2OTQgN2U4YWFiNzggMDAwMTA5NjggMDAwMTA3MzggMDAwMDAwMTAgMDAwMDAwMDAgMDAwMDAwMDAgMDAwMDAwMDANCg0NDQoHTWVzc2FnZSBmcm9tIHN5c2xvZ2RAcmFzcGJlcnJ5cGkgYXQgU2VwIDI2IDA1OjI1OjE5IC4uLg0NCiBrZXJuZWw6WyAgIDUzLjMxNDc0MF0gQ29kZTogZTE1YzAwMDMgMGEwMDAwNTAgZTU5NjAzMjggZTM1MDAwMDAgKDBhMDAwMDAzKSANCg1TZWdtZW50YXRpb24gZmF1bHQNCnBpQHJhc3BiZXJyeXBpOn4kIA=='
202,134,b'Li90cnltZQ0KNjI1MDAwMA0KZ3JpOjEwMDAvMTAwMC8xMDAwcGlAcmFzcGJlcnJ5cGk6fiQg'
202,135,b'Li90cnltZQ0KNjI1MDAwMA0KZ3JpOjEwMDAvMTAwMC8xMDAwcGlAcmFzcGJlcnJ5cGk6fiQg'
202,133,b'Li90cnltZQ0KNjI1MDAwMA0KZ3JpOjEwMDAvMTAwMC8xMDAwcGlAcmFzcGJlcnJ5cGk6fiQg'
202,134,b'Li90cnltZQ0KNjI1MDAwMA0KZ3JpOjEwMDAvMTAwMC8xMDAwcGlAcmFzcGJlcnJ5cGk6fiQg'
202,132,b'Li90cnltZQ0KNjI1MDAwMA0KZ3JpOjEwMDAvMTAwMC8xMDAwcGlAcmFzcGJlcnJ5cGk6fiQg'
202,130,b'Li90cnltZQ0KNjI1MDAwMA0KZ3JpOjEwMDAvMTAwMC8xMDAwcGlAcmFzcGJlcnJ5cGk6fiQg'
202,134,b'Li90cnltZQ0KNjI1MDAwMA0KZ3JpOjEwMDAvMTAwMC8xMDAwcGlAcmFzcGJlcnJ5cGk6fiQg'
202,132,b'Li90cnltZQ0KWyAgIDU5LjA5NDA5MF0gVW5hYmxlIHRvIGhhbmRsZSBrZXJuZWwgcGFnaW5nIHJlcXVlc3QgYXQgdmlydHVhbCBhZGRyZXNzIDM5NmYwMDMwDQpbICAgNTkuMTAyODk1XSBwZ2QgPSAzMjAwYzIyMA0KWyAgIDU5LjEwNzAxN10gWzM5NmYwMDMwXSAqcGdkPTAwMDAwMDAwDQpbICAgNTkuMTExOTkyXSBJbnRlcm5hbCBlcnJvcjogT29wczogNSBbIzJdIFNNUCBBUk0NClsgICA1OS4xMTc5OTddIE1vZHVsZXMgbGlua2VkIGluOiBibmVwIGhjaV91YXJ0IGJ0YmNtIHNlcmRldiBibHVldG9vdGggZWNkaF9nZW5lcmljIHNoYTI1Nl9nZW5lcmljIGNmZzgwMjExIHJma2lsbCA4MDIxcSBnYXJwIHN0cCBsbGMgcmFzcGJlcnJ5cGlfaHdtb24gaHdtb24gYmNtMjgzNV92NGwyKEMpIGJjbTI4MzVfY29kZWMoQykgdjRsMl9tZW0ybWVtIGJjbTI4MzVfbW1hbF92Y2hpcShDKSB2NGwyX2NvbW1vbiB2aWRlb2J1ZjJfZG1hX2NvbnRpZyB2aWRlb2J1ZjJfdm1hbGxvYyB2aWRlb2J1ZjJfbWVtb3BzIHZpZGVvYnVmMl92NGwyIHNuZF9iY20yODM1KEMpIHZpZGVvYnVmMl9jb21tb24gc25kX3BjbSBzbmRfdGltZXIgc25kIHZpZGVvZGV2IG1lZGlhIHZjX3NtX2NtYShDKSBmaXhlZCB1aW9fcGRydl9nZW5pcnEgdWlvIGlwX3RhYmxlcyB4X3RhYmxlcyBpcHY2DQpbICAgNTkuMTY1MDcyXSBDUFU6IDMgUElEOiA0NTIgQ29tbTogdHJ5bWUgVGFpbnRlZDogRyAgICAgIEQgIEMgICAgICAgIDQuMTkuNzUtdjcrICMxMjcwDQpbICAgNTkuMTc1NTk1XSBIYXJkd2FyZSBuYW1lOiBCQ00yODM1DQpbICAgNTkuMTgwMzEzXSBQQyBpcyBhdCBfX2NhbGxfcmN1LmNvbnN0cHJvcC4xMSsweDUwLzB4Mjg0DQpbICAgNTkuMTg2ODcyXSBMUiBpcyBhdCAgIChudWxsKQ0KWyAgIDU5LjE5MTA5OV0gcGMgOiBbPDgwMThlZThjPl0gICAgbHIgOiBbPDAwMDAwMDAwPl0gICAgcHNyOiA0MDAwMDA5Mw0KWyAgIDU5LjE5ODY4Nl0gc3AgOiBiN2Q0N2YwMCAgaXAgOiBiN2Q0NjAwMCAgZnAgOiBiN2Q0N2YyYw0KWyAgIDU5LjIwNTE4NF0gcjEwOiAwMDAwMDAwMCAgcjkgOiAwMDAwMDAwMCAgcjggOiBiNTYxMzdmMA0KWyAgIDU5LjIxMTY2N10gcjcgOiA4MGQxMDc4MCAgcjYgOiAzOTZmMDAwMCAgcjUgOiA2MDAwMDAxMyAgcjQgOiA4MDE0NGQ2NA0KWyAgIDU5LjIxOTQ3N10gcjMgOiAzOTZmMDAwMCAgcjIgOiBiN2Q0N2VhMCAgcjEgOiAwMDAwMDAwMCAgcjAgOiAzOTZmMDAwMA0KWyAgIDU5LjIyNzI3MV0gRmxhZ3M6IG5aY3YgIElSUXMgb2ZmICBGSVFzIG9uICBNb2RlIFNWQ18zMiAgSVNBIEFSTSAgU2VnbWVudCB1c2VyDQpbICAgNTkuMjM1Nzc1XSBDb250cm9sOiAxMGM1MzgzZCAgVGFibGU6IDMzY2RjMDZhICBEQUM6IDAwMDAwMDU1DQpbICAgNTkuMjQyNzY1XSBQcm9jZXNzIHRyeW1lIChwaWQ6IDQ1Miwgc3RhY2sgbGltaXQgPSAweDgyNDMyMjU2KQ0KWyAgIDU5LjI0OTg2Nl0gU3RhY2s6ICgweGI3ZDQ3ZjAwIHRvIDB4YjdkNDgwMDApDQpbICAgNTkuMjU1NDY2XSA3ZjAwOiAwMDAwMDAwMCBiNTYxMzc4MCBmZmZmZmZmZiAwMDAwMDAwMCAwMDAwMDAwMCAwMDAwMDAwMCAwMDAwMDAwMCAwMDAwMDAwMA0KWyAgIDU5LjI2NjExOV0gN2YyMDogYjdkNDdmM2MgYjdkNDdmMzAgODAxOGYxMzggODAxOGVlNGMgYjdkNDdmNGMgYjdkNDdmNDAgODAxNDRlYzQgODAxOGYxMjANClsgICA1OS4yNzY3NjRdIDdmNDA6IGI3ZDQ3ZjVjIGI3ZDQ3ZjUwIDgwMTQ1MzIwIDgwMTQ0ZTY4IGI3ZDQ3Zjk0IGI3ZDQ3ZjYwIDgwMTM1MTBjIDgwMTQ1MmUwDQpbICAgNTkuMjg3NDE1XSA3ZjYwOiAwMDAwMDAwMyBiNTYxMzcwMCAwMDAwMDAxMCAwMDAwMDAwMCAwMDAwMDAwMCAwMDAwMDAwMCAwMDAwMDBkMCA4MDEwMTFjNA0KWyAgIDU5LjMwMTIwOV0gN2Y4MDogYjdkNDYwMDAgMDAwMDAwZDAgYjdkNDdmYTQgYjdkNDdmOTggODAxMzUxYjAgODAxMzRmYjAgMDAwMDAwMDAgYjdkNDdmYTgNClsgICA1OS4zMTUyNjddIDdmYTA6IDgwMTAxMDAwIDgwMTM1MWE0IDAwMDAwMDAwIDAwMDAwMDAwIDAwMDAwMDAwIDAwMDAwMDAwIDAwMDAwMDAwIDAwMDAwMDAwDQpbICAgNTkuMzI5NTkzXSA3ZmMwOiAwMDAwMDAwMCAwMDAwMDAwMCAwMDAwMDAwMCAwMDAwMDBkMCAwMDAwMDAwMCAwMDAwMDAwMCAwMDAwMDAwMCA3ZTg5MWJjNA0KWyAgIDU5LjM0NDE1N10gN2ZlMDogNzZlNDQ2OTQgN2U4OTFiNzggMDAwMTA5NjggMDAwMTA3MzggMDAwMDAwMTAgMDAwMDAwMDAgMDAwMDAwMDAgMDAwMDAwMDANClsgICA1OS4zNTkwMzldIFs8ODAxOGVlOGM+XSAoX19jYWxsX3JjdS5jb25zdHByb3AuMTEpIGZyb20gWzw4MDE4ZjEzOD5dIChyY3Vfcm5wX29ubGluZV9jcHVzKzB4MC8weDFjKQ0KWyAgIDU5LjM3NDk3MV0gWzw4MDE4ZjEzOD5dIChyY3Vfcm5wX29ubGluZV9jcHVzKSBmcm9tIFs8ODAxNDRlYzQ+XSAoX19wdXRfY3JlZCsweDY4LzB4ODApDQpbICAgNTkuMzkwMDA5XSBbPDgwMTQ0ZWM0Pl0gKF9fcHV0X2NyZWQpIGZyb20gWzw4MDE0NTMyMD5dIChhYm9ydF9jcmVkcysweDRjLzB4NTQpDQpbICAgNTkuNDAxMDI2XSBbPDgwMTQ1MzIwPl0gKGFib3J0X2NyZWRzKSBmcm9tIFs8ODAxMzUxMGM+XSAoX19zeXNfc2V0cmVzdWlkKzB4MTY4LzB4MWY0KQ0KWyAgIDU5LjQxNTk5MF0gWzw4MDEzNTEwYz5dIChfX3N5c19zZXRyZXN1aWQpIGZyb20gWzw4MDEzNTFiMD5dIChzeXNfc2V0cmVzdWlkKzB4MTgvMHgxYykNClsgICA1OS40MzA5NzFdIFs8ODAxMzUxYjA+XSAoc3lzX3NldHJlc3VpZCkgZnJvbSBbPDgwMTAxMDAwPl0gKHJldF9mYXN0X3N5c2NhbGwrMHgwLzB4MjgpDQpbICAgNTkuNDQ1OTYxXSBFeGNlcHRpb24gc3RhY2soMHhiN2Q0N2ZhOCB0byAweGI3ZDQ3ZmYwKQ0KWyAgIDU5LjQ1NDU0OV0gN2ZhMDogICAgICAgICAgICAgICAgICAgMDAwMDAwMDAgMDAwMDAwMDAgMDAwMDAwMDAgMDAwMDAwMDAgMDAwMDAwMDAgMDAwMDAwMDANClsgICA1OS40Njk2NTBdIDdmYzA6IDAwMDAwMDAwIDAwMDAwMDAwIDAwMDAwMDAwIDAwMDAwMGQwIDAwMDAwMDAwIDAwMDAwMDAwIDAwMDAwMDAwIDdlODkxYmM0DQpbICAgNTkuNDg0NzEyXSA3ZmUwOiA3NmU0NDY5NCA3ZTg5MWI3OCAwMDAxMDk2OCAwMDAxMDczOA0KWyAgIDU5LjQ5MzE5Nl0gQ29kZTogZWIwMWNjM2UgZTU5NzYxNDggZWUxZDNmOTAgZTA4MzYwMDYgKGU1OTYzMDMwKSANClsgICA1OS41MDEwNTVdIC0tLVsgZW5kIHRyYWNlIDE5MTNlMmI4NTIzZDZjMGYgXS0tLQ0KDQ0KB01lc3NhZ2UgZnJvbSBzeXNsb2dkQHJhc3BiZXJyeXBpIGF0IFNlcCAyNiAwNToyNToyNiAuLi4NDQoga2VybmVsOlsgICA1OS4xMTE5OTJdIEludGVybmFsIGVycm9yOiBPb3BzOiA1IFsjMl0gU01QIEFSTQ0KDQ0NCgdNZXNzYWdlIGZyb20gc3lzbG9nZEByYXNwYmVycnlwaSBhdCBTZXAgMjYgMDU6MjU6MjYgLi4uDQ0KIGtlcm5lbDpbICAgNTkuMjQyNzY1XSBQcm9jZXNzIHRyeW1lIChwaWQ6IDQ1Miwgc3RhY2sgbGltaXQgPSAweDgyNDMyMjU2KQ0KDQ0NCgdNZXNzYWdlIGZyb20gc3lzbG9nZEByYXNwYmVycnlwaSBhdCBTZXAgMjYgMDU6MjU6MjYgLi4uDQ0KIGtlcm5lbDpbICAgNTkuMjQ5ODY2XSBTdGFjazogKDB4YjdkNDdmMDAgdG8gMHhiN2Q0ODAwMCkNCg0NDQoHTWVzc2FnZSBmcm9tIHN5c2xvZ2RAcmFzcGJlcnJ5cGkgYXQgU2VwIDI2IDA1OjI1OjI2IC4uLg0NCiBrZXJuZWw6WyAgIDU5LjI1NTQ2Nl0gN2YwMDogMDAwMDAwMDAgYjU2MTM3ODAgZmZmZmZmZmYgMDAwMDAwMDAgMDAwMDAwMDAgMDAwMDAwMDAgMDAwMDAwMDAgMDAwMDAwMDANCg0NDQoHTWVzc2FnZSBmcm9tIHN5c2xvZ2RAcmFzcGJlcnJ5cGkgYXQgU2VwIDI2IDA1OjI1OjI2IC4uLg0NCiBrZXJuZWw6WyAgIDU5LjI2NjExOV0gN2YyMDogYjdkNDdmM2MgYjdkNDdmMzAgODAxOGYxMzggODAxOGVlNGMgYjdkNDdmNGMgYjdkNDdmNDAgODAxNDRlYzQgODAxOGYxMjANCg0NDQoHTWVzc2FnZSBmcm9tIHN5c2xvZ2RAcmFzcGJlcnJ5cGkgYXQgU2VwIDI2IDA1OjI1OjI2IC4uLg0NCiBrZXJuZWw6WyAgIDU5LjI3Njc2NF0gN2Y0MDogYjdkNDdmNWMgYjdkNDdmNTAgODAxNDUzMjAgODAxNDRlNjggYjdkNDdmOTQgYjdkNDdmNjAgODAxMzUxMGMgODAxNDUyZTANCg0NDQoHTWVzc2FnZSBmcm9tIHN5c2xvZ2RAcmFzcGJlcnJ5cGkgYXQgU2VwIDI2IDA1OjI1OjI2IC4uLg0NCiBrZXJuZWw6WyAgIDU5LjI4NzQxNV0gN2Y2MDogMDAwMDAwMDMgYjU2MTM3MDAgMDAwMDAwMTAgMDAwMDAwMDAgMDAwMDAwMDAgMDAwMDAwMDAgMDAwMDAwZDAgODAxMDExYzQNCg0NDQoHTWVzc2FnZSBmcm9tIHN5c2xvZ2RAcmFzcGJlcnJ5cGkgYXQgU2VwIDI2IDA1OjI1OjI2IC4uLg0NCiBrZXJuZWw6WyAgIDU5LjMwMTIwOV0gN2Y4MDogYjdkNDYwMDAgMDAwMDAwZDAgYjdkNDdmYTQgYjdkNDdmOTggODAxMzUxYjAgODAxMzRmYjAgMDAwMDAwMDAgYjdkNDdmYTgNCg0NDQoHTWVzc2FnZSBmcm9tIHN5c2xvZ2RAcmFzcGJlcnJ5cGkgYXQgU2VwIDI2IDA1OjI1OjI2IC4uLg0NCiBrZXJuZWw6WyAgIDU5LjMxNTI2N10gN2ZhMDogODAxMDEwMDAgODAxMzUxYTQgMDAwMDAwMDAgMDAwMDAwMDAgMDAwMDAwMDAgMDAwMDAwMDAgMDAwMDAwMDAgMDAwMDAwMDANCg0NDQoHTWVzc2FnZSBmcm9tIHN5c2xvZ2RAcmFzcGJlcnJ5cGkgYXQgU2VwIDI2IDA1OjI1OjI2IC4uLg0NCiBrZXJuZWw6WyAgIDU5LjMyOTU5M10gN2ZjMDogMDAwMDAwMDAgMDAwMDAwMDAgMDAwMDAwMDAgMDAwMDAwZDAgMDAwMDAwMDAgMDAwMDAwMDAgMDAwMDAwMDAgN2U4OTFiYzQNCg0NDQoHTWVzc2FnZSBmcm9tIHN5c2xvZ2RAcmFzcGJlcnJ5cGkgYXQgU2VwIDI2IDA1OjI1OjI2IC4uLg0NCiBrZXJuZWw6WyAgIDU5LjM0NDE1N10gN2ZlMDogNzZlNDQ2OTQgN2U4OTFiNzggMDAwMTA5NjggMDAwMTA3MzggMDAwMDAwMTAgMDAwMDAwMDAgMDAwMDAwMDAgMDAwMDAwMDANCg0NDQoHTWVzc2FnZSBmcm9tIHN5c2xvZ2RAcmFzcGJlcnJ5cGkgYXQgU2VwIDI2IDA1OjI1OjI2IC4uLg0NCiBrZXJuZWw6WyAgIDU5LjQ5MzE5Nl0gQ29kZTogZWIwMWNjM2UgZTU5NzYxNDggZWUxZDNmOTAgZTA4MzYwMDYgKGU1OTYzMDMwKSANCg1TZWdtZW50YXRpb24gZmF1bHQNCnBpQHJhc3BiZXJyeXBpOn4kIA=='
