187,147,b'Li90cnltZQ0KNjI1MDAwMA0KZ3JpOjEwMDAvMTAwMC8xMDAwcGlAcmFzcGJlcnJ5cGk6fiQg'
187,143,b'Li90cnltZQ0KWyAgIDc5LjAxNDA2M10gSW50ZXJuYWwgZXJyb3I6IE9vcHMgLSB1bmRlZmluZWQgaW5zdHJ1Y3Rpb246IDAgWyMxXSBTTVAgQVJNDQpbICAgNzkuMDIxNzkxXSBNb2R1bGVzIGxpbmtlZCBpbjogYm5lcCBoY2lfdWFydCBidGJjbSBzZXJkZXYgYmx1ZXRvb3RoIGVjZGhfZ2VuZXJpYyBzaGEyNTZfZ2VuZXJpYyBjZmc4MDIxMSByZmtpbGwgODAyMXEgZ2FycCBzdHAgbGxjIHJhc3BiZXJyeXBpX2h3bW9uIGh3bW9uIHNuZF9iY20yODM1KEMpIGJjbTI4MzVfdjRsMihDKSB2NGwyX2NvbW1vbiBzbmRfcGNtIGJjbTI4MzVfY29kZWMoQykgdjRsMl9tZW0ybWVtIHZpZGVvYnVmMl92bWFsbG9jIGJjbTI4MzVfbW1hbF92Y2hpcShDKSB2aWRlb2J1ZjJfZG1hX2NvbnRpZyBzbmRfdGltZXIgdmlkZW9idWYyX21lbW9wcyB2aWRlb2J1ZjJfdjRsMiBzbmQgdmlkZW9idWYyX2NvbW1vbiB2aWRlb2RldiBtZWRpYSB2Y19zbV9jbWEoQykgdWlvX3BkcnZfZ2VuaXJxIHVpbyBmaXhlZCBpcF90YWJsZXMgeF90YWJsZXMgaXB2Ng0KWyAgIDc5LjA2Njc3OV0gQ1BVOiAyIFBJRDogNDUwIENvbW06IHRyeW1lIFRhaW50ZWQ6IEcgICAgICAgICBDICAgICAgICA0LjE5Ljc1LXY3KyAjMTI3MA0KWyAgIDc5LjA3Njg4Nl0gSGFyZHdhcmUgbmFtZTogQkNNMjgzNQ0KWyAgIDc5LjA4MTQ0N10gUEMgaXMgYXQgYWJvcnRfY3JlZHMrMHgyOC8weDU0DQpbICAgNzkuMDg2NzI5XSBMUiBpcyBhdCBfX3N5c19zZXRyZXN1aWQrMHgxNjgvMHgxZjQNClsgICA3OS4wOTI1NDVdIHBjIDogWzw4MDE0NTJmYz5dICAgIGxyIDogWzw4MDEzNTEwYz5dICAgIHBzcjogMjAwMDAwMTMNClsgICA3OS4xMDAwODddIHNwIDogYjdmZjlmNTAgIGlwIDogYjdmZjlmNjAgIGZwIDogYjdmZjlmNWMNClsgICA3OS4xMDY1OTFdIHIxMDogMDAwMDAwMDAgIHI5IDogMDAwMDAwMDAgIHI4IDogMDAwMDAwMDANClsgICA3OS4xMTMwNzVdIHI3IDogMDAwMDAwMDAgIHI2IDogMDAwMDAwMDAgIHI1IDogZmZmZmZmZmYgIHI0IDogYjNjM2E1ODANClsgICA3OS4xMjA4NzBdIHIzIDogYjNjM2E1MDAgIHIyIDogMDAwMDAwMDAgIHIxIDogMDAwMDAwMDEgIHIwIDogYjNjM2E1ODANClsgICA3OS4xMjg2MzddIEZsYWdzOiBuekN2ICBJUlFzIG9uICBGSVFzIG9uICBNb2RlIFNWQ18zMiAgSVNBIEFSTSAgU2VnbWVudCB1c2VyDQpbICAgNzkuMTM3MDU3XSBDb250cm9sOiAxMGM1MzgzZCAgVGFibGU6IDMzY2E0MDZhICBEQUM6IDAwMDAwMDU1DQpbICAgNzkuMTQ0MDgxXSBQcm9jZXNzIHRyeW1lIChwaWQ6IDQ1MCwgc3RhY2sgbGltaXQgPSAweDc1NzcwOGRmKQ0KWyAgIDc5LjE1MTE4MV0gU3RhY2s6ICgweGI3ZmY5ZjUwIHRvIDB4YjdmZmEwMDApDQpbICAgNzkuMTU2NzQ5XSA5ZjQwOiAgICAgICAgICAgICAgICAgICAgICAgICAgICAgICAgICAgICBiN2ZmOWY5NCBiN2ZmOWY2MCA4MDEzNTEwYyA4MDE0NTJlMA0KWyAgIDc5LjE2NzI5M10gOWY2MDogMDAwMDAwMDMgYjNjM2E1MDAgMDAwMDAwMTAgMDAwMDAwMDAgMDAwMDAwMDAgMDAwMDAwMDAgMDAwMDAwZDAgODAxMDExYzQNClsgICA3OS4xNzc3OThdIDlmODA6IGI3ZmY4MDAwIDAwMDAwMGQwIGI3ZmY5ZmE0IGI3ZmY5Zjk4IDgwMTM1MWIwIDgwMTM0ZmIwIDAwMDAwMDAwIGI3ZmY5ZmE4DQpbICAgNzkuMTg4MjkzXSA5ZmEwOiA4MDEwMTAwMCA4MDEzNTFhNCAwMDAwMDAwMCAwMDAwMDAwMCAwMDAwMDAwMCAwMDAwMDAwMCAwMDAwMDAwMCAwMDAwMDAwMA0KWyAgIDc5LjE5ODgyNV0gOWZjMDogMDAwMDAwMDAgMDAwMDAwMDAgMDAwMDAwMDAgMDAwMDAwZDAgMDAwMDAwMDAgMDAwMDAwMDAgMDAwMDAwMDAgN2ViMGZiYzQNClsgICA3OS4yMDk0ODRdIDlmZTA6IDc2ZjAyNjk0IDdlYjBmYjc4IDAwMDEwOTY4IDAwMDEwNzM4IDAwMDAwMDEwIDAwMDAwMDAwIDAwMDAwMDAwIDAwMDAwMDAwDQpbICAgNzkuMjIwMjg1XSBbPDgwMTQ1MmZjPl0gKGFib3J0X2NyZWRzKSBmcm9tIFs8ODAxMzUxMGM+XSAoX19zeXNfc2V0cmVzdWlkKzB4MTY4LzB4MWY0KQ0KWyAgIDc5LjIzMTA3MF0gWzw4MDEzNTEwYz5dIChfX3N5c19zZXRyZXN1aWQpIGZyb20gWzw4MDEzNTFiMD5dIChzeXNfc2V0cmVzdWlkKzB4MTgvMHgxYykNClsgICA3OS4yNDU0OTVdIFs8ODAxMzUxYjA+XSAoc3lzX3NldHJlc3VpZCkgZnJvbSBbPDgwMTAxMDAwPl0gKHJldF9mYXN0X3N5c2NhbGwrMHgwLzB4MjgpDQpbICAgNzkuMjYwMDk3XSBFeGNlcHRpb24gc3RhY2soMHhiN2ZmOWZhOCB0byAweGI3ZmY5ZmYwKQ0KWyAgIDc5LjI2ODU1NV0gOWZhMDogICAgICAgICAgICAgICAgICAgMDAwMDAwMDAgMDAwMDAwMDAgMDAwMDAwMDAgMDAwMDAwMDAgMDAwMDAwMDAgMDAwMDAwMDANClsgICA3OS4yODM1MzFdIDlmYzA6IDAwMDAwMDAwIDAwMDAwMDAwIDAwMDAwMDAwIDAwMDAwMGQwIDAwMDAwMDAwIDAwMDAwMDAwIDAwMDAwMDAwIDdlYjBmYmM0DQpbICAgNzkuMjk4NjQ4XSA5ZmUwOiA3NmYwMjY5NCA3ZWIwZmI3OCAwMDAxMDk2OCAwMDAxMDczOA0KWyAgIDc5LjMwNzE2MV0gQ29kZTogZTM1MjAwMDAgZGEwMDAwMGIgZjU3ZmYwNWIgZjU5MGYwMDAgKGUxOTAyZjlmKSANClsgICA3OS4zMTY3MTJdIC0tLVsgZW5kIHRyYWNlIDFmZWZlNTVmN2IzZmVmMWUgXS0tLQ0KDQ0KB01lc3NhZ2UgZnJvbSBzeXNsb2dkQHJhc3BiZXJyeXBpIGF0IFNlcCAyNiAwNToyNTo0NSAuLi4NDQoga2VybmVsOlsgICA3OS4wMTQwNjNdIEludGVybmFsIGVycm9yOiBPb3BzIC0gdW5kZWZpbmVkIGluc3RydWN0aW9uOiAwIFsjMV0gU01QIEFSTQ0KDQ0NCgdNZXNzYWdlIGZyb20gc3lzbG9nZEByYXNwYmVycnlwaSBhdCBTZXAgMjYgMDU6MjU6NDUgLi4uDQ0KIGtlcm5lbDpbICAgNzkuMTQ0MDgxXSBQcm9jZXNzIHRyeW1lIChwaWQ6IDQ1MCwgc3RhY2sgbGltaXQgPSAweDc1NzcwOGRmKQ0KDQ0NCgdNZXNzYWdlIGZyb20gc3lzbG9nZEByYXNwYmVycnlwaSBhdCBTZXAgMjYgMDU6MjU6NDUgLi4uDQ0KIGtlcm5lbDpbICAgNzkuMTUxMTgxXSBTdGFjazogKDB4YjdmZjlmNTAgdG8gMHhiN2ZmYTAwMCkNCg0NDQoHTWVzc2FnZSBmcm9tIHN5c2xvZ2RAcmFzcGJlcnJ5cGkgYXQgU2VwIDI2IDA1OjI1OjQ1IC4uLg0NCiBrZXJuZWw6WyAgIDc5LjE1Njc0OV0gOWY0MDogICAgICAgICAgICAgICAgICAgICAgICAgICAgICAgICAgICAgYjdmZjlmOTQgYjdmZjlmNjAgODAxMzUxMGMgODAxNDUyZTANCg0NDQoHTWVzc2FnZSBmcm9tIHN5c2xvZ2RAcmFzcGJlcnJ5cGkgYXQgU2VwIDI2IDA1OjI1OjQ1IC4uLg0NCiBrZXJuZWw6WyAgIDc5LjE2NzI5M10gOWY2MDogMDAwMDAwMDMgYjNjM2E1MDAgMDAwMDAwMTAgMDAwMDAwMDAgMDAwMDAwMDAgMDAwMDAwMDAgMDAwMDAwZDAgODAxMDExYzQNCg0NDQoHTWVzc2FnZSBmcm9tIHN5c2xvZ2RAcmFzcGJlcnJ5cGkgYXQgU2VwIDI2IDA1OjI1OjQ1IC4uLg0NCiBrZXJuZWw6WyAgIDc5LjE3Nzc5OF0gOWY4MDogYjdmZjgwMDAgMDAwMDAwZDAgYjdmZjlmYTQgYjdmZjlmOTggODAxMzUxYjAgODAxMzRmYjAgMDAwMDAwMDAgYjdmZjlmYTgNCg0NDQoHTWVzc2FnZSBmcm9tIHN5c2xvZ2RAcmFzcGJlcnJ5cGkgYXQgU2VwIDI2IDA1OjI1OjQ1IC4uLg0NCiBrZXJuZWw6WyAgIDc5LjE4ODI5M10gOWZhMDogODAxMDEwMDAgODAxMzUxYTQgMDAwMDAwMDAgMDAwMDAwMDAgMDAwMDAwMDAgMDAwMDAwMDAgMDAwMDAwMDAgMDAwMDAwMDANCg0NDQoHTWVzc2FnZSBmcm9tIHN5c2xvZ2RAcmFzcGJlcnJ5cGkgYXQgU2VwIDI2IDA1OjI1OjQ1IC4uLg0NCiBrZXJuZWw6WyAgIDc5LjE5ODgyNV0gOWZjMDogMDAwMDAwMDAgMDAwMDAwMDAgMDAwMDAwMDAgMDAwMDAwZDAgMDAwMDAwMDAgMDAwMDAwMDAgMDAwMDAwMDAgN2ViMGZiYzQNCg0NDQoHTWVzc2FnZSBmcm9tIHN5c2xvZ2RAcmFzcGJlcnJ5cGkgYXQgU2VwIDI2IDA1OjI1OjQ1IC4uLg0NCiBrZXJuZWw6WyAgIDc5LjIwOTQ4NF0gOWZlMDogNzZmMDI2OTQgN2ViMGZiNzggMDAwMTA5NjggMDAwMTA3MzggMDAwMDAwMTAgMDAwMDAwMDAgMDAwMDAwMDAgMDAwMDAwMDANCg0NDQoHTWVzc2FnZSBmcm9tIHN5c2xvZ2RAcmFzcGJlcnJ5cGkgYXQgU2VwIDI2IDA1OjI1OjQ1IC4uLg0NCiBrZXJuZWw6WyAgIDc5LjMwNzE2MV0gQ29kZTogZTM1MjAwMDAgZGEwMDAwMGIgZjU3ZmYwNWIgZjU5MGYwMDAgKGUxOTAyZjlmKSANCg1TZWdtZW50YXRpb24gZmF1bHQNCnBpQHJhc3BiZXJyeXBpOn4kIA=='
187,138,b'Li90cnltZQ0KNjI1MDAwMA0KZ3JpOjEwMDAvMTAwMC8xMDAwcGlAcmFzcGJlcnJ5cGk6fiQg'
187,149,b'Li90cnltZQ0KNjI1MDAwMA0KZ3JpOjEwMDAvMTAwMC8xMDAwcGlAcmFzcGJlcnJ5cGk6fiQg'
187,136,b'Li90cnltZQ0KNjI1MDAwMA0KZ3JpOjEwMDAvMTAwMC8xMDAwcGlAcmFzcGJlcnJ5cGk6fiQg'
187,152,b'Li90cnltZQ0KNjI1MDAwMA0KZ3JpOjEwMDAvMTAwMC8xMDAwcGlAcmFzcGJlcnJ5cGk6fiQg'
187,141,b'Li90cnltZQ0KNjI1MDAwMA0KZ3JpOjEwMDAvMTAwMC8xMDAwcGlAcmFzcGJlcnJ5cGk6fiQg'
187,143,b'Li90cnltZQ0KNjI1MDAwMA0KZ3JpOjEwMDAvMTAwMC8xMDAwcGlAcmFzcGJlcnJ5cGk6fiQg'
187,140,b'Li90cnltZQ0KNjI1MDAwMA0KZ3JpOjEwMDAvMTAwMC8xMDAwcGlAcmFzcGJlcnJ5cGk6fiQg'
187,137,b'Li90cnltZQ0KNjI1MDAwMA0KZ3JpOjEwMDAvMTAwMC8xMDAwcGlAcmFzcGJlcnJ5cGk6fiQg'
187,152,b'Li90cnltZQ0KNjI1MDAwMA0KZ3JpOjEwMDAvMTAwMC8xMDAwcGlAcmFzcGJlcnJ5cGk6fiQg'
187,140,b'Li90cnltZQ0KWyAgIDg2LjU5NDA4OF0gLS0tLS0tLS0tLS0tWyBjdXQgaGVyZSBdLS0tLS0tLS0tLS0tDQpbICAgODYuNjAwMTk1XSBrZXJuZWwgQlVHIGF0IGtlcm5lbC9jcmVkLmM6NTIyIQ0KWyAgIDg2LjYwNTg3Ml0gSW50ZXJuYWwgZXJyb3I6IE9vcHMgLSBCVUc6IDAgWyMyXSBTTVAgQVJNDQpbICAgODYuNjEyNDExXSBNb2R1bGVzIGxpbmtlZCBpbjogYm5lcCBoY2lfdWFydCBidGJjbSBzZXJkZXYgYmx1ZXRvb3RoIGVjZGhfZ2VuZXJpYyBzaGEyNTZfZ2VuZXJpYyBjZmc4MDIxMSByZmtpbGwgODAyMXEgZ2FycCBzdHAgbGxjIHJhc3BiZXJyeXBpX2h3bW9uIGh3bW9uIHNuZF9iY20yODM1KEMpIGJjbTI4MzVfdjRsMihDKSB2NGwyX2NvbW1vbiBzbmRfcGNtIGJjbTI4MzVfY29kZWMoQykgdjRsMl9tZW0ybWVtIHZpZGVvYnVmMl92bWFsbG9jIGJjbTI4MzVfbW1hbF92Y2hpcShDKSB2aWRlb2J1ZjJfZG1hX2NvbnRpZyBzbmRfdGltZXIgdmlkZW9idWYyX21lbW9wcyB2aWRlb2J1ZjJfdjRsMiBzbmQgdmlkZW9idWYyX2NvbW1vbiB2aWRlb2RldiBtZWRpYSB2Y19zbV9jbWEoQykgdWlvX3BkcnZfZ2VuaXJxIHVpbyBmaXhlZCBpcF90YWJsZXMgeF90YWJsZXMgaXB2Ng0KWyAgIDg2LjY1OTUwMV0gQ1BVOiAyIFBJRDogNDYwIENvbW06IHRyeW1lIFRhaW50ZWQ6IEcgICAgICBEICBDICAgICAgICA0LjE5Ljc1LXY3KyAjMTI3MA0KWyAgIDg2LjY3MDAzNF0gSGFyZHdhcmUgbmFtZTogQkNNMjgzNQ0KWyAgIDg2LjY3NDczNV0gUEMgaXMgYXQgYWJvcnRfY3JlZHMrMHg1MC8weDU0DQpbICAgODYuNjgwMTI1XSBMUiBpcyBhdCBfX3N5c19zZXRyZXN1aWQrMHgxNjgvMHgxZjQNClsgICA4Ni42ODYwMTVdIHBjIDogWzw4MDE0NTMyND5dICAgIGxyIDogWzw4MDEzNTEwYz5dICAgIHBzcjogNjAwMDAwMTMNClsgICA4Ni42OTM1ODldIHNwIDogYjdmZjlmNTAgIGlwIDogYjdmZjlmNjAgIGZwIDogYjdmZjlmNWMNClsgICA4Ni43MDAwNzRdIHIxMDogMDAwMDAwMDAgIHI5IDogMDAwMDAwMDAgIHI4IDogMDAwMDAwMDANClsgICA4Ni43MDY1MjZdIHI3IDogMDAwMDAwMDAgIHI2IDogMDAwMDAwMDAgIHI1IDogZmZmZmZmZmYgIHI0IDogYjNjM2FiMDANClsgICA4Ni43MTQyOTVdIHIzIDogYjNjM2FhODAgIHIyIDogMDAwMDAwMDAgIHIxIDogMDAwMDAwMDEgIHIwIDogYjNjM2FiMDANClsgICA4Ni43MjIwNDBdIEZsYWdzOiBuWkN2ICBJUlFzIG9uICBGSVFzIG9uICBNb2RlIFNWQ18zMiAgSVNBIEFSTSAgU2VnbWVudCB1c2VyDQpbICAgODYuNzMwNDE4XSBDb250cm9sOiAxMGM1MzgzZCAgVGFibGU6IDMzY2Q4MDZhICBEQUM6IDAwMDAwMDU1DQpbICAgODYuNzM3Mzk5XSBQcm9jZXNzIHRyeW1lIChwaWQ6IDQ2MCwgc3RhY2sgbGltaXQgPSAweDc1NzcwOGRmKQ0KWyAgIDg2Ljc0NDQ3OF0gU3RhY2s6ICgweGI3ZmY5ZjUwIHRvIDB4YjdmZmEwMDApDQpbICAgODYuNzUwMDUxXSA5ZjQwOiAgICAgICAgICAgICAgICAgICAgICAgICAgICAgICAgICAgICBiN2ZmOWY5NCBiN2ZmOWY2MCA4MDEzNTEwYyA4MDE0NTJlMA0KWyAgIDg2Ljc2MDYwN10gOWY2MDogMDAwMDAwMDMgYjNjM2FhODAgMDAwMDAwMTAgMDAwMDAwMDAgMDAwMDAwMDAgMDAwMDAwMDAgMDAwMDAwZDAgODAxMDExYzQNClsgICA4Ni43NzExMjNdIDlmODA6IGI3ZmY4MDAwIDAwMDAwMGQwIGI3ZmY5ZmE0IGI3ZmY5Zjk4IDgwMTM1MWIwIDgwMTM0ZmIwIDAwMDAwMDAwIGI3ZmY5ZmE4DQpbICAgODYuNzgxNjMxXSA5ZmEwOiA4MDEwMTAwMCA4MDEzNTFhNCAwMDAwMDAwMCAwMDAwMDAwMCAwMDAwMDAwMCAwMDAwMDAwMCAwMDAwMDAwMCAwMDAwMDAwMA0KWyAgIDg2Ljc5MzY1MF0gOWZjMDogMDAwMDAwMDAgMDAwMDAwMDAgMDAwMDAwMDAgMDAwMDAwZDAgMDAwMDAwMDAgMDAwMDAwMDAgMDAwMDAwMDAgN2U5OTliYzQNClsgICA4Ni44MDc0MTldIDlmZTA6IDc2ZWZmNjk0IDdlOTk5Yjc4IDAwMDEwOTY4IDAwMDEwNzM4IDAwMDAwMDEwIDAwMDAwMDAwIDAwMDAwMDAwIDAwMDAwMDAwDQpbICAgODYuODIxNTI3XSBbPDgwMTQ1MzI0Pl0gKGFib3J0X2NyZWRzKSBmcm9tIFs8ODAxMzUxMGM+XSAoX19zeXNfc2V0cmVzdWlkKzB4MTY4LzB4MWY0KQ0KWyAgIDg2LjgzNTU4NV0gWzw4MDEzNTEwYz5dIChfX3N5c19zZXRyZXN1aWQpIGZyb20gWzw4MDEzNTFiMD5dIChzeXNfc2V0cmVzdWlkKzB4MTgvMHgxYykNClsgICA4Ni44NTAwMzddIFs8ODAxMzUxYjA+XSAoc3lzX3NldHJlc3VpZCkgZnJvbSBbPDgwMTAxMDAwPl0gKHJldF9mYXN0X3N5c2NhbGwrMHgwLzB4MjgpDQpbICAgODYuODY0NjU3XSBFeGNlcHRpb24gc3RhY2soMHhiN2ZmOWZhOCB0byAweGI3ZmY5ZmYwKQ0KWyAgIDg2Ljg3MzEyM10gOWZhMDogICAgICAgICAgICAgICAgICAgMDAwMDAwMDAgMDAwMDAwMDAgMDAwMDAwMDAgMDAwMDAwMDAgMDAwMDAwMDAgMDAwMDAwMDANClsgICA4Ni44ODgxMDhdIDlmYzA6IDAwMDAwMDAwIDAwMDAwMDAwIDAwMDAwMDAwIDAwMDAwMGQwIDAwMDAwMDAwIDAwMDAwMDAwIDAwMDAwMDAwIDdlOTk5YmM0DQpbICAgODYuOTAzMjMyXSA5ZmUwOiA3NmVmZjY5NCA3ZTk5OWI3OCAwMDAxMDk2OCAwMDAxMDczOA0KWyAgIDg2LjkxMTc1MF0gQ29kZTogZTM1MjAwMDAgMTg5ZGE4MDAgZWJmZmZlY2UgZTg5ZGE4MDAgKGU3ZjAwMWYyKSANClsgICA4Ni45MjEzMDJdIC0tLVsgZW5kIHRyYWNlIDFmZWZlNTVmN2IzZmVmMWYgXS0tLQ0KDQ0KB01lc3NhZ2UgZnJvbSBzeXNsb2dkQHJhc3BiZXJyeXBpIGF0IFNlcCAyNiAwNToyNTo1MyAuLi4NDQoga2VybmVsOlsgICA4Ni42MDU4NzJdIEludGVybmFsIGVycm9yOiBPb3BzIC0gQlVHOiAwIFsjMl0gU01QIEFSTQ0KDQ0NCgdNZXNzYWdlIGZyb20gc3lzbG9nZEByYXNwYmVycnlwaSBhdCBTZXAgMjYgMDU6MjU6NTMgLi4uDQ0KIGtlcm5lbDpbICAgODYuNzM3Mzk5XSBQcm9jZXNzIHRyeW1lIChwaWQ6IDQ2MCwgc3RhY2sgbGltaXQgPSAweDc1NzcwOGRmKQ0KDQ0NCgdNZXNzYWdlIGZyb20gc3lzbG9nZEByYXNwYmVycnlwaSBhdCBTZXAgMjYgMDU6MjU6NTMgLi4uDQ0KIGtlcm5lbDpbICAgODYuNzQ0NDc4XSBTdGFjazogKDB4YjdmZjlmNTAgdG8gMHhiN2ZmYTAwMCkNCg0NDQoHTWVzc2FnZSBmcm9tIHN5c2xvZ2RAcmFzcGJlcnJ5cGkgYXQgU2VwIDI2IDA1OjI1OjUzIC4uLg0NCiBrZXJuZWw6WyAgIDg2Ljc1MDA1MV0gOWY0MDogICAgICAgICAgICAgICAgICAgICAgICAgICAgICAgICAgICAgYjdmZjlmOTQgYjdmZjlmNjAgODAxMzUxMGMgODAxNDUyZTANCg0NDQoHTWVzc2FnZSBmcm9tIHN5c2xvZ2RAcmFzcGJlcnJ5cGkgYXQgU2VwIDI2IDA1OjI1OjUzIC4uLg0NCiBrZXJuZWw6WyAgIDg2Ljc2MDYwN10gOWY2MDogMDAwMDAwMDMgYjNjM2FhODAgMDAwMDAwMTAgMDAwMDAwMDAgMDAwMDAwMDAgMDAwMDAwMDAgMDAwMDAwZDAgODAxMDExYzQNCg0NDQoHTWVzc2FnZSBmcm9tIHN5c2xvZ2RAcmFzcGJlcnJ5cGkgYXQgU2VwIDI2IDA1OjI1OjUzIC4uLg0NCiBrZXJuZWw6WyAgIDg2Ljc3MTEyM10gOWY4MDogYjdmZjgwMDAgMDAwMDAwZDAgYjdmZjlmYTQgYjdmZjlmOTggODAxMzUxYjAgODAxMzRmYjAgMDAwMDAwMDAgYjdmZjlmYTgNCg0NDQoHTWVzc2FnZSBmcm9tIHN5c2xvZ2RAcmFzcGJlcnJ5cGkgYXQgU2VwIDI2IDA1OjI1OjUzIC4uLg0NCiBrZXJuZWw6WyAgIDg2Ljc4MTYzMV0gOWZhMDogODAxMDEwMDAgODAxMzUxYTQgMDAwMDAwMDAgMDAwMDAwMDAgMDAwMDAwMDAgMDAwMDAwMDAgMDAwMDAwMDAgMDAwMDAwMDANCg0NDQoHTWVzc2FnZSBmcm9tIHN5c2xvZ2RAcmFzcGJlcnJ5cGkgYXQgU2VwIDI2IDA1OjI1OjUzIC4uLg0NCiBrZXJuZWw6WyAgIDg2Ljc5MzY1MF0gOWZjMDogMDAwMDAwMDAgMDAwMDAwMDAgMDAwMDAwMDAgMDAwMDAwZDAgMDAwMDAwMDAgMDAwMDAwMDAgMDAwMDAwMDAgN2U5OTliYzQNCg0NDQoHTWVzc2FnZSBmcm9tIHN5c2xvZ2RAcmFzcGJlcnJ5cGkgYXQgU2VwIDI2IDA1OjI1OjUzIC4uLg0NCiBrZXJuZWw6WyAgIDg2LjgwNzQxOV0gOWZlMDogNzZlZmY2OTQgN2U5OTliNzggMDAwMTA5NjggMDAwMTA3MzggMDAwMDAwMTAgMDAwMDAwMDAgMDAwMDAwMDAgMDAwMDAwMDANCg0NDQoHTWVzc2FnZSBmcm9tIHN5c2xvZ2RAcmFzcGJlcnJ5cGkgYXQgU2VwIDI2IDA1OjI1OjUzIC4uLg0NCiBrZXJuZWw6WyAgIDg2LjkxMTc1MF0gQ29kZTogZTM1MjAwMDAgMTg5ZGE4MDAgZWJmZmZlY2UgZTg5ZGE4MDAgKGU3ZjAwMWYyKSANCg1TZWdtZW50YXRpb24gZmF1bHQNCnBpQHJhc3BiZXJyeXBpOn4kIA=='
187,143,b'Li90cnltZQ0KNjI1MDAwMA0KZ3JpOjEwMDAvMTAwMC8xMDAwcGlAcmFzcGJlcnJ5cGk6fiQg'
187,155,b'Li90cnltZQ0KNjI1MDAwMA0KZ3JpOjEwMDAvMTAwMC8xMDAwcGlAcmFzcGJlcnJ5cGk6fiQg'
187,136,b'Li90cnltZQ0KNjI1MDAwMA0KZ3JpOjEwMDAvMTAwMC8xMDAwcGlAcmFzcGJlcnJ5cGk6fiQg'
187,141,b'Li90cnltZQ0KNjI1MDAwMA0KZ3JpOjEwMDAvMTAwMC8xMDAwcGlAcmFzcGJlcnJ5cGk6fiQg'
187,138,b'Li90cnltZQ0KWyAgIDkwLjM4NDA5M10gVW5hYmxlIHRvIGhhbmRsZSBrZXJuZWwgTlVMTCBwb2ludGVyIGRlcmVmZXJlbmNlIGF0IHZpcnR1YWwgYWRkcmVzcyAwMDAwMDMyOA0KWyAgIDkwLjM5NTI2Ml0gcGdkID0gNzYzMDNiZTYNClsgICA5MC4zOTkzNTZdIFswMDAwMDMyOF0gKnBnZD0zNmNmMTgzNSwgKnB0ZT0wMDAwMDAwMCwgKnBwdGU9MDAwMDAwMDANClsgICA5MC40MDcxMTRdIEludGVybmFsIGVycm9yOiBPb3BzOiAxNyBbIzNdIFNNUCBBUk0NClsgICA5MC40MTMyMzZdIE1vZHVsZXMgbGlua2VkIGluOiBibmVwIGhjaV91YXJ0IGJ0YmNtIHNlcmRldiBibHVldG9vdGggZWNkaF9nZW5lcmljIHNoYTI1Nl9nZW5lcmljIGNmZzgwMjExIHJma2lsbCA4MDIxcSBnYXJwIHN0cCBsbGMgcmFzcGJlcnJ5cGlfaHdtb24gaHdtb24gc25kX2JjbTI4MzUoQykgYmNtMjgzNV92NGwyKEMpIHY0bDJfY29tbW9uIHNuZF9wY20gYmNtMjgzNV9jb2RlYyhDKSB2NGwyX21lbTJtZW0gdmlkZW9idWYyX3ZtYWxsb2MgYmNtMjgzNV9tbWFsX3ZjaGlxKEMpIHZpZGVvYnVmMl9kbWFfY29udGlnIHNuZF90aW1lciB2aWRlb2J1ZjJfbWVtb3BzIHZpZGVvYnVmMl92NGwyIHNuZCB2aWRlb2J1ZjJfY29tbW9uIHZpZGVvZGV2IG1lZGlhIHZjX3NtX2NtYShDKSB1aW9fcGRydl9nZW5pcnEgdWlvIGZpeGVkIGlwX3RhYmxlcyB4X3RhYmxlcyBpcHY2DQpbICAgOTAuNDYwMzkxXSBDUFU6IDIgUElEOiA0NjUgQ29tbTogdHJ5bWUgVGFpbnRlZDogRyAgICAgIEQgIEMgICAgICAgIDQuMTkuNzUtdjcrICMxMjcwDQpbICAgOTAuNDcwOTY0XSBIYXJkd2FyZSBuYW1lOiBCQ00yODM1DQpbICAgOTAuNDc1NzA0XSBQQyBpcyBhdCBjb21taXRfY3JlZHMrMHg5MC8weDI5Yw0KWyAgIDkwLjQ4MTMwN10gTFIgaXMgYXQgX19zeXNfc2V0cmVzdWlkKzB4MTY4LzB4MWY0DQpbICAgOTAuNDg3MjIyXSBwYyA6IFs8ODAxNDUwYzg+XSAgICBsciA6IFs8ODAxMzUxMGM+XSAgICBwc3I6IDgwMDAwMDEzDQpbICAgOTAuNDk0ODA5XSBzcCA6IGI3ZmY5ZjYwICBpcCA6IGI3ZmY5ZjQwICBmcCA6IGI3ZmY5Zjk0DQpbICAgOTAuNTAxMzMwXSByMTA6IDAwMDAwMDAwICByOSA6IDAwMDAwMDAwICByOCA6IDAwMDAwMDAwDQpbICAgOTAuNTA3ODM3XSByNyA6IDAwMDAwMDAwICByNiA6IDAwMDAwMDAwICByNSA6IGZmZmZmZmZmICByNCA6IGIzYzNhZTAwDQpbICAgOTAuNTE1NjYwXSByMyA6IGIzYzNhZDgwICByMiA6IDAwMDAwM2U4ICByMSA6IDAwMDAwMDAxICByMCA6IGIzYzNhZTAwDQpbICAgOTAuNTIzNDQ3XSBGbGFnczogTnpjdiAgSVJRcyBvbiAgRklRcyBvbiAgTW9kZSBTVkNfMzIgIElTQSBBUk0gIFNlZ21lbnQgdXNlcg0KWyAgIDkwLjUzMTg0OF0gQ29udHJvbDogMTBjNTM4M2QgIFRhYmxlOiAzM2NkODA2YSAgREFDOiAwMDAwMDA1NQ0KWyAgIDkwLjUzODg2MF0gUHJvY2VzcyB0cnltZSAocGlkOiA0NjUsIHN0YWNrIGxpbWl0ID0gMHg3NTc3MDhkZikNClsgICA5MC41NDU5NTVdIFN0YWNrOiAoMHhiN2ZmOWY2MCB0byAweGI3ZmZhMDAwKQ0KWyAgIDkwLjU1MTUzNF0gOWY2MDogMDAwMDAwMDMgYjNjM2FkODAgMDAwMDAwMTAgMDAwMDAwMDAgMDAwMDAwMDAgMDAwMDAwMDAgMDAwMDAwZDAgODAxMDExYzQNClsgICA5MC41NjIxNDFdIDlmODA6IGI3ZmY4MDAwIDAwMDAwMGQwIGI3ZmY5ZmE0IGI3ZmY5Zjk4IDgwMTM1MWIwIDgwMTM0ZmIwIDAwMDAwMDAwIGI3ZmY5ZmE4DQpbICAgOTAuNTcyNzM4XSA5ZmEwOiA4MDEwMTAwMCA4MDEzNTFhNCAwMDAwMDAwMCAwMDAwMDAwMCAwMDAwMDAwMCAwMDAwMDAwMCAwMDAwMDAwMCAwMDAwMDAwMA0KWyAgIDkwLjU4MzMyOF0gOWZjMDogMDAwMDAwMDAgMDAwMDAwMDAgMDAwMDAwMDAgMDAwMDAwZDAgMDAwMDAwMDAgMDAwMDAwMDAgMDAwMDAwMDAgN2ViYTliYzQNClsgICA5MC41OTM5NDZdIDlmZTA6IDc2ZTU1Njk0IDdlYmE5Yjc4IDAwMDEwOTY4IDAwMDEwNzM4IDAwMDAwMDEwIDAwMDAwMDAwIDAwMDAwMDAwIDAwMDAwMDAwDQpbICAgOTAuNjA0Njk4XSBbPDgwMTQ1MGM4Pl0gKGNvbW1pdF9jcmVkcykgZnJvbSBbPDgwMTM1MWIwPl0gKHN5c19zZXRyZXN1aWQrMHgxOC8weDFjKQ0KWyAgIDkwLjYxNTA1M10gWzw4MDEzNTFiMD5dIChzeXNfc2V0cmVzdWlkKSBmcm9tIFs8ODAxMDEwMDA+XSAocmV0X2Zhc3Rfc3lzY2FsbCsweDAvMHgyOCkNClsgICA5MC42MjU3NjddIEV4Y2VwdGlvbiBzdGFjaygweGI3ZmY5ZmE4IHRvIDB4YjdmZjlmZjApDQpbICAgOTAuNjMyMjgyXSA5ZmEwOiAgICAgICAgICAgICAgICAgICAwMDAwMDAwMCAwMDAwMDAwMCAwMDAwMDAwMCAwMDAwMDAwMCAwMDAwMDAwMCAwMDAwMDAwMA0KWyAgIDkwLjY0MzQwNV0gOWZjMDogMDAwMDAwMDAgMDAwMDAwMDAgMDAwMDAwMDAgMDAwMDAwZDAgMDAwMDAwMDAgMDAwMDAwMDAgMDAwMDAwMDAgN2ViYTliYzQNClsgICA5MC42NTQ1NThdIDlmZTA6IDc2ZTU1Njk0IDdlYmE5Yjc4IDAwMDEwOTY4IDAwMDEwNzM4DQpbICAgOTAuNjYxMTMxXSBDb2RlOiBlMTVjMDAwMyAwYTAwMDA1MCBlNTk2MDMyOCBlMzUwMDAwMCAoMGEwMDAwMDMpIA0KDQ0KB01lc3NhZ2UgZnJvbVsgICA5MC42Njg4MTZdIC0tLVsgZW5kIHRyYWNlIDFmZWZlNTVmN2IzZmVmMjAgXS0tLQ0KIHN5c2xvZ2RAcmFzcGJlcnJ5cGkgYXQgU2VwIDI2IDA1OjI1OjU2IC4uLg0NCiBrZXJuZWw6WyAgIDkwLjQwNzExNF0gSW50ZXJuYWwgZXJyb3I6IE9vcHM6IDE3IFsjM10gU01QIEFSTQ0KDQ0NCgdNZXNzYWdlIGZyb20gc3lzbG9nZEByYXNwYmVycnlwaSBhdCBTZXAgMjYgMDU6MjU6NTcgLi4uDQ0KIGtlcm5lbDpbICAgOTAuNTM4ODYwXSBQcm9jZXNzIHRyeW1lIChwaWQ6IDQ2NSwgc3RhY2sgbGltaXQgPSAweDc1NzcwOGRmKQ0KDQ0NCgdNZXNzYWdlIGZyb20gc3lzbG9nZEByYXNwYmVycnlwaSBhdCBTZXAgMjYgMDU6MjU6NTcgLi4uDQ0KIGtlcm5lbDpbICAgOTAuNTQ1OTU1XSBTdGFjazogKDB4YjdmZjlmNjAgdG8gMHhiN2ZmYTAwMCkNCg0NDQoHTWVzc2FnZSBmcm9tIHN5c2xvZ2RAcmFzcGJlcnJ5cGkgYXQgU2VwIDI2IDA1OjI1OjU3IC4uLg0NCiBrZXJuZWw6WyAgIDkwLjU1MTUzNF0gOWY2MDogMDAwMDAwMDMgYjNjM2FkODAgMDAwMDAwMTAgMDAwMDAwMDAgMDAwMDAwMDAgMDAwMDAwMDAgMDAwMDAwZDAgODAxMDExYzQNCg0NDQoHTWVzc2FnZSBmcm9tIHN5c2xvZ2RAcmFzcGJlcnJ5cGkgYXQgU2VwIDI2IDA1OjI1OjU3IC4uLg0NCiBrZXJuZWw6WyAgIDkwLjU2MjE0MV0gOWY4MDogYjdmZjgwMDAgMDAwMDAwZDAgYjdmZjlmYTQgYjdmZjlmOTggODAxMzUxYjAgODAxMzRmYjAgMDAwMDAwMDAgYjdmZjlmYTgNCg0NDQoHTWVzc2FnZSBmcm9tIHN5c2xvZ2RAcmFzcGJlcnJ5cGkgYXQgU2VwIDI2IDA1OjI1OjU3IC4uLg0NCiBrZXJuZWw6WyAgIDkwLjU3MjczOF0gOWZhMDogODAxMDEwMDAgODAxMzUxYTQgMDAwMDAwMDAgMDAwMDAwMDAgMDAwMDAwMDAgMDAwMDAwMDAgMDAwMDAwMDAgMDAwMDAwMDANCg0NDQoHTWVzc2FnZSBmcm9tIHN5c2xvZ2RAcmFzcGJlcnJ5cGkgYXQgU2VwIDI2IDA1OjI1OjU3IC4uLg0NCiBrZXJuZWw6WyAgIDkwLjU4MzMyOF0gOWZjMDogMDAwMDAwMDAgMDAwMDAwMDAgMDAwMDAwMDAgMDAwMDAwZDAgMDAwMDAwMDAgMDAwMDAwMDAgMDAwMDAwMDAgN2ViYTliYzQNCg0NDQoHTWVzc2FnZSBmcm9tIHN5c2xvZ2RAcmFzcGJlcnJ5cGkgYXQgU2VwIDI2IDA1OjI1OjU3IC4uLg0NCiBrZXJuZWw6WyAgIDkwLjU5Mzk0Nl0gOWZlMDogNzZlNTU2OTQgN2ViYTliNzggMDAwMTA5NjggMDAwMTA3MzggMDAwMDAwMTAgMDAwMDAwMDAgMDAwMDAwMDAgMDAwMDAwMDANCg0NDQoHTWVzc2FnZSBmcm9tIHN5c2xvZ2RAcmFzcGJlcnJ5cGkgYXQgU2VwIDI2IDA1OjI1OjU3IC4uLg0NCiBrZXJuZWw6WyAgIDkwLjY2MTEzMV0gQ29kZTogZTE1YzAwMDMgMGEwMDAwNTAgZTU5NjAzMjggZTM1MDAwMDAgKDBhMDAwMDAzKSANCg1TZWdtZW50YXRpb24gZmF1bHQNCnBpQHJhc3BiZXJyeXBpOn4kIA=='
187,136,b'Li90cnltZQ0KNjI1MDAwMA0KZ3JpOjEwMDAvMTAwMC8xMDAwcGlAcmFzcGJlcnJ5cGk6fiQg'
187,155,b'Li90cnltZQ0KNjI1MDAwMA0KZ3JpOjEwMDAvMTAwMC8xMDAwcGlAcmFzcGJlcnJ5cGk6fiQg'
187,139,b'Li90cnltZQ0KNjI1MDAwMA0KZ3JpOjEwMDAvMTAwMC8xMDAwcGlAcmFzcGJlcnJ5cGk6fiQg'
187,139,b'Li90cnltZQ0KNjI1MDAwMA0KZ3JpOjEwMDAvMTAwMC8xMDAwcGlAcmFzcGJlcnJ5cGk6fiQg'
187,135,b'Li90cnltZQ0KWyAgIDk0LjE5NDA1OV0gSW50ZXJuYWwgZXJyb3I6IE9vcHMgLSB1bmRlZmluZWQgaW5zdHJ1Y3Rpb246IDAgWyM0XSBTTVAgQVJNDQpbICAgOTQuMjAyMzIyXSBNb2R1bGVzIGxpbmtlZCBpbjogYm5lcCBoY2lfdWFydCBidGJjbSBzZXJkZXYgYmx1ZXRvb3RoIGVjZGhfZ2VuZXJpYyBzaGEyNTZfZ2VuZXJpYyBjZmc4MDIxMSByZmtpbGwgODAyMXEgZ2FycCBzdHAgbGxjIHJhc3BiZXJyeXBpX2h3bW9uIGh3bW9uIHNuZF9iY20yODM1KEMpIGJjbTI4MzVfdjRsMihDKSB2NGwyX2NvbW1vbiBzbmRfcGNtIGJjbTI4MzVfY29kZWMoQykgdjRsMl9tZW0ybWVtIHZpZGVvYnVmMl92bWFsbG9jIGJjbTI4MzVfbW1hbF92Y2hpcShDKSB2aWRlb2J1ZjJfZG1hX2NvbnRpZyBzbmRfdGltZXIgdmlkZW9idWYyX21lbW9wcyB2aWRlb2J1ZjJfdjRsMiBzbmQgdmlkZW9idWYyX2NvbW1vbiB2aWRlb2RldiBtZWRpYSB2Y19zbV9jbWEoQykgdWlvX3BkcnZfZ2VuaXJxIHVpbyBmaXhlZCBpcF90YWJsZXMgeF90YWJsZXMgaXB2Ng0KWyAgIDk0LjI0OTkwM10gQ1BVOiAzIFBJRDogNDcwIENvbW06IHRyeW1lIFRhaW50ZWQ6IEcgICAgICBEICBDICAgICAgICA0LjE5Ljc1LXY3KyAjMTI3MA0KWyAgIDk0LjI2NDIzNV0gSGFyZHdhcmUgbmFtZTogQkNNMjgzNQ0KWyAgIDk0LjI3MDc3N10gUEMgaXMgYXQgbnNfY2FwYWJsZV9jb21tb24rMHg5NC8weGIwDQpbICAgOTQuMjc4NDg4XSBMUiBpcyBhdCAweGI3ZmY4MDAwDQpbICAgOTQuMjg0NTY4XSBwYyA6IFs8ODAxMmIzYzQ+XSAgICBsciA6IFs8YjdmZjgwMDA+XSAgICBwc3I6IDIwMDAwMDEzDQpbICAgOTQuMjkzODk2XSBzcCA6IGI3ZmY5ZjQwICBpcCA6IDAwMDAwMDA3ICBmcCA6IGI3ZmY5ZjRjDQpbICAgOTQuMzAyMTE0XSByMTA6IDAwMDAwMDAwICByOSA6IDAwMDAwMDAwICByOCA6IDAwMDAwMDAwDQpbICAgOTQuMzEwMjczXSByNyA6IDAwMDAwMDAwICByNiA6IDAwMDAwMDAwICByNSA6IDAwMDAwMDAwICByNCA6IGI1YTU1MjgwDQpbICAgOTQuMzE5Njc2XSByMyA6IDAwMDAwMDAxICByMiA6IDAwMDAwMDA3ICByMSA6IDgwZDBkNjQwICByMCA6IGIzYzg4ZDAwDQpbICAgOTQuMzI4OTc1XSBGbGFnczogbnpDdiAgSVJRcyBvbiAgRklRcyBvbiAgTW9kZSBTVkNfMzIgIElTQSBBUk0gIFNlZ21lbnQgdXNlcg0KWyAgIDk0LjMzODkzN10gQ29udHJvbDogMTBjNTM4M2QgIFRhYmxlOiAzM2NjYzA2YSAgREFDOiAwMDAwMDA1NQ0KWyAgIDk0LjM0NzQ4NV0gUHJvY2VzcyB0cnltZSAocGlkOiA0NzAsIHN0YWNrIGxpbWl0ID0gMHg3NTc3MDhkZikNClsgICA5NC4zNTYxMTldIFN0YWNrOiAoMHhiN2ZmOWY0MCB0byAweGI3ZmZhMDAwKQ0KWyAgIDk0LjM2MzE5OV0gOWY0MDogYjdmZjlmNWMgYjdmZjlmNTAgODAxMmIzZmMgODAxMmIzM2MgYjdmZjlmOTQgYjdmZjlmNjAgODAxMzUwNzAgODAxMmIzZWMNClsgICA5NC4zNzY3NzVdIDlmNjA6IDAwMDAwMDAzIGI1YTU1MjAwIDAwMDAwMDEwIDAwMDAwMDAwIDAwMDAwMDAwIDAwMDAwMDAwIDAwMDAwMGQwIDgwMTAxMWM0DQpbICAgOTQuMzkwMzM0XSA5ZjgwOiBiN2ZmODAwMCAwMDAwMDBkMCBiN2ZmOWZhNCBiN2ZmOWY5OCA4MDEzNTFiMCA4MDEzNGZiMCAwMDAwMDAwMCBiN2ZmOWZhOA0KWyAgIDk0LjQwMzg3MF0gOWZhMDogODAxMDEwMDAgODAxMzUxYTQgMDAwMDAwMDAgMDAwMDAwMDAgMDAwMDAwMDAgMDAwMDAwMDAgMDAwMDAwMDAgMDAwMDAwMDANClsgICA5NC40MTc0NzldIDlmYzA6IDAwMDAwMDAwIDAwMDAwMDAwIDAwMDAwMDAwIDAwMDAwMGQwIDAwMDAwMDAwIDAwMDAwMDAwIDAwMDAwMDAwIDdlZjY2YmM0DQpbICAgOTQuNDMxMzY3XSA5ZmUwOiA3NmU3NjY5NCA3ZWY2NmI3OCAwMDAxMDk2OCAwMDAxMDczOCAwMDAwMDAxMCAwMDAwMDAwMCAwMDAwMDAwMCAwMDAwMDAwMA0KWyAgIDk0LjQ0NTU2OF0gWzw4MDEyYjNjND5dIChuc19jYXBhYmxlX2NvbW1vbikgZnJvbSBbPDgwMTJiM2ZjPl0gKG5zX2NhcGFibGUrMHgxYy8weDIwKQ0KWyAgIDk0LjQ1NjE3MF0gWzw4MDEyYjNmYz5dIChuc19jYXBhYmxlKSBmcm9tIFs8ODAxMzUwNzA+XSAoX19zeXNfc2V0cmVzdWlkKzB4Y2MvMHgxZjQpDQpbICAgOTQuNDY2ODY5XSBbPDgwMTM1MDcwPl0gKF9fc3lzX3NldHJlc3VpZCkgZnJvbSBbPDgwMTM1MWIwPl0gKHN5c19zZXRyZXN1aWQrMHgxOC8weDFjKQ0KWyAgIDk0LjQ3NzgyNl0gWzw4MDEzNTFiMD5dIChzeXNfc2V0cmVzdWlkKSBmcm9tIFs8ODAxMDEwMDA+XSAocmV0X2Zhc3Rfc3lzY2FsbCsweDAvMHgyOCkNClsgICA5NC40ODg4NTddIEV4Y2VwdGlvbiBzdGFjaygweGI3ZmY5ZmE4IHRvIDB4YjdmZjlmZjApDQpbICAgOTQuNDk1NDg5XSA5ZmEwOiAgICAgICAgICAgICAgICAgICAwMDAwMDAwMCAwMDAwMDAwMCAwMDAwMDAwMCAwMDAwMDAwMCAwMDAwMDAwMCAwMDAwMDAwMA0KWyAgIDk0LjUwNjc1N10gOWZjMDogMDAwMDAwMDAgMDAwMDAwMDAgMDAwMDAwMDAgMDAwMDAwZDAgMDAwMDAwMDAgMDAwMDAwMDAgMDAwMDAwMDAgN2VmNjZiYzQNClsgICA5NC41MTgwMDldIDlmZTA6IDc2ZTc2Njk0IDdlZjY2Yjc4IDAwMDEwOTY4IDAwMDEwNzM4DQpbICAgOTQuNTI0NjAwXSBDb2RlOiBlMWEwMTAwMCBlMWEwMjAwYyBlM2EwMzAwMSBlNTllMDAwYyAoZTU5MDA0YTgpIA0KWyAgIDk0LjUzMjIzN10gLS0tWyBlbmQgdHJhY2UgMWZlZmU1NWY3YjNmZWYyMSBdLS0tDQoNDQoHTWVzc2FnZSBmcm9tIHN5c2xvZ2RAcmFzcGJlcnJ5cGkgYXQgU2VwIDI2IDA1OjI2OjAxIC4uLg0NCiBrZXJuZWw6WyAgIDk0LjE5NDA1OV0gSW50ZXJuYWwgZXJyb3I6IE9vcHMgLSB1bmRlZmluZWQgaW5zdHJ1Y3Rpb246IDAgWyM0XSBTTVAgQVJNDQoNDQ0KB01lc3NhZ2UgZnJvbSBzeXNsb2dkQHJhc3BiZXJyeXBpIGF0IFNlcCAyNiAwNToyNjowMSAuLi4NDQoga2VybmVsOlsgICA5NC4zNDc0ODVdIFByb2Nlc3MgdHJ5bWUgKHBpZDogNDcwLCBzdGFjayBsaW1pdCA9IDB4NzU3NzA4ZGYpDQoNDQ0KB01lc3NhZ2UgZnJvbSBzeXNsb2dkQHJhc3BiZXJyeXBpIGF0IFNlcCAyNiAwNToyNjowMSAuLi4NDQoga2VybmVsOlsgICA5NC4zNTYxMTldIFN0YWNrOiAoMHhiN2ZmOWY0MCB0byAweGI3ZmZhMDAwKQ0KDQ0NCgdNZXNzYWdlIGZyb20gc3lzbG9nZEByYXNwYmVycnlwaSBhdCBTZXAgMjYgMDU6MjY6MDEgLi4uDQ0KIGtlcm5lbDpbICAgOTQuMzYzMTk5XSA5ZjQwOiBiN2ZmOWY1YyBiN2ZmOWY1MCA4MDEyYjNmYyA4MDEyYjMzYyBiN2ZmOWY5NCBiN2ZmOWY2MCA4MDEzNTA3MCA4MDEyYjNlYw0KDQ0NCgdNZXNzYWdlIGZyb20gc3lzbG9nZEByYXNwYmVycnlwaSBhdCBTZXAgMjYgMDU6MjY6MDEgLi4uDQ0KIGtlcm5lbDpbICAgOTQuMzc2Nzc1XSA5ZjYwOiAwMDAwMDAwMyBiNWE1NTIwMCAwMDAwMDAxMCAwMDAwMDAwMCAwMDAwMDAwMCAwMDAwMDAwMCAwMDAwMDBkMCA4MDEwMTFjNA0KDQ0NCgdNZXNzYWdlIGZyb20gc3lzbG9nZEByYXNwYmVycnlwaSBhdCBTZXAgMjYgMDU6MjY6MDEgLi4uDQ0KIGtlcm5lbDpbICAgOTQuMzkwMzM0XSA5ZjgwOiBiN2ZmODAwMCAwMDAwMDBkMCBiN2ZmOWZhNCBiN2ZmOWY5OCA4MDEzNTFiMCA4MDEzNGZiMCAwMDAwMDAwMCBiN2ZmOWZhOA0KDQ0NCgdNZXNzYWdlIGZyb20gc3lzbG9nZEByYXNwYmVycnlwaSBhdCBTZXAgMjYgMDU6MjY6MDEgLi4uDQ0KIGtlcm5lbDpbICAgOTQuNDAzODcwXSA5ZmEwOiA4MDEwMTAwMCA4MDEzNTFhNCAwMDAwMDAwMCAwMDAwMDAwMCAwMDAwMDAwMCAwMDAwMDAwMCAwMDAwMDAwMCAwMDAwMDAwMA0KDQ0NCgdNZXNzYWdlIGZyb20gc3lzbG9nZEByYXNwYmVycnlwaSBhdCBTZXAgMjYgMDU6MjY6MDEgLi4uDQ0KIGtlcm5lbDpbICAgOTQuNDE3NDc5XSA5ZmMwOiAwMDAwMDAwMCAwMDAwMDAwMCAwMDAwMDAwMCAwMDAwMDBkMCAwMDAwMDAwMCAwMDAwMDAwMCAwMDAwMDAwMCA3ZWY2NmJjNA0KDQ0NCgdNZXNzYWdlIGZyb20gc3lzbG9nZEByYXNwYmVycnlwaSBhdCBTZXAgMjYgMDU6MjY6MDEgLi4uDQ0KIGtlcm5lbDpbICAgOTQuNDMxMzY3XSA5ZmUwOiA3NmU3NjY5NCA3ZWY2NmI3OCAwMDAxMDk2OCAwMDAxMDczOCAwMDAwMDAxMCAwMDAwMDAwMCAwMDAwMDAwMCAwMDAwMDAwMA0KDQ0NCgdNZXNzYWdlIGZyb20gc3lzbG9nZEByYXNwYmVycnlwaSBhdCBTZXAgMjYgMDU6MjY6MDEgLi4uDQ0KIGtlcm5lbDpbICAgOTQuNTI0NjAwXSBDb2RlOiBlMWEwMTAwMCBlMWEwMjAwYyBlM2EwMzAwMSBlNTllMDAwYyAoZTU5MDA0YTgpIA0KDVNlZ21lbnRhdGlvbiBmYXVsdA0KcGlAcmFzcGJlcnJ5cGk6fiQg'
187,136,b'Li90cnltZQ0KNjI1MDAwMA0KZ3JpOjEwMDAvMTAwMC8xMDAwcGlAcmFzcGJlcnJ5cGk6fiQg'
187,141,b'Li90cnltZQ0KNjI1MDAwMA0KZ3JpOjEwMDAvMTAwMC8xMDAwcGlAcmFzcGJlcnJ5cGk6fiQg'
187,140,b'Li90cnltZQ0KNjI1MDAwMA0KZ3JpOjEwMDAvMTAwMC8xMDAwcGlAcmFzcGJlcnJ5cGk6fiQg'
187,150,b'Li90cnltZQ0KNjI1MDAwMA0KZ3JpOjEwMDAvMTAwMC8xMDAwcGlAcmFzcGJlcnJ5cGk6fiQg'
187,139,b'Li90cnltZQ0KNjI1MDAwMA0KZ3JpOjEwMDAvMTAwMC8xMDAwcGlAcmFzcGJlcnJ5cGk6fiQg'
187,149,b'Li90cnltZQ0KWyAgIDk4Ljc0NDMyMF0gLS0tLS0tLS0tLS0tWyBjdXQgaGVyZSBdLS0tLS0tLS0tLS0tDQpbICAgOTguNzUwNDMwXSBrZXJuZWwgQlVHIGF0IGtlcm5lbC9jcmVkLmM6NTIyIQ0KWyAgIDk4Ljc1NjExM10gSW50ZXJuYWwgZXJyb3I6IE9vcHMgLSBCVUc6IDAgWyM1XSBTTVAgQVJNDQpbICAgOTguNzYyNjUzXSBNb2R1bGVzIGxpbmtlZCBpbjogYm5lcCBoY2lfdWFydCBidGJjbSBzZXJkZXYgYmx1ZXRvb3RoIGVjZGhfZ2VuZXJpYyBzaGEyNTZfZ2VuZXJpYyBjZmc4MDIxMSByZmtpbGwgODAyMXEgZ2FycCBzdHAgbGxjIHJhc3BiZXJyeXBpX2h3bW9uIGh3bW9uIHNuZF9iY20yODM1KEMpIGJjbTI4MzVfdjRsMihDKSB2NGwyX2NvbW1vbiBzbmRfcGNtIGJjbTI4MzVfY29kZWMoQykgdjRsMl9tZW0ybWVtIHZpZGVvYnVmMl92bWFsbG9jIGJjbTI4MzVfbW1hbF92Y2hpcShDKSB2aWRlb2J1ZjJfZG1hX2NvbnRpZyBzbmRfdGltZXIgdmlkZW9idWYyX21lbW9wcyB2aWRlb2J1ZjJfdjRsMiBzbmQgdmlkZW9idWYyX2NvbW1vbiB2aWRlb2RldiBtZWRpYSB2Y19zbV9jbWEoQykgdWlvX3BkcnZfZ2VuaXJxIHVpbyBmaXhlZCBpcF90YWJsZXMgeF90YWJsZXMgaXB2Ng0KWyAgIDk4LjgwOTczNV0gQ1BVOiAwIFBJRDogNDc2IENvbW06IHRyeW1lIFRhaW50ZWQ6IEcgICAgICBEICBDICAgICAgICA0LjE5Ljc1LXY3KyAjMTI3MA0KWyAgIDk4LjgyMzY0M10gSGFyZHdhcmUgbmFtZTogQkNNMjgzNQ0KWyAgIDk4LjgyOTk3M10gUEMgaXMgYXQgYWJvcnRfY3JlZHMrMHg1MC8weDU0DQpbICAgOTguODM2OTc0XSBMUiBpcyBhdCBfX3N5c19zZXRyZXN1aWQrMHgxNjgvMHgxZjQNClsgICA5OC44NDQ0MzddIHBjIDogWzw4MDE0NTMyND5dICAgIGxyIDogWzw4MDEzNTEwYz5dICAgIHBzcjogNjAwMDAwMTMNClsgICA5OC44NTM2MDNdIHNwIDogYjZlMDlmNTAgIGlwIDogYjZlMDlmNjAgIGZwIDogYjZlMDlmNWMNClsgICA5OC44NjE2MzldIHIxMDogMDAwMDAwMDAgIHI5IDogMDAwMDAwMDAgIHI4IDogMDAwMDAwMDANClsgICA5OC44Njk1OTJdIHI3IDogMDAwMDAwMDAgIHI2IDogMDAwMDAwMDAgIHI1IDogZmZmZmZmZmYgIHI0IDogYjdkNWE0ODANClsgICA5OC44Nzg4NTVdIHIzIDogYjdkNWE0MDAgIHIyIDogMDAwMDAwMDAgIHIxIDogMDAwMDAwMDEgIHIwIDogYjdkNWE0ODANClsgICA5OC44ODgwNjFdIEZsYWdzOiBuWkN2ICBJUlFzIG9uICBGSVFzIG9uICBNb2RlIFNWQ18zMiAgSVNBIEFSTSAgU2VnbWVudCB1c2VyDQpbICAgOTguODk3OTIyXSBDb250cm9sOiAxMGM1MzgzZCAgVGFibGU6IDMzYzg0MDZhICBEQUM6IDAwMDAwMDU1DQpbICAgOTguOTA2NDA0XSBQcm9jZXNzIHRyeW1lIChwaWQ6IDQ3Niwgc3RhY2sgbGltaXQgPSAweDI4ZWE2MzFkKQ0KWyAgIDk4LjkxNTAwN10gU3RhY2s6ICgweGI2ZTA5ZjUwIHRvIDB4YjZlMGEwMDApDQpbICAgOTguOTIyMDk0XSA5ZjQwOiAgICAgICAgICAgICAgICAgICAgICAgICAgICAgICAgICAgICBiNmUwOWY5NCBiNmUwOWY2MCA4MDEzNTEwYyA4MDE0NTJlMA0KWyAgIDk4LjkzNTU5OF0gOWY2MDogMDAwMDAwMDMgYjdkNWE0MDAgMDAwMDAwMTAgMDAwMDAwMDAgMDAwMDAwMDAgMDAwMDAwMDAgMDAwMDAwZDAgODAxMDExYzQNClsgICA5OC45NDkwMTNdIDlmODA6IGI2ZTA4MDAwIDAwMDAwMGQwIGI2ZTA5ZmE0IGI2ZTA5Zjk4IDgwMTM1MWIwIDgwMTM0ZmIwIDAwMDAwMDAwIGI2ZTA5ZmE4DQpbICAgOTguOTYyNDA4XSA5ZmEwOiA4MDEwMTAwMCA4MDEzNTFhNCAwMDAwMDAwMCAwMDAwMDAwMCAwMDAwMDAwMCAwMDAwMDAwMCAwMDAwMDAwMCAwMDAwMDAwMA0KWyAgIDk4Ljk3NTg4MF0gOWZjMDogMDAwMDAwMDAgMDAwMDAwMDAgMDAwMDAwMDAgMDAwMDAwZDAgMDAwMDAwMDAgMDAwMDAwMDAgMDAwMDAwMDAgN2VmNmFiYzQNClsgICA5OC45ODk2NDddIDlmZTA6IDc2ZWU3Njk0IDdlZjZhYjc4IDAwMDEwOTY4IDAwMDEwNzM4IDAwMDAwMDEwIDAwMDAwMDAwIDAwMDAwMDAwIDAwMDAwMDAwDQpbICAgOTkuMDAzNzUwXSBbPDgwMTQ1MzI0Pl0gKGFib3J0X2NyZWRzKSBmcm9tIFs8ODAxMzUxMGM+XSAoX19zeXNfc2V0cmVzdWlkKzB4MTY4LzB4MWY0KQ0KWyAgIDk5LjAxNzgwNl0gWzw4MDEzNTEwYz5dIChfX3N5c19zZXRyZXN1aWQpIGZyb20gWzw4MDEzNTFiMD5dIChzeXNfc2V0cmVzdWlkKzB4MTgvMHgxYykNClsgICA5OS4wMzIyNTZdIFs8ODAxMzUxYjA+XSAoc3lzX3NldHJlc3VpZCkgZnJvbSBbPDgwMTAxMDAwPl0gKHJldF9mYXN0X3N5c2NhbGwrMHgwLzB4MjgpDQpbICAgOTkuMDQ2ODc3XSBFeGNlcHRpb24gc3RhY2soMHhiNmUwOWZhOCB0byAweGI2ZTA5ZmYwKQ0KWyAgIDk5LjA1NTM0MF0gOWZhMDogICAgICAgICAgICAgICAgICAgMDAwMDAwMDAgMDAwMDAwMDAgMDAwMDAwMDAgMDAwMDAwMDAgMDAwMDAwMDAgMDAwMDAwMDANClsgICA5OS4wNzAzMjNdIDlmYzA6IDAwMDAwMDAwIDAwMDAwMDAwIDAwMDAwMDAwIDAwMDAwMGQwIDAwMDAwMDAwIDAwMDAwMDAwIDAwMDAwMDAwIDdlZjZhYmM0DQpbICAgOTkuMDg1NDM3XSA5ZmUwOiA3NmVlNzY5NCA3ZWY2YWI3OCAwMDAxMDk2OCAwMDAxMDczOA0KWyAgIDk5LjA5Mzk1MV0gQ29kZTogZTM1MjAwMDAgMTg5ZGE4MDAgZWJmZmZlY2UgZTg5ZGE4MDAgKGU3ZjAwMWYyKSANClsgICA5OS4xMDM1MDBdIC0tLVsgZW5kIHRyYWNlIDFmZWZlNTVmN2IzZmVmMjIgXS0tLQ0KDQ0KB01lc3NhZ2UgZnJvbSBzeXNsb2dkQHJhc3BiZXJyeXBpIGF0IFNlcCAyNiAwNToyNjowNSAuLi4NDQoga2VybmVsOlsgICA5OC43NTYxMTNdIEludGVybmFsIGVycm9yOiBPb3BzIC0gQlVHOiAwIFsjNV0gU01QIEFSTQ0KDVNlZ21lbnRhdGlvbiBmYXVsdA0KDQ0KB01lc3NhZ2UgZnJvbSBzeXNsb2dkQHJhc3BiZXJyeXBpIGF0IFNlcCAyNiAwNToyNjowNSAuLi4NDQoga2VybmVsOlsgICA5OC45MDY0MDRdIFByb2Nlc3MgdHJ5bWUgKHBpZDogNDc2LCBzdGFjayBsaW1pdCA9IDB4MjhlYTYzMWQpDQoNDQ0KB01lc3NhZ2UgZnJvbSBzeXNsb2dkQHJhc3BiZXJyeXBpIGF0IFNlcCAyNiAwNToyNjowNSAuLi4NDQoga2VybmVsOlsgICA5OC45MTUwMDddIFN0YWNrOiAoMHhiNmUwOWY1MCB0byAweGI2ZTBhMDAwKQ0KDQ0NCgdNZXNzYWdlIGZyb20gc3lzbG9nZEByYXNwYmVycnlwaSBhdCBTZXAgMjYgMDU6MjY6MDUgLi4uDQ0KIGtlcm5lbDpbICAgOTguOTIyMDk0XSA5ZjQwOiAgICAgICAgICAgICAgICAgICAgICAgICAgICAgICAgICAgICBiNmUwOWY5NCBiNmUwOWY2MCA4MDEzNTEwYyA4MDE0NTJlMA0KDQ0NCgdNZXNzYWdlIGZyb20gc3lzbG9nZEByYXNwYmVycnlwaSBhdCBTZXAgMjYgMDU6MjY6MDUgLi4uDQ0KIGtlcm5lbDpbICAgOTguOTM1NTk4XSA5ZjYwOiAwMDAwMDAwMyBiN2Q1YTQwMCAwMDAwMDAxMCAwMDAwMDAwMCAwMDAwMDAwMCAwMDAwMDAwMCAwMDAwMDBkMCA4MDEwMTFjNA0KDQ0NCgdNZXNzYWdlIGZyb20gc3lzbG9nZEByYXNwYmVycnlwaSBhdCBTZXAgMjYgMDU6MjY6MDUgLi4uDQ0KIGtlcm5lbDpbICAgOTguOTQ5MDEzXSA5ZjgwOiBiNmUwODAwMCAwMDAwMDBkMCBiNmUwOWZhNCBiNmUwOWY5OCA4MDEzNTFiMCA4MDEzNGZiMCAwMDAwMDAwMCBiNmUwOWZhOA0KDQ0NCgdNZXNzYWdlIGZyb20gc3lzbG9nZEByYXNwYmVycnlwaSBhdCBTZXAgMjYgMDU6MjY6MDUgLi4uDQ0KIGtlcm5lbDpbICAgOTguOTYyNDA4XSA5ZmEwOiA4MDEwMTAwMCA4MDEzNTFhNCAwMDAwMDAwMCAwMDAwMDAwMCAwMDAwMDAwMCAwMDAwMDAwMCAwMDAwMDAwMCAwMDAwMDAwMA0KDQ0NCgdNZXNzYWdlIGZyb20gc3lzbG9nZEByYXNwYmVycnlwaSBhdCBTZXAgMjYgMDU6MjY6MDUgLi4uDQ0KIGtlcm5lbDpbICAgOTguOTc1ODgwXSA5ZmMwOiAwMDAwMDAwMCAwMDAwMDAwMCAwMDAwMDAwMCAwMDAwMDBkMCAwMDAwMDAwMCAwMDAwMDAwMCAwMDAwMDAwMCA3ZWY2YWJjNA0KDQ0NCgdNZXNzYWdlIGZyb20gc3lzbG9nZEByYXNwYmVycnlwaSBhdCBTZXAgMjYgMDU6MjY6MDUgLi4uDQ0KIGtlcm5lbDpbICAgOTguOTg5NjQ3XSA5ZmUwOiA3NmVlNzY5NCA3ZWY2YWI3OCAwMDAxMDk2OCAwMDAxMDczOCAwMDAwMDAxMCAwMDAwMDAwMCAwMDAwMDAwMCAwMDAwMDAwMA0KDQ0NCgdNZXNzYWdlIGZyb20gc3lzbG9nZEByYXNwYmVycnlwaSBhdCBTZXAgMjYgMDU6MjY6MDUgLi4uDQ0KIGtlcm5lbDpbICAgOTkuMDkzOTUxXSBDb2RlOiBlMzUyMDAwMCAxODlkYTgwMCBlYmZmZmVjZSBlODlkYTgwMCAoZTdmMDAxZjIpIA0KDXBpQHJhc3BiZXJyeXBpOn4kIA=='
187,140,b'Li90cnltZQ0KNjI1MDAwMA0KZ3JpOjEwMDAvMTAwMC8xMDAwcGlAcmFzcGJlcnJ5cGk6fiQg'
187,146,b'Li90cnltZQ0KNjI1MDAwMA0KZ3JpOjEwMDAvMTAwMC8xMDAwcGlAcmFzcGJlcnJ5cGk6fiQg'
