193,152,b'Li90cnltZQ0KNjI1MDAwMA0KZ3JpOjEwMDAvMTAwMC8xMDAwcGlAcmFzcGJlcnJ5cGk6fiQg'
193,139,b'Li90cnltZQ0KWyAgIDYwLjQ2NDEzOF0gVW5hYmxlIHRvIGhhbmRsZSBrZXJuZWwgcGFnaW5nIHJlcXVlc3QgYXQgdmlydHVhbCBhZGRyZXNzIDU1ZDU1ODFmDQpbICAgNjAuNDcyNDc5XSBwZ2QgPSA2N2FhYTI5OA0KWyAgIDYwLjQ3NjA5MF0gWzU1ZDU1ODFmXSAqcGdkPTAwMDAwMDAwDQpbICAgNjAuNDgwNTczXSBJbnRlcm5hbCBlcnJvcjogT29wczogNSBbIzFdIFNNUCBBUk0NClsgICA2MC40ODYxMjZdIE1vZHVsZXMgbGlua2VkIGluOiBibmVwIGhjaV91YXJ0IGJ0YmNtIHNlcmRldiBibHVldG9vdGggZWNkaF9nZW5lcmljIHNoYTI1Nl9nZW5lcmljIGNmZzgwMjExIHJma2lsbCA4MDIxcSBnYXJwIHN0cCBsbGMgYmNtMjgzNV9jb2RlYyhDKSBzbmRfYmNtMjgzNShDKSB2NGwyX21lbTJtZW0gYmNtMjgzNV92NGwyKEMpIHJhc3BiZXJyeXBpX2h3bW9uIHZpZGVvYnVmMl9kbWFfY29udGlnIGh3bW9uIHNuZF9wY20gYmNtMjgzNV9tbWFsX3ZjaGlxKEMpIHY0bDJfY29tbW9uIHZpZGVvYnVmMl92bWFsbG9jIHNuZF90aW1lciB2aWRlb2J1ZjJfbWVtb3BzIHZpZGVvYnVmMl92NGwyIHNuZCB2aWRlb2J1ZjJfY29tbW9uIHZpZGVvZGV2IG1lZGlhIHZjX3NtX2NtYShDKSBmaXhlZCB1aW9fcGRydl9nZW5pcnEgdWlvIGlwX3RhYmxlcyB4X3RhYmxlcyBpcHY2DQpbICAgNjAuNTMxMjU0XSBDUFU6IDIgUElEOiA0NDIgQ29tbTogdHJ5bWUgVGFpbnRlZDogRyAgICAgICAgIEMgICAgICAgIDQuMTkuNzUtdjcrICMxMjcwDQpbICAgNjAuNTQ0NDgyXSBIYXJkd2FyZSBuYW1lOiBCQ00yODM1DQpbICAgNjAuNTUwNjQ5XSBQQyBpcyBhdCBjYXBfY2FwYWJsZSsweDJjLzB4OGMNClsgICA2MC41NTc1NTRdIExSIGlzIGF0ICAgKG51bGwpDQpbICAgNjAuNTYzMjE1XSBwYyA6IFs8ODA0YTE2ODQ+XSAgICBsciA6IFs8MDAwMDAwMDA+XSAgICBwc3I6IDMwMDAwMDEzDQpbICAgNjAuNTcyMjkzXSBzcCA6IGI2ODAzZjMwICBpcCA6IGI2ODAzZjQwICBmcCA6IGI2ODAzZjNjDQpbICAgNjAuNTgwMjgxXSByMTA6IDAwMDAwMDAwICByOSA6IDAwMDAwMDAwICByOCA6IDAwMDAwMDAwDQpbICAgNjAuNTg4MjcxXSByNyA6IDAwMDAwMDAwICByNiA6IDAwMDAwMDAwICByNSA6IDAwMDAwMDAwICByNCA6IGI1MmUzMDAwDQpbICAgNjAuNTk3NTg2XSByMyA6IDU1ZDU1NzU3ICByMiA6IDAwMDAwMDA3ICByMSA6IDgwZDBkNjQwICByMCA6IGE0MmUzMDgwDQpbICAgNjAuNjA2ODI4XSBGbGFnczogbnpDViAgSVJRcyBvbiAgRklRcyBvbiAgTW9kZSBTVkNfMzIgIElTQSBBUk0gIFNlZ21lbnQgdXNlcg0KWyAgIDYwLjYxNTE5N10gQ29udHJvbDogMTBjNTM4M2QgIFRhYmxlOiAzMzgxODA2YSAgREFDOiAwMDAwMDA1NQ0KWyAgIDYwLjYyMjE0MV0gUHJvY2VzcyB0cnltZSAocGlkOiA0NDIsIHN0YWNrIGxpbWl0ID0gMHhlMDM1ZTU4YSkNClsgICA2MC42MjkxOTddIFN0YWNrOiAoMHhiNjgwM2YzMCB0byAweGI2ODA0MDAwKQ0KWyAgIDYwLjYzNDc1MV0gM2YyMDogICAgICAgICAgICAgICAgICAgICAgICAgICAgICAgICAgICAgYjY4MDNmNGMgYjY4MDNmNDAgODAxMmIzY2MgODA0YTE2NjQNClsgICA2MC42NDUyNzFdIDNmNDA6IGI2ODAzZjVjIGI2ODAzZjUwIDgwMTJiM2ZjIDgwMTJiMzNjIGI2ODAzZjk0IGI2ODAzZjYwIDgwMTM1MDcwIDgwMTJiM2VjDQpbICAgNjAuNjU1NzUzXSAzZjYwOiAwMDAwMDAwMyBiNTJlMzA4MCAwMDAwMDAxMCAwMDAwMDAwMCAwMDAwMDAwMCAwMDAwMDAwMCAwMDAwMDBkMCA4MDEwMTFjNA0KWyAgIDYwLjY2NjIyN10gM2Y4MDogYjY4MDIwMDAgMDAwMDAwZDAgYjY4MDNmYTQgYjY4MDNmOTggODAxMzUxYjAgODAxMzRmYjAgMDAwMDAwMDAgYjY4MDNmYTgNClsgICA2MC42NzY3MzZdIDNmYTA6IDgwMTAxMDAwIDgwMTM1MWE0IDAwMDAwMDAwIDAwMDAwMDAwIDAwMDAwMDAwIDAwMDAwMDAwIDAwMDAwMDAwIDAwMDAwMDAwDQpbICAgNjAuNjg3MzcyXSAzZmMwOiAwMDAwMDAwMCAwMDAwMDAwMCAwMDAwMDAwMCAwMDAwMDBkMCAwMDAwMDAwMCAwMDAwMDAwMCAwMDAwMDAwMCA3ZWM2M2JjNA0KWyAgIDYwLjY5ODE1Nl0gM2ZlMDogNzZlZmY2OTQgN2VjNjNiNzggMDAwMTA5NDAgMDAwMTA3MzggMDAwMDAwMTAgMDAwMDAwMDAgMDAwMDAwMDAgMDAwMDAwMDANClsgICA2MC43MDkwNTBdIFs8ODA0YTE2ODQ+XSAoY2FwX2NhcGFibGUpIGZyb20gWzw4MDEyYjNjYz5dIChuc19jYXBhYmxlX2NvbW1vbisweDljLzB4YjApDQpbICAgNjAuNzE5ODQ4XSBbPDgwMTJiM2NjPl0gKG5zX2NhcGFibGVfY29tbW9uKSBmcm9tIFs8ODAxMmIzZmM+XSAobnNfY2FwYWJsZSsweDFjLzB4MjApDQpbICAgNjAuNzMwNjI3XSBbPDgwMTJiM2ZjPl0gKG5zX2NhcGFibGUpIGZyb20gWzw4MDEzNTA3MD5dIChfX3N5c19zZXRyZXN1aWQrMHhjYy8weDFmNCkNClsgICA2MC43NDEzOTJdIFs8ODAxMzUwNzA+XSAoX19zeXNfc2V0cmVzdWlkKSBmcm9tIFs8ODAxMzUxYjA+XSAoc3lzX3NldHJlc3VpZCsweDE4LzB4MWMpDQpbICAgNjAuNzUyNDI2XSBbPDgwMTM1MWIwPl0gKHN5c19zZXRyZXN1aWQpIGZyb20gWzw4MDEwMTAwMD5dIChyZXRfZmFzdF9zeXNjYWxsKzB4MC8weDI4KQ0KWyAgIDYwLjc2MzQ5Ml0gRXhjZXB0aW9uIHN0YWNrKDB4YjY4MDNmYTggdG8gMHhiNjgwM2ZmMCkNClsgICA2MC43NzAxMjRdIDNmYTA6ICAgICAgICAgICAgICAgICAgIDAwMDAwMDAwIDAwMDAwMDAwIDAwMDAwMDAwIDAwMDAwMDAwIDAwMDAwMDAwIDAwMDAwMDAwDQpbICAgNjAuNzgxMzkwXSAzZmMwOiAwMDAwMDAwMCAwMDAwMDAwMCAwMDAwMDAwMCAwMDAwMDBkMCAwMDAwMDAwMCAwMDAwMDAwMCAwMDAwMDAwMCA3ZWM2M2JjNA0KWyAgIDYwLjc5MjY0MF0gM2ZlMDogNzZlZmY2OTQgN2VjNjNiNzggMDAwMTA5NDAgMDAwMTA3MzgNClsgICA2MC43OTkyMzBdIENvZGU6IGUxYTAxMDBjIGUxNTEwMDAzIDBhMDAwMDBkIGU1OTFlMGM4IChlNTkzYzBjOCkgDQoNDQoHTWVzc2FnZVsgICA2MC44MDY5MDddIC0tLVsgZW5kIHRyYWNlIGU3NTQ2YmI3MmViZDhlODQgXS0tLQ0KIGZyb20gc3lzbG9nZEByYXNwYmVycnlwaSBhdCBTZXAgMjYgMDU6MjU6MjcgLi4uDQ0KIGtlcm5lbDpbICAgNjAuNDgwNTczXSBJbnRlcm5hbCBlcnJvcjogT29wczogNSBbIzFdIFNNUCBBUk0NCg0NDQoHTWVzc2FnZSBmcm9tIHN5c2xvZ2RAcmFzcGJlcnJ5cGkgYXQgU2VwIDI2IDA1OjI1OjI3IC4uLg0NCiBrZXJuZWw6WyAgIDYwLjYyMjE0MV0gUHJvY2VzcyB0cnltZSAocGlkOiA0NDIsIHN0YWNrIGxpbWl0ID0gMHhlMDM1ZTU4YSkNCg0NDQoHTWVzc2FnZSBmcm9tIHN5c2xvZ2RAcmFzcGJlcnJ5cGkgYXQgU2VwIDI2IDA1OjI1OjI3IC4uLg0NCiBrZXJuZWw6WyAgIDYwLjYyOTE5N10gU3RhY2s6ICgweGI2ODAzZjMwIHRvIDB4YjY4MDQwMDApDQoNDQ0KB01lc3NhZ2UgZnJvbSBzeXNsb2dkQHJhc3BiZXJyeXBpIGF0IFNlcCAyNiAwNToyNToyNyAuLi4NDQoga2VybmVsOlsgICA2MC42MzQ3NTFdIDNmMjA6ICAgICAgICAgICAgICAgICAgICAgICAgICAgICAgICAgICAgIGI2ODAzZjRjIGI2ODAzZjQwIDgwMTJiM2NjIDgwNGExNjY0DQoNDQ0KB01lc3NhZ2UgZnJvbSBzeXNsb2dkQHJhc3BiZXJyeXBpIGF0IFNlcCAyNiAwNToyNToyNyAuLi4NDQoga2VybmVsOlsgICA2MC42NDUyNzFdIDNmNDA6IGI2ODAzZjVjIGI2ODAzZjUwIDgwMTJiM2ZjIDgwMTJiMzNjIGI2ODAzZjk0IGI2ODAzZjYwIDgwMTM1MDcwIDgwMTJiM2VjDQoNDQ0KB01lc3NhZ2UgZnJvbSBzeXNsb2dkQHJhc3BiZXJyeXBpIGF0IFNlcCAyNiAwNToyNToyNyAuLi4NDQoga2VybmVsOlsgICA2MC42NTU3NTNdIDNmNjA6IDAwMDAwMDAzIGI1MmUzMDgwIDAwMDAwMDEwIDAwMDAwMDAwIDAwMDAwMDAwIDAwMDAwMDAwIDAwMDAwMGQwIDgwMTAxMWM0DQoNDQ0KB01lc3NhZ2UgZnJvbSBzeXNsb2dkQHJhc3BiZXJyeXBpIGF0IFNlcCAyNiAwNToyNToyNyAuLi4NDQoga2VybmVsOlsgICA2MC42NjYyMjddIDNmODA6IGI2ODAyMDAwIDAwMDAwMGQwIGI2ODAzZmE0IGI2ODAzZjk4IDgwMTM1MWIwIDgwMTM0ZmIwIDAwMDAwMDAwIGI2ODAzZmE4DQoNDQ0KB01lc3NhZ2UgZnJvbSBzeXNsb2dkQHJhc3BiZXJyeXBpIGF0IFNlcCAyNiAwNToyNToyNyAuLi4NDQoga2VybmVsOlsgICA2MC42NzY3MzZdIDNmYTA6IDgwMTAxMDAwIDgwMTM1MWE0IDAwMDAwMDAwIDAwMDAwMDAwIDAwMDAwMDAwIDAwMDAwMDAwIDAwMDAwMDAwIDAwMDAwMDAwDQoNDQ0KB01lc3NhZ2UgZnJvbSBzeXNsb2dkQHJhc3BiZXJyeXBpIGF0IFNlcCAyNiAwNToyNToyNyAuLi4NDQoga2VybmVsOlsgICA2MC42ODczNzJdIDNmYzA6IDAwMDAwMDAwIDAwMDAwMDAwIDAwMDAwMDAwIDAwMDAwMGQwIDAwMDAwMDAwIDAwMDAwMDAwIDAwMDAwMDAwIDdlYzYzYmM0DQoNDQ0KB01lc3NhZ2UgZnJvbSBzeXNsb2dkQHJhc3BiZXJyeXBpIGF0IFNlcCAyNiAwNToyNToyNyAuLi4NDQoga2VybmVsOlsgICA2MC42OTgxNTZdIDNmZTA6IDc2ZWZmNjk0IDdlYzYzYjc4IDAwMDEwOTQwIDAwMDEwNzM4IDAwMDAwMDEwIDAwMDAwMDAwIDAwMDAwMDAwIDAwMDAwMDAwDQoNDQ0KB01lc3NhZ2UgZnJvbSBzeXNsb2dkQHJhc3BiZXJyeXBpIGF0IFNlcCAyNiAwNToyNToyNyAuLi4NDQoga2VybmVsOlsgICA2MC43OTkyMzBdIENvZGU6IGUxYTAxMDBjIGUxNTEwMDAzIDBhMDAwMDBkIGU1OTFlMGM4IChlNTkzYzBjOCkgDQoNU2VnbWVudGF0aW9uIGZhdWx0DQpwaUByYXNwYmVycnlwaTp+JCA='
193,151,b'Li90cnltZQ0KNjI1MDAwMA0KZ3JpOjEwMDAvMTAwMC8xMDAwcGlAcmFzcGJlcnJ5cGk6fiQg'
193,154,b'Li90cnltZQ0KNjI1MDAwMA0KZ3JpOjEwMDAvMTAwMC8xMDAwcGlAcmFzcGJlcnJ5cGk6fiQg'
193,138,b'Li90cnltZQ0KNjI1MDAwMA0KZ3JpOjEwMDAvMTAwMC8xMDAwcGlAcmFzcGJlcnJ5cGk6fiQg'
193,139,b'Li90cnltZQ0KNjI1MDAwMA0KZ3JpOjEwMDAvMTAwMC8xMDAwcGlAcmFzcGJlcnJ5cGk6fiQg'
193,148,b'Li90cnltZQ0KNjI1MDAwMA0KZ3JpOjEwMDAvMTAwMC8xMDAwcGlAcmFzcGJlcnJ5cGk6fiQg'
193,143,b'Li90cnltZQ0KWyAgIDY1LjAxNDExMl0gVW5hYmxlIHRvIGhhbmRsZSBrZXJuZWwgTlVMTCBwb2ludGVyIGRlcmVmZXJlbmNlIGF0IHZpcnR1YWwgYWRkcmVzcyAwMDAwMDMyOA0KWyAgIDY1LjAyNTI2NV0gcGdkID0gNjdhYWEyOTgNClsgICA2NS4wMjkzNThdIFswMDAwMDMyOF0gKnBnZD0zNTNmZTgzNSwgKnB0ZT0wMDAwMDAwMCwgKnBwdGU9MDAwMDAwMDANCg0NCgdNZXNzYWdlIGZyb20gc3lbICAgNjUuMDM3MTI0XSBJbnRlcm5hbCBlcnJvcjogT29wczogMTcgWyMyXSBTTVAgQVJNDQpzbG9nZEByYXNwYmVycnlwaSBhdCBTZXAgMjYgMDU6MjU6MzEgLi4uDQ0KIGtlcm5lbDpbICAgNjUuMDM3MTI0XSBJbnRlcm5hbCBlcnJvcjogT29wczogMTcgWyMyXSBTTVAgQVJNDQoNWyAgIDY1LjA0Mzk3NV0gTW9kdWxlcyBsaW5rZWQgaW46IGJuZXAgaGNpX3VhcnQgYnRiY20gc2VyZGV2IGJsdWV0b290aCBlY2RoX2dlbmVyaWMgc2hhMjU2X2dlbmVyaWMgY2ZnODAyMTEgcmZraWxsIDgwMjFxIGdhcnAgc3RwIGxsYyBiY20yODM1X2NvZGVjKEMpIHNuZF9iY20yODM1KEMpIHY0bDJfbWVtMm1lbSBiY20yODM1X3Y0bDIoQykgcmFzcGJlcnJ5cGlfaHdtb24gdmlkZW9idWYyX2RtYV9jb250aWcgaHdtb24gc25kX3BjbSBiY20yODM1X21tYWxfdmNoaXEoQykgdjRsMl9jb21tb24gdmlkZW9idWYyX3ZtYWxsb2Mgc25kX3RpbWVyIHZpZGVvYnVmMl9tZW1vcHMgdmlkZW9idWYyX3Y0bDIgc25kIHZpZGVvYnVmMl9jb21tb24gdmlkZW9kZXYgbWVkaWEgdmNfc21fY21hKEMpIGZpeGVkIHVpb19wZHJ2X2dlbmlycSB1aW8gaXBfdGFibGVzIHhfdGFibGVzIGlwdjYNClsgICA2NS4xMDE3NTZdIENQVTogMiBQSUQ6IDQ0OCBDb21tOiB0cnltZSBUYWludGVkOiBHICAgICAgRCAgQyAgICAgICAgNC4xOS43NS12NysgIzEyNzANClsgICA2NS4xMTU3NTVdIEhhcmR3YXJlIG5hbWU6IEJDTTI4MzUNClsgICA2NS4xMjIxNzZdIFBDIGlzIGF0IGNvbW1pdF9jcmVkcysweDkwLzB4MjljDQpbICAgNjUuMTI5NDQ1XSBMUiBpcyBhdCBfX3N5c19zZXRyZXN1aWQrMHgxNjgvMHgxZjQNClsgICA2NS4xMzY5NzZdIHBjIDogWzw4MDE0NTBjOD5dICAgIGxyIDogWzw4MDEzNTEwYz5dICAgIHBzcjogODAwMDAwMTMNClsgICA2NS4xNDYxNzddIHNwIDogYjY4MDNmNjAgIGlwIDogYjY4MDNmNDAgIGZwIDogYjY4MDNmOTQNClsgICA2NS4xNTQyOTVdIHIxMDogMDAwMDAwMDAgIHI5IDogMDAwMDAwMDAgIHI4IDogMDAwMDAwMDANClsgICA2NS4xNjIzODhdIHI3IDogMDAwMDAwMDAgIHI2IDogMDAwMDAwMDAgIHI1IDogZmZmZmZmZmYgIHI0IDogYjUyZTM1ODANClsgICA2NS4xNzE3ODZdIHIzIDogYjUyZTM1MDAgIHIyIDogMDAwMDAzZTggIHIxIDogMDAwMDAwMDEgIHIwIDogYjY4MDNmOTQNClsgICA2NS4xODExMTRdIEZsYWdzOiBOemN2ICBJUlFzIG9uICBGSVFzIG9uICBNb2RlIFNWQ18zMiAgSVNBIEFSTSAgU2VnbWVudCB1c2VyDQpbICAgNjUuMTkxMDUyXSBDb250cm9sOiAxMGM1MzgzZCAgVGFibGU6IDMzODE4MDZhICBEQUM6IDAwMDAwMDU1DQpbICAgNjUuMTk5NjMxXSBQcm9jZXNzIHRyeW1lIChwaWQ6IDQ0OCwgc3RhY2sgbGltaXQgPSAweGUwMzVlNThhKQ0KWyAgIDY1LjIwODI4OF0gU3RhY2s6ICgweGI2ODAzZjYwIHRvIDB4YjY4MDQwMDApDQpbICAgNjUuMjE1NDA1XSAzZjYwOiAwMDAwMDAwMyBiNTJlMzUwMCAwMDAwMDAxMCAwMDAwMDAwMCAwMDAwMDAwMCAwMDAwMDAwMCAwMDAwMDBkMCA4MDEwMTFjNA0KWyAgIDY1LjIyOTA2MV0gM2Y4MDogYjY4MDIwMDAgMDAwMDAwZDAgYjY4MDNmYTQgYjY4MDNmOTggODAxMzUxYjAgODAxMzRmYjAgMDAwMDAwMDAgYjY4MDNmYTgNClsgICA2NS4yNDI3MDJdIDNmYTA6IDgwMTAxMDAwIDgwMTM1MWE0IDAwMDAwMDAwIDAwMDAwMDAwIDAwMDAwMDAwIDAwMDAwMDAwIDAwMDAwMDAwIDAwMDAwMDAwDQpbICAgNjUuMjU2MzI2XSAzZmMwOiAwMDAwMDAwMCAwMDAwMDAwMCAwMDAwMDAwMCAwMDAwMDBkMCAwMDAwMDAwMCAwMDAwMDAwMCAwMDAwMDAwMCA3ZTg0ZGJjNA0KWyAgIDY1LjI3MDAyNF0gM2ZlMDogNzZlYjM2OTQgN2U4NGRiNzggMDAwMTA5NDAgMDAwMTA3MzggMDAwMDAwMTAgMDAwMDAwMDAgMDAwMDAwMDAgMDAwMDAwMDANClsgICA2NS4yODQwMTldIFs8ODAxNDUwYzg+XSAoY29tbWl0X2NyZWRzKSBmcm9tIFs8ODAxMzUxYjA+XSAoc3lzX3NldHJlc3VpZCsweDE4LzB4MWMpDQpbICAgNjUuMjk3Nzk2XSBbPDgwMTM1MWIwPl0gKHN5c19zZXRyZXN1aWQpIGZyb20gWzw4MDEwMTAwMD5dIChyZXRfZmFzdF9zeXNjYWxsKzB4MC8weDI4KQ0KWyAgIDY1LjMxMjA3NF0gRXhjZXB0aW9uIHN0YWNrKDB4YjY4MDNmYTggdG8gMHhiNjgwM2ZmMCkNClsgICA2NS4zMjA0NDVdIDNmYTA6ICAgICAgICAgICAgICAgICAgIDAwMDAwMDAwIDAwMDAwMDAwIDAwMDAwMDAwIDAwMDAwMDAwIDAwMDAwMDAwIDAwMDAwMDAwDQpbICAgNjUuMzM1Mjk1XSAzZmMwOiAwMDAwMDAwMCAwMDAwMDAwMCAwMDAwMDAwMCAwMDAwMDBkMCAwMDAwMDAwMCAwMDAwMDAwMCAwMDAwMDAwMCA3ZTg0ZGJjNA0KWyAgIDY1LjM1MDIyNF0gM2ZlMDogNzZlYjM2OTQgN2U4NGRiNzggMDAwMTA5NDAgMDAwMTA3MzgNClsgICA2NS4zNTg3MTddIENvZGU6IGUxNWMwMDAzIDBhMDAwMDUwIGU1OTYwMzI4IGUzNTAwMDAwICgwYTAwMDAwMykgDQoNDQoHTWVzc2FnZSBmcm9tIHN5c2xvZ2RAcmFzcGJlcnJ5cFsgICA2NS4zNjgzNDVdIC0tLVsgZW5kIHRyYWNlIGU3NTQ2YmI3MmViZDhlODUgXS0tLQ0KaSBhdCBTZXAgMjYgMDU6MjU6MzEgLi4uDQ0KIGtlcm5lbDpbICAgNjUuMTk5NjMxXSBQcm9jZXNzIHRyeW1lIChwaWQ6IDQ0OCwgc3RhY2sgbGltaXQgPSAweGUwMzVlNThhKQ0KDQ0NCgdNZXNzYWdlIGZyb20gc3lzbG9nZEByYXNwYmVycnlwaSBhdCBTZXAgMjYgMDU6MjU6MzEgLi4uDQ0KIGtlcm5lbDpbICAgNjUuMjA4Mjg4XSBTdGFjazogKDB4YjY4MDNmNjAgdG8gMHhiNjgwNDAwMCkNCg0NDQoHTWVzc2FnZSBmcm9tIHN5c2xvZ2RAcmFzcGJlcnJ5cGkgYXQgU2VwIDI2IDA1OjI1OjMxIC4uLg0NCiBrZXJuZWw6WyAgIDY1LjIxNTQwNV0gM2Y2MDogMDAwMDAwMDMgYjUyZTM1MDAgMDAwMDAwMTAgMDAwMDAwMDAgMDAwMDAwMDAgMDAwMDAwMDAgMDAwMDAwZDAgODAxMDExYzQNCg0NDQoHTWVzc2FnZSBmcm9tIHN5c2xvZ2RAcmFzcGJlcnJ5cGkgYXQgU2VwIDI2IDA1OjI1OjMxIC4uLg0NCiBrZXJuZWw6WyAgIDY1LjIyOTA2MV0gM2Y4MDogYjY4MDIwMDAgMDAwMDAwZDAgYjY4MDNmYTQgYjY4MDNmOTggODAxMzUxYjAgODAxMzRmYjAgMDAwMDAwMDAgYjY4MDNmYTgNCg0NDQoHTWVzc2FnZSBmcm9tIHN5c2xvZ2RAcmFzcGJlcnJ5cGkgYXQgU2VwIDI2IDA1OjI1OjMxIC4uLg0NCiBrZXJuZWw6WyAgIDY1LjI0MjcwMl0gM2ZhMDogODAxMDEwMDAgODAxMzUxYTQgMDAwMDAwMDAgMDAwMDAwMDAgMDAwMDAwMDAgMDAwMDAwMDAgMDAwMDAwMDAgMDAwMDAwMDANCg0NDQoHTWVzc2FnZSBmcm9tIHN5c2xvZ2RAcmFzcGJlcnJ5cGkgYXQgU2VwIDI2IDA1OjI1OjMxIC4uLg0NCiBrZXJuZWw6WyAgIDY1LjI1NjMyNl0gM2ZjMDogMDAwMDAwMDAgMDAwMDAwMDAgMDAwMDAwMDAgMDAwMDAwZDAgMDAwMDAwMDAgMDAwMDAwMDAgMDAwMDAwMDAgN2U4NGRiYzQNCg0NDQoHTWVzc2FnZSBmcm9tIHN5c2xvZ2RAcmFzcGJlcnJ5cGkgYXQgU2VwIDI2IDA1OjI1OjMxIC4uLg0NCiBrZXJuZWw6WyAgIDY1LjI3MDAyNF0gM2ZlMDogNzZlYjM2OTQgN2U4NGRiNzggMDAwMTA5NDAgMDAwMTA3MzggMDAwMDAwMTAgMDAwMDAwMDAgMDAwMDAwMDAgMDAwMDAwMDANCg0NDQoHTWVzc2FnZSBmcm9tIHN5c2xvZ2RAcmFzcGJlcnJ5cGkgYXQgU2VwIDI2IDA1OjI1OjMxIC4uLg0NCiBrZXJuZWw6WyAgIDY1LjM1ODcxN10gQ29kZTogZTE1YzAwMDMgMGEwMDAwNTAgZTU5NjAzMjggZTM1MDAwMDAgKDBhMDAwMDAzKSANCg1TZWdtZW50YXRpb24gZmF1bHQNCnBpQHJhc3BiZXJyeXBpOn4kIA=='
193,150,b'Li90cnltZQ0KNjI1MDAwMA0KZ3JpOjEwMDAvMTAwMC8xMDAwcGlAcmFzcGJlcnJ5cGk6fiQg'
193,141,b'Li90cnltZQ0KNjI1MDAwMA0KZ3JpOjEwMDAvMTAwMC8xMDAwcGlAcmFzcGJlcnJ5cGk6fiQg'
193,135,b'Li90cnltZQ0KNjI1MDAwMA0KZ3JpOjEwMDAvMTAwMC8xMDAwcGlAcmFzcGJlcnJ5cGk6fiQg'
193,138,b'Li90cnltZQ0KWyAgIDY4LjA0NDE0OF0gVW5hYmxlIHRvIGhhbmRsZSBrZXJuZWwgTlVMTCBwb2ludGVyIGRlcmVmZXJlbmNlIGF0IHZpcnR1YWwgYWRkcmVzcyAwMDAwMDMyOA0KWyAgIDY4LjA1NTI5MF0gcGdkID0gNGVmMzBmMzgNClsgICA2OC4wNTkzNzhdIFswMDAwMDMyOF0gKnBnZD0zMzgyYTgzNSwgKnB0ZT0wMDAwMDAwMCwgKnBwdGU9MDAwMDAwMDANCg0NCgdNZXNzYWdlIGZyb20gc3lbICAgNjguMDY3MTMyXSBJbnRlcm5hbCBlcnJvcjogT29wczogMTcgWyMzXSBTTVAgQVJNDQpzbG9nZEByYXNwYmVycnlwaSBhdCBTZXAgMjYgMDU6MjU6MzQgLi4uDQ0KIGtlcm5lbDpbICAgNjguMDY3MTMyXSBJbnRlcm5hbCBlcnJvcjogT29wczogMTcgWyMzXSBbICAgNjguMDczOTYzXSBNb2R1bGVzIGxpbmtlZCBpbjogYm5lcCBoY2lfdWFydCBidGJjbSBzZXJkZXYgYmx1ZXRvb3RoIGVjZGhfZ2VuZXJpYyBzaGEyNTZfZ2VuZXJpYyBjZmc4MDIxMSByZmtpbGwgODAyMXEgZ2FycCBzdHAgbGxjIGJjbTI4MzVfY29kZWMoQykgc25kX2JjbTI4MzUoQykgdjRsMl9tZW0ybWVtIGJjbTI4MzVfdjRsMihDKSByYXNwYmVycnlwaV9od21vbiB2aWRlb2J1ZjJfZG1hX2NvbnRpZyBod21vbiBzbmRfcGNtIGJjbTI4MzVfbW1hbF92Y2hpcShDKSB2NGwyX2NvbW1vbiB2aWRlb2J1ZjJfdm1hbGxvYyBzbmRfdGltZXIgdmlkZW9idWYyX21lbW9wcyB2aWRlb2J1ZjJfdjRsMiBzbmQgdmlkZW9idWYyX2NvbW1vbiB2aWRlb2RldiBtZWRpYSB2Y19zbV9jbWEoQykgZml4ZWQgdWlvX3BkcnZfZ2VuaXJxIHVpbyBpcF90YWJsZXMgeF90YWJsZXMgaXB2Ng0KU01QIEFSTQ0KDVsgICA2OC4xMjEzODBdIENQVTogMiBQSUQ6IDQ1MiBDb21tOiB0cnltZSBUYWludGVkOiBHICAgICAgRCAgQyAgICAgICAgNC4xOS43NS12NysgIzEyNzANClsgICA2OC4xMzE5NDldIEhhcmR3YXJlIG5hbWU6IEJDTTI4MzUNClsgICA2OC4xMzY2ODddIFBDIGlzIGF0IGNvbW1pdF9jcmVkcysweDkwLzB4MjljDQpbICAgNjguMTQyMjg5XSBMUiBpcyBhdCBfX3N5c19zZXRyZXN1aWQrMHgxNjgvMHgxZjQNClsgICA2OC4xNDgyMDNdIHBjIDogWzw4MDE0NTBjOD5dICAgIGxyIDogWzw4MDEzNTEwYz5dICAgIHBzcjogODAwMDAwMTMNClsgICA2OC4xNTU3ODldIHNwIDogYjY4MDNmNjAgIGlwIDogYjY4MDNmNDAgIGZwIDogYjY4MDNmOTQNClsgICA2OC4xNjIzMDddIHIxMDogMDAwMDAwMDAgIHI5IDogMDAwMDAwMDAgIHI4IDogMDAwMDAwMDANClsgICA2OC4xNjg4MTFdIHI3IDogMDAwMDAwMDAgIHI2IDogMDAwMDAwMDAgIHI1IDogZmZmZmZmZmYgIHI0IDogYjUyZTM3ODANClsgICA2OC4xNzY2MzBdIHIzIDogYjUyZTM3MDAgIHIyIDogMDAwMDAzZTggIHIxIDogMDAwMDAwMDEgIHIwIDogYjUyZTM3ODANClsgICA2OC4xODQ0MTJdIEZsYWdzOiBOemN2ICBJUlFzIG9uICBGSVFzIG9uICBNb2RlIFNWQ18zMiAgSVNBIEFSTSAgU2VnbWVudCB1c2VyDQpbICAgNjguMTkyODA5XSBDb250cm9sOiAxMGM1MzgzZCAgVGFibGU6IDM3ZmMwMDZhICBEQUM6IDAwMDAwMDU1DQpbICAgNjguMTk5ODIzXSBQcm9jZXNzIHRyeW1lIChwaWQ6IDQ1Miwgc3RhY2sgbGltaXQgPSAweGUwMzVlNThhKQ0KWyAgIDY4LjIwODQ2MV0gU3RhY2s6ICgweGI2ODAzZjYwIHRvIDB4YjY4MDQwMDApDQpbICAgNjguMjE1NTYxXSAzZjYwOiAwMDAwMDAwMyBiNTJlMzcwMCAwMDAwMDAxMCAwMDAwMDAwMCAwMDAwMDAwMCAwMDAwMDAwMCAwMDAwMDBkMCA4MDEwMTFjNA0KWyAgIDY4LjIyOTE3NV0gM2Y4MDogYjY4MDIwMDAgMDAwMDAwZDAgYjY4MDNmYTQgYjY4MDNmOTggODAxMzUxYjAgODAxMzRmYjAgMDAwMDAwMDAgYjY4MDNmYTgNClsgICA2OC4yNDI3NzNdIDNmYTA6IDgwMTAxMDAwIDgwMTM1MWE0IDAwMDAwMDAwIDAwMDAwMDAwIDAwMDAwMDAwIDAwMDAwMDAwIDAwMDAwMDAwIDAwMDAwMDAwDQpbICAgNjguMjU2MzU0XSAzZmMwOiAwMDAwMDAwMCAwMDAwMDAwMCAwMDAwMDAwMCAwMDAwMDBkMCAwMDAwMDAwMCAwMDAwMDAwMCAwMDAwMDAwMCA3ZWI1NmJjNA0KWyAgIDY4LjI3MDAxMF0gM2ZlMDogNzZlMzI2OTQgN2ViNTZiNzggMDAwMTA5NDAgMDAwMTA3MzggMDAwMDAwMTAgMDAwMDAwMDAgMDAwMDAwMDAgMDAwMDAwMDANClsgICA2OC4yODM5NjldIFs8ODAxNDUwYzg+XSAoY29tbWl0X2NyZWRzKSBmcm9tIFs8ODAxMzUxYjA+XSAoc3lzX3NldHJlc3VpZCsweDE4LzB4MWMpDQpbICAgNjguMjk3NzA2XSBbPDgwMTM1MWIwPl0gKHN5c19zZXRyZXN1aWQpIGZyb20gWzw4MDEwMTAwMD5dIChyZXRfZmFzdF9zeXNjYWxsKzB4MC8weDI4KQ0KWyAgIDY4LjMxMTk0M10gRXhjZXB0aW9uIHN0YWNrKDB4YjY4MDNmYTggdG8gMHhiNjgwM2ZmMCkNClsgICA2OC4zMjAyOTJdIDNmYTA6ICAgICAgICAgICAgICAgICAgIDAwMDAwMDAwIDAwMDAwMDAwIDAwMDAwMDAwIDAwMDAwMDAwIDAwMDAwMDAwIDAwMDAwMDAwDQpbICAgNjguMzM1MTMzXSAzZmMwOiAwMDAwMDAwMCAwMDAwMDAwMCAwMDAwMDAwMCAwMDAwMDBkMCAwMDAwMDAwMCAwMDAwMDAwMCAwMDAwMDAwMCA3ZWI1NmJjNA0KWyAgIDY4LjM1MDA0N10gM2ZlMDogNzZlMzI2OTQgN2ViNTZiNzggMDAwMTA5NDAgMDAwMTA3MzgNClsgICA2OC4zNTg1MzZdIENvZGU6IGUxNWMwMDAzIDBhMDAwMDUwIGU1OTYwMzI4IGUzNTAwMDAwICgwYTAwMDAwMykgDQoNDQoHTWVzc2FnZSBmcm9tIHN5WyAgIDY4LjM2ODEyMl0gLS0tWyBlbmQgdHJhY2UgZTc1NDZiYjcyZWJkOGU4NiBdLS0tDQpzbG9nZEByYXNwYmVycnlwaSBhdCBTZXAgMjYgMDU6MjU6MzQgLi4uDQ0KIGtlcm5lbDpbICAgNjguMTk5ODIzXSBQcm9jZXNzIHRyeW1lIChwaWQ6IDQ1Miwgc3RhY2sgbGltaXQgPSAweGUwMzVlNThhKQ0KDQ0NCgdNZXNzYWdlIGZyb20gc3lzbG9nZEByYXNwYmVycnlwaSBhdCBTZXAgMjYgMDU6MjU6MzQgLi4uDQ0KIGtlcm5lbDpbICAgNjguMjA4NDYxXSBTdGFjazogKDB4YjY4MDNmNjAgdG8gMHhiNjgwNDAwMCkNCg0NDQoHTWVzc2FnZSBmcm9tIHN5c2xvZ2RAcmFzcGJlcnJ5cGkgYXQgU2VwIDI2IDA1OjI1OjM0IC4uLg0NCiBrZXJuZWw6WyAgIDY4LjIxNTU2MV0gM2Y2MDogMDAwMDAwMDMgYjUyZTM3MDAgMDAwMDAwMTAgMDAwMDAwMDAgMDAwMDAwMDAgMDAwMDAwMDAgMDAwMDAwZDAgODAxMDExYzQNCg0NDQoHTWVzc2FnZSBmcm9tIHN5c2xvZ2RAcmFzcGJlcnJ5cGkgYXQgU2VwIDI2IDA1OjI1OjM0IC4uLg0NCiBrZXJuZWw6WyAgIDY4LjIyOTE3NV0gM2Y4MDogYjY4MDIwMDAgMDAwMDAwZDAgYjY4MDNmYTQgYjY4MDNmOTggODAxMzUxYjAgODAxMzRmYjAgMDAwMDAwMDAgYjY4MDNmYTgNCg0NDQoHTWVzc2FnZSBmcm9tIHN5c2xvZ2RAcmFzcGJlcnJ5cGkgYXQgU2VwIDI2IDA1OjI1OjM0IC4uLg0NCiBrZXJuZWw6WyAgIDY4LjI0Mjc3M10gM2ZhMDogODAxMDEwMDAgODAxMzUxYTQgMDAwMDAwMDAgMDAwMDAwMDAgMDAwMDAwMDAgMDAwMDAwMDAgMDAwMDAwMDAgMDAwMDAwMDANCg0NDQoHTWVzc2FnZSBmcm9tIHN5c2xvZ2RAcmFzcGJlcnJ5cGkgYXQgU2VwIDI2IDA1OjI1OjM0IC4uLg0NCiBrZXJuZWw6WyAgIDY4LjI1NjM1NF0gM2ZjMDogMDAwMDAwMDAgMDAwMDAwMDAgMDAwMDAwMDAgMDAwMDAwZDAgMDAwMDAwMDAgMDAwMDAwMDAgMDAwMDAwMDAgN2ViNTZiYzQNCg0NDQoHTWVzc2FnZSBmcm9tIHN5c2xvZ2RAcmFzcGJlcnJ5cGkgYXQgU2VwIDI2IDA1OjI1OjM0IC4uLg0NCiBrZXJuZWw6WyAgIDY4LjI3MDAxMF0gM2ZlMDogNzZlMzI2OTQgN2ViNTZiNzggMDAwMTA5NDAgMDAwMTA3MzggMDAwMDAwMTAgMDAwMDAwMDAgMDAwMDAwMDAgMDAwMDAwMDANCg0NDQoHTWVzc2FnZSBmcm9tIHN5c2xvZ2RAcmFzcGJlcnJ5cGkgYXQgU2VwIDI2IDA1OjI1OjM0IC4uLg0NCiBrZXJuZWw6WyAgIDY4LjM1ODUzNl0gQ29kZTogZTE1YzAwMDMgMGEwMDAwNTAgZTU5NjAzMjggZTM1MDAwMDAgKDBhMDAwMDAzKSANCg1TZWdtZW50YXRpb24gZmF1bHQNCnBpQHJhc3BiZXJyeXBpOn4kIA=='
193,139,b'Li90cnltZQ0KNjI1MDAwMA0KZ3JpOjEwMDAvMTAwMC8xMDAwcGlAcmFzcGJlcnJ5cGk6fiQg'
193,135,b'Li90cnltZQ0KNjI1MDAwMA0KZ3JpOjEwMDAvMTAwMC8xMDAwcGlAcmFzcGJlcnJ5cGk6fiQg'
193,155,b'Li90cnltZQ0KNjI1MDAwMA0KZ3JpOjEwMDAvMTAwMC8xMDAwcGlAcmFzcGJlcnJ5cGk6fiQg'
193,136,b'Li90cnltZQ0KNjI1MDAwMA0KZ3JpOjEwMDAvMTAwMC8xMDAwcGlAcmFzcGJlcnJ5cGk6fiQg'
193,135,b'Li90cnltZQ0KNjI1MDAwMA0KZ3JpOjEwMDAvMTAwMC8xMDAwcGlAcmFzcGJlcnJ5cGk6fiQg'
193,148,b'Li90cnltZQ0KNjI1MDAwMA0KZ3JpOjEwMDAvMTAwMC8xMDAwcGlAcmFzcGJlcnJ5cGk6fiQg'
193,138,b'Li90cnltZQ0KNjI1MDAwMA0KZ3JpOjEwMDAvMTAwMC8xMDAwcGlAcmFzcGJlcnJ5cGk6fiQg'
193,135,b'Li90cnltZQ0KWyAgIDc0LjEyNDE0MF0gVW5hYmxlIHRvIGhhbmRsZSBrZXJuZWwgcGFnaW5nIHJlcXVlc3QgYXQgdmlydHVhbCBhZGRyZXNzIDc1NTU1NWRkDQpbICAgNzQuMTMzMDI2XSBwZ2QgPSA3NGM3OWYwOQ0KWyAgIDc0LjEzNzE0OV0gWzc1NTU1NWRkXSAqcGdkPTAwMDAwMDAwDQoNDQpbICAgNzQuMTQyMTQ4XSBJbnRlcm5hbCBlcnJvcjogT29wczogNSBbIzRdIFNNUCBBUk0NCgdNZXNzYWdlIGZyb20gc3lzbG9nZEByYXNwYmVycnlwaSBhdCBTZXAgMjYgMDU6MjU6NDAgLi4uDQ0KIGtlcm5lbDpbICAgNzQuMTQyMTQ4XSBJbnRlcm5hbCBlcnJvclsgICA3NC4xNDgzMDRdIE1vZHVsZXMgbGlua2VkIGluOiBibmVwIGhjaV91YXJ0IGJ0YmNtIHNlcmRldiBibHVldG9vdGggZWNkaF9nZW5lcmljIHNoYTI1Nl9nZW5lcmljIGNmZzgwMjExIHJma2lsbCA4MDIxcSBnYXJwIHN0cCBsbGMgYmNtMjgzNV9jb2RlYyhDKSBzbmRfYmNtMjgzNShDKSB2NGwyX21lbTJtZW0gYmNtMjgzNV92NGwyKEMpIHJhc3BiZXJyeXBpX2h3bW9uIHZpZGVvYnVmMl9kbWFfY29udGlnIGh3bW9uIHNuZF9wY20gYmNtMjgzNV9tbWFsX3ZjaGlxKEMpIHY0bDJfY29tbW9uIHZpZGVvYnVmMl92bWFsbG9jIHNuZF90aW1lciB2aWRlb2J1ZjJfbWVtb3BzIHZpZGVvYnVmMl92NGwyIHNuZCB2aWRlb2J1ZjJfY29tbW9uIHZpZGVvZGV2IG1lZGlhIHZjX3NtX2NtYShDKSBmaXhlZCB1aW9fcGRydl9nZW5pcnEgdWlvIGlwX3RhYmxlcyB4X3RhYmxlcyBpcHY2DQo6IE9vcHM6IDUgWyM0XSBTTVAgQVJNDQoNWyAgIDc0LjE5NTcyMV0gQ1BVOiAzIFBJRDogNDYwIENvbW06IHRyeW1lIFRhaW50ZWQ6IEcgICAgICBEICBDICAgICAgICA0LjE5Ljc1LXY3KyAjMTI3MA0KWyAgIDc0LjIwNjI0OV0gSGFyZHdhcmUgbmFtZTogQkNNMjgzNQ0KWyAgIDc0LjIxMDk3MF0gUEMgaXMgYXQgY2FwX2NhcGFibGUrMHgxNC8weDhjDQpbICAgNzQuMjE2MzY1XSBMUiBpcyBhdCBuc19jYXBhYmxlX2NvbW1vbisweDljLzB4YjANClsgICA3NC4yMjIyNjhdIHBjIDogWzw4MDRhMTY2Yz5dICAgIGxyIDogWzw4MDEyYjNjYz5dICAgIHBzcjogMjAwMDAwMTMNClsgICA3NC4yMjk4NDNdIHNwIDogYjM4MjNmMzAgIGlwIDogYjM4MjNmNDAgIGZwIDogYjM4MjNmM2MNClsgICA3NC4yMzYzMjhdIHIxMDogMDAwMDAwMDAgIHI5IDogMDAwMDAwMDAgIHI4IDogMDAwMDAwMDANClsgICA3NC4yNDI4MDJdIHI3IDogMDAwMDAwMDAgIHI2IDogMDAwMDAwMDAgIHI1IDogMDAwMDAwMDAgIHI0IDogYjUwOTgyMDANClsgICA3NC4yNTA1ODVdIHIzIDogMDAwMDAwMDEgIHIyIDogMDAwMDAwMDcgIHIxIDogODBkMGQ2NDAgIHIwIDogNzU1NTU1NzUNClsgICA3NC4yNTgzNDZdIEZsYWdzOiBuekN2ICBJUlFzIG9uICBGSVFzIG9uICBNb2RlIFNWQ18zMiAgSVNBIEFSTSAgU2VnbWVudCB1c2VyDQpbICAgNzQuMjY2NzI1XSBDb250cm9sOiAxMGM1MzgzZCAgVGFibGU6IDM1M2ZjMDZhICBEQUM6IDAwMDAwMDU1DQpbICAgNzQuMjczNjgyXSBQcm9jZXNzIHRyeW1lIChwaWQ6IDQ2MCwgc3RhY2sgbGltaXQgPSAweGU0NDk5OGRkKQ0KWyAgIDc0LjI4MDc0OF0gU3RhY2s6ICgweGIzODIzZjMwIHRvIDB4YjM4MjQwMDApDQpbICAgNzQuMjg2MzE0XSAzZjIwOiAgICAgICAgICAgICAgICAgICAgICAgICAgICAgICAgICAgICBiMzgyM2Y0YyBiMzgyM2Y0MCA4MDEyYjNjYyA4MDRhMTY2NA0KWyAgIDc0LjI5Njg1OV0gM2Y0MDogYjM4MjNmNWMgYjM4MjNmNTAgODAxMmIzZmMgODAxMmIzM2MgYjM4MjNmOTQgYjM4MjNmNjAgODAxMzUwNzAgODAxMmIzZWMNClsgICA3NC4zMDczNjZdIDNmNjA6IDAwMDAwMDAzIGI1MDk4MTgwIDAwMDAwMDEwIDAwMDAwMDAwIDAwMDAwMDAwIDAwMDAwMDAwIDAwMDAwMGQwIDgwMTAxMWM0DQpbICAgNzQuMzE3ODY1XSAzZjgwOiBiMzgyMjAwMCAwMDAwMDBkMCBiMzgyM2ZhNCBiMzgyM2Y5OCA4MDEzNTFiMCA4MDEzNGZiMCAwMDAwMDAwMCBiMzgyM2ZhOA0KWyAgIDc0LjMyODM5N10gM2ZhMDogODAxMDEwMDAgODAxMzUxYTQgMDAwMDAwMDAgMDAwMDAwMDAgMDAwMDAwMDAgMDAwMDAwMDAgMDAwMDAwMDAgMDAwMDAwMDANClsgICA3NC4zMzkwNTRdIDNmYzA6IDAwMDAwMDAwIDAwMDAwMDAwIDAwMDAwMDAwIDAwMDAwMGQwIDAwMDAwMDAwIDAwMDAwMDAwIDAwMDAwMDAwIDdlYTJiYmM0DQpbICAgNzQuMzQ5ODQ0XSAzZmUwOiA3NmVlNjY5NCA3ZWEyYmI3OCAwMDAxMDk0MCAwMDAxMDczOCAwMDAwMDAxMCAwMDAwMDAwMCAwMDAwMDAwMCAwMDAwMDAwMA0KWyAgIDc0LjM2MDczN10gWzw4MDRhMTY2Yz5dIChjYXBfY2FwYWJsZSkgZnJvbSBbPDgwMTJiM2NjPl0gKG5zX2NhcGFibGVfY29tbW9uKzB4OWMvMHhiMCkNClsgICA3NC4zNzE1MzldIFs8ODAxMmIzY2M+XSAobnNfY2FwYWJsZV9jb21tb24pIGZyb20gWzw4MDEyYjNmYz5dIChuc19jYXBhYmxlKzB4MWMvMHgyMCkNClsgICA3NC4zODIzMjddIFs8ODAxMmIzZmM+XSAobnNfY2FwYWJsZSkgZnJvbSBbPDgwMTM1MDcwPl0gKF9fc3lzX3NldHJlc3VpZCsweGNjLzB4MWY0KQ0KWyAgIDc0LjM5MzEwNF0gWzw4MDEzNTA3MD5dIChfX3N5c19zZXRyZXN1aWQpIGZyb20gWzw4MDEzNTFiMD5dIChzeXNfc2V0cmVzdWlkKzB4MTgvMHgxYykNClsgICA3NC40MDQxNDddIFs8ODAxMzUxYjA+XSAoc3lzX3NldHJlc3VpZCkgZnJvbSBbPDgwMTAxMDAwPl0gKHJldF9mYXN0X3N5c2NhbGwrMHgwLzB4MjgpDQpbICAgNzQuNDE1MjIxXSBFeGNlcHRpb24gc3RhY2soMHhiMzgyM2ZhOCB0byAweGIzODIzZmYwKQ0KWyAgIDc0LjQyMTg1Nl0gM2ZhMDogICAgICAgICAgICAgICAgICAgMDAwMDAwMDAgMDAwMDAwMDAgMDAwMDAwMDAgMDAwMDAwMDAgMDAwMDAwMDAgMDAwMDAwMDANClsgICA3NC40MzMxMjldIDNmYzA6IDAwMDAwMDAwIDAwMDAwMDAwIDAwMDAwMDAwIDAwMDAwMGQwIDAwMDAwMDAwIDAwMDAwMDAwIDAwMDAwMDAwIDdlYTJiYmM0DQpbICAgNzQuNDQ0Mzk0XSAzZmUwOiA3NmVlNjY5NCA3ZWEyYmI3OCAwMDAxMDk0MCAwMDAxMDczOA0KWyAgIDc0LjQ1MjkyOF0gQ29kZTogZTkyZGQ4MDAgZTI0Y2IwMDQgZTUyZGUwMDQgZThiZDQwMDAgKGU1OTAzMDY4KSANClsgICA3NC40NjI1OTBdIC0tLVsgZW5kIHRyYWNlIGU3NTQ2YmI3MmViZDhlODcgXS0tLQ0KDQ0KB01lc3NhZ2UgZnJvbSBzeXNsb2dkQHJhc3BiZXJyeXBpIGF0IFNlcCAyNiAwNToyNTo0MSAuLi4NDQoga2VybmVsOlsgICA3NC4yNzM2ODJdIFByb2Nlc3MgdHJ5bWUgKHBpZDogNDYwLCBzdGFjayBsaW1pdCA9IDB4ZTQ0OTk4ZGQpDQoNU2VnbWVudGF0aW9uIGZhdWx0DQoNDQoHTWVzc2FnZSBmcm9tIHN5c2xvZ2RAcmFzcGJlcnJ5cGkgYXQgU2VwIDI2IDA1OjI1OjQxIC4uLg0NCiBrZXJuZWw6WyAgIDc0LjI4MDc0OF0gU3RhY2s6ICgweGIzODIzZjMwIHRvIDB4YjM4MjQwMDApDQoNDQ0KB01lc3NhZ2UgZnJvbSBzeXNsb2dkQHJhc3BiZXJyeXBpIGF0IFNlcCAyNiAwNToyNTo0MSAuLi4NDQoga2VybmVsOlsgICA3NC4yODYzMTRdIDNmMjA6ICAgICAgICAgICAgICAgICAgICAgICAgICAgICAgICAgICAgIGIzODIzZjRjIGIzODIzZjQwIDgwMTJiM2NjIDgwNGExNjY0DQoNDQ0KB01lc3NhZ2UgZnJvbSBzeXNsb2dkQHJhc3BiZXJyeXBpIGF0IFNlcCAyNiAwNToyNTo0MSAuLi4NDQoga2VybmVsOlsgICA3NC4yOTY4NTldIDNmNDA6IGIzODIzZjVjIGIzODIzZjUwIDgwMTJiM2ZjIDgwMTJiMzNjIGIzODIzZjk0IGIzODIzZjYwIDgwMTM1MDcwIDgwMTJiM2VjDQoNDQ0KB01lc3NhZ2UgZnJvbSBzeXNsb2dkQHJhc3BiZXJyeXBpIGF0IFNlcCAyNiAwNToyNTo0MSAuLi4NDQoga2VybmVsOlsgICA3NC4zMDczNjZdIDNmNjA6IDAwMDAwMDAzIGI1MDk4MTgwIDAwMDAwMDEwIDAwMDAwMDAwIDAwMDAwMDAwIDAwMDAwMDAwIDAwMDAwMGQwIDgwMTAxMWM0DQoNDQ0KB01lc3NhZ2UgZnJvbSBzeXNsb2dkQHJhc3BiZXJyeXBpIGF0IFNlcCAyNiAwNToyNTo0MSAuLi4NDQoga2VybmVsOlsgICA3NC4zMTc4NjVdIDNmODA6IGIzODIyMDAwIDAwMDAwMGQwIGIzODIzZmE0IGIzODIzZjk4IDgwMTM1MWIwIDgwMTM0ZmIwIDAwMDAwMDAwIGIzODIzZmE4DQoNDQ0KB01lc3NhZ2UgZnJvbSBzeXNsb2dkQHJhc3BiZXJyeXBpIGF0IFNlcCAyNiAwNToyNTo0MSAuLi4NDQoga2VybmVsOlsgICA3NC4zMjgzOTddIDNmYTA6IDgwMTAxMDAwIDgwMTM1MWE0IDAwMDAwMDAwIDAwMDAwMDAwIDAwMDAwMDAwIDAwMDAwMDAwIDAwMDAwMDAwIDAwMDAwMDAwDQoNDQ0KB01lc3NhZ2UgZnJvbSBzeXNsb2dkQHJhc3BiZXJyeXBpIGF0IFNlcCAyNiAwNToyNTo0MSAuLi4NDQoga2VybmVsOlsgICA3NC4zMzkwNTRdIDNmYzA6IDAwMDAwMDAwIDAwMDAwMDAwIDAwMDAwMDAwIDAwMDAwMGQwIDAwMDAwMDAwIDAwMDAwMDAwIDAwMDAwMDAwIDdlYTJiYmM0DQoNDQ0KB01lc3NhZ2UgZnJvbSBzeXNsb2dkQHJhc3BiZXJyeXBpIGF0IFNlcCAyNiAwNToyNTo0MSAuLi4NDQoga2VybmVsOlsgICA3NC4zNDk4NDRdIDNmZTA6IDc2ZWU2Njk0IDdlYTJiYjc4IDAwMDEwOTQwIDAwMDEwNzM4IDAwMDAwMDEwIDAwMDAwMDAwIDAwMDAwMDAwIDAwMDAwMDAwDQoNDQ0KB01lc3NhZ2UgZnJvbSBzeXNsb2dkQHJhc3BiZXJyeXBpIGF0IFNlcCAyNiAwNToyNTo0MSAuLi4NDQoga2VybmVsOlsgICA3NC40NTI5MjhdIENvZGU6IGU5MmRkODAwIGUyNGNiMDA0IGU1MmRlMDA0IGU4YmQ0MDAwIChlNTkwMzA2OCkgDQoNcGlAcmFzcGJlcnJ5cGk6fiQg'
193,146,b'Li90cnltZQ0KNjI1MDAwMA0KZ3JpOjEwMDAvMTAwMC8xMDAwcGlAcmFzcGJlcnJ5cGk6fiQg'
193,148,b'Li90cnltZQ0KWyAgIDc1LjYzNDEyOV0gVW5hYmxlIHRvIGhhbmRsZSBrZXJuZWwgTlVMTCBwb2ludGVyIGRlcmVmZXJlbmNlIGF0IHZpcnR1YWwgYWRkcmVzcyAwMDAwMDMyOA0KWyAgIDc1LjY0NTI4N10gcGdkID0gNGVmMzBmMzgNClsgICA3NS42NDkzODRdIFswMDAwMDMyOF0gKnBnZD0zNTJmNTgzNSwgKnB0ZT0wMDAwMDAwMCwgKnBwdGU9MDAwMDAwMDANClsgICA3NS42NTcxNTFdIEludGVybmFsIGVycm9yOiBPb3BzOiAxNyBbIzVdIFNNUCBBUk0NClsgICA3NS42NjMyNzFdIE1vZHVsZXMgbGlua2VkIGluOiBibmVwIGhjaV91YXJ0IGJ0YmNtIHNlcmRldiBibHVldG9vdGggZWNkaF9nZW5lcmljIHNoYTI1Nl9nZW5lcmljIGNmZzgwMjExIHJma2lsbCA4MDIxcSBnYXJwIHN0cCBsbGMgYmNtMjgzNV9jb2RlYyhDKSBzbmRfYmNtMjgzNShDKSB2NGwyX21lbTJtZW0gYmNtMjgzNV92NGwyKEMpIHJhc3BiZXJyeXBpX2h3bW9uIHZpZGVvYnVmMl9kbWFfY29udGlnIGh3bW9uIHNuZF9wY20gYmNtMjgzNV9tbWFsX3ZjaGlxKEMpIHY0bDJfY29tbW9uIHZpZGVvYnVmMl92bWFsbG9jIHNuZF90aW1lciB2aWRlb2J1ZjJfbWVtb3BzIHZpZGVvYnVmMl92NGwyIHNuZCB2aWRlb2J1ZjJfY29tbW9uIHZpZGVvZGV2IG1lZGlhIHZjX3NtX2NtYShDKSBmaXhlZCB1aW9fcGRydl9nZW5pcnEgdWlvIGlwX3RhYmxlcyB4X3RhYmxlcyBpcHY2DQpbICAgNzUuNzEwNDA1XSBDUFU6IDAgUElEOiA0NjIgQ29tbTogdHJ5bWUgVGFpbnRlZDogRyAgICAgIEQgIEMgICAgICAgIDQuMTkuNzUtdjcrICMxMjcwDQpbICAgNzUuNzIwOTcxXSBIYXJkd2FyZSBuYW1lOiBCQ00yODM1DQpbICAgNzUuNzI1NzA4XSBQQyBpcyBhdCBjb21taXRfY3JlZHMrMHg5MC8weDI5Yw0KWyAgIDc1LjczMTMwNl0gTFIgaXMgYXQgX19zeXNfc2V0cmVzdWlkKzB4MTY4LzB4MWY0DQpbICAgNzUuNzM3MjE4XSBwYyA6IFs8ODAxNDUwYzg+XSAgICBsciA6IFs8ODAxMzUxMGM+XSAgICBwc3I6IDgwMDAwMDEzDQpbICAgNzUuNzQ0ODAxXSBzcCA6IGI3ZjFmZjYwICBpcCA6IGI3ZjFmZjQwICBmcCA6IGI3ZjFmZjk0DQpbICAgNzUuNzUxMzE4XSByMTA6IDAwMDAwMDAwICByOSA6IDAwMDAwMDAwICByOCA6IDAwMDAwMDAwDQpbICAgNzUuNzU3ODIyXSByNyA6IDAwMDAwMDAwICByNiA6IDAwMDAwMDAwICByNSA6IGZmZmZmZmZmICByNCA6IGI1MmUwMTgwDQpbICAgNzUuNzY1NjQxXSByMyA6IGI1MmUwMTAwICByMiA6IDAwMDAwM2U4ICByMSA6IDAwMDAwMDAxICByMCA6IGI1MmUwMTgwDQpbICAgNzUuNzczNDIzXSBGbGFnczogTnpjdiAgSVJRcyBvbiAgRklRcyBvbiAgTW9kZSBTVkNfMzIgIElTQSBBUk0gIFNlZ21lbnQgdXNlcg0KWyAgIDc1Ljc4MTgyMF0gQ29udHJvbDogMTBjNTM4M2QgIFRhYmxlOiAzN2ZjMDA2YSAgREFDOiAwMDAwMDA1NQ0KWyAgIDc1Ljc4ODgyOV0gUHJvY2VzcyB0cnltZSAocGlkOiA0NjIsIHN0YWNrIGxpbWl0ID0gMHgxMmRmZTc2NykNClsgICA3NS43OTU5MjRdIFN0YWNrOiAoMHhiN2YxZmY2MCB0byAweGI3ZjIwMDAwKQ0KWyAgIDc1LjgwMzAxOF0gZmY2MDogMDAwMDAwMDMgYjUyZTAxMDAgMDAwMDAwMTAgMDAwMDAwMDAgMDAwMDAwMDAgMDAwMDAwMDAgMDAwMDAwZDAgODAxMDExYzQNClsgICA3NS44MTY2MzhdIGZmODA6IGI3ZjFlMDAwIDAwMDAwMGQwIGI3ZjFmZmE0IGI3ZjFmZjk4IDgwMTM1MWIwIDgwMTM0ZmIwIDAwMDAwMDAwIGI3ZjFmZmE4DQpbICAgNzUuODMwMjQyXSBmZmEwOiA4MDEwMTAwMCA4MDEzNTFhNCAwMDAwMDAwMCAwMDAwMDAwMCAwMDAwMDAwMCAwMDAwMDAwMCAwMDAwMDAwMCAwMDAwMDAwMA0KWyAgIDc1Ljg0MzgzMF0gZmZjMDogMDAwMDAwMDAgMDAwMDAwMDAgMDAwMDAwMDAgMDAwMDAwZDAgMDAwMDAwMDAgMDAwMDAwMDAgMDAwMDAwMDAgN2VmM2ZiYzQNClsgICA3NS44NTc0OTJdIGZmZTA6IDc2ZjE4Njk0IDdlZjNmYjc4IDAwMDEwOTQwIDAwMDEwNzM4IDAwMDAwMDEwIDAwMDAwMDAwIDAwMDAwMDAwIDAwMDAwMDAwDQpbICAgNzUuODcxNDU5XSBbPDgwMTQ1MGM4Pl0gKGNvbW1pdF9jcmVkcykgZnJvbSBbPDgwMTM1MWIwPl0gKHN5c19zZXRyZXN1aWQrMHgxOC8weDFjKQ0KWyAgIDc1Ljg4NTIwN10gWzw4MDEzNTFiMD5dIChzeXNfc2V0cmVzdWlkKSBmcm9tIFs8ODAxMDEwMDA+XSAocmV0X2Zhc3Rfc3lzY2FsbCsweDAvMHgyOCkNClsgICA3NS44OTk0NDVdIEV4Y2VwdGlvbiBzdGFjaygweGI3ZjFmZmE4IHRvIDB4YjdmMWZmZjApDQpbICAgNzUuOTA3Nzk3XSBmZmEwOiAgICAgICAgICAgICAgICAgICAwMDAwMDAwMCAwMDAwMDAwMCAwMDAwMDAwMCAwMDAwMDAwMCAwMDAwMDAwMCAwMDAwMDAwMA0KWyAgIDc1LjkyMjY0NF0gZmZjMDogMDAwMDAwMDAgMDAwMDAwMDAgMDAwMDAwMDAgMDAwMDAwZDAgMDAwMDAwMDAgMDAwMDAwMDAgMDAwMDAwMDAgN2VmM2ZiYzQNClsgICA3NS45Mzc1NzBdIGZmZTA6IDc2ZjE4Njk0IDdlZjNmYjc4IDAwMDEwOTQwIDAwMDEwNzM4DQpbICAgNzUuOTQ2MDY1XSBDb2RlOiBlMTVjMDAwMyAwYTAwMDA1MCBlNTk2MDMyOCBlMzUwMDAwMCAoMGEwMDAwMDMpIA0KWyAgIDc1Ljk1NTc2NV0gLS0tWyBlbmQgdHJhY2UgZTc1NDZiYjcyZWJkOGU4OCBdLS0tDQoNDQoHTWVzc2FnZSBmcm9tIHN5c2xvZ2RAcmFzcGJlcnJ5cGkgYXQgU2VwIDI2IDA1OjI1OjQyIC4uLg0NCiBrZXJuZWw6WyAgIDc1LjY1NzE1MV0gSW50ZXJuYWwgZXJyb3I6IE9vcHM6IDE3IFsjNV0gU01QIEFSTQ0KDQ0NCgdNZXNzYWdlIGZyb20gc3lzbG9nZEByYXNwYmVycnlwaSBhdCBTZXAgMjYgMDU6MjU6NDIgLi4uDQ0KIGtlcm5lbDpbICAgNzUuNzg4ODI5XSBQcm9jZXNzIHRyeW1lIChwaWQ6IDQ2Miwgc3RhY2sgbGltaXQgPSAweDEyZGZlNzY3KQ0KDQ0NCgdNZXNzYWdlIGZyb20gc3lzbG9nZEByYXNwYmVycnlwaSBhdCBTZXAgMjYgMDU6MjU6NDIgLi4uDQ0KIGtlcm5lbDpbICAgNzUuNzk1OTI0XSBTdGFjazogKDB4YjdmMWZmNjAgdG8gMHhiN2YyMDAwMCkNCg0NDQoHTWVzc2FnZSBmcm9tIHN5c2xvZ2RAcmFzcGJlcnJ5cGkgYXQgU2VwIDI2IDA1OjI1OjQyIC4uLg0NCiBrZXJuZWw6WyAgIDc1LjgwMzAxOF0gZmY2MDogMDAwMDAwMDMgYjUyZTAxMDAgMDAwMDAwMTAgMDAwMDAwMDAgMDAwMDAwMDAgMDAwMDAwMDAgMDAwMDAwZDAgODAxMDExYzQNCg0NDQoHTWVzc2FnZSBmcm9tIHN5c2xvZ2RAcmFzcGJlcnJ5cGkgYXQgU2VwIDI2IDA1OjI1OjQyIC4uLg0NCiBrZXJuZWw6WyAgIDc1LjgxNjYzOF0gZmY4MDogYjdmMWUwMDAgMDAwMDAwZDAgYjdmMWZmYTQgYjdmMWZmOTggODAxMzUxYjAgODAxMzRmYjAgMDAwMDAwMDAgYjdmMWZmYTgNCg0NDQoHTWVzc2FnZSBmcm9tIHN5c2xvZ2RAcmFzcGJlcnJ5cGkgYXQgU2VwIDI2IDA1OjI1OjQyIC4uLg0NCiBrZXJuZWw6WyAgIDc1LjgzMDI0Ml0gZmZhMDogODAxMDEwMDAgODAxMzUxYTQgMDAwMDAwMDAgMDAwMDAwMDAgMDAwMDAwMDAgMDAwMDAwMDAgMDAwMDAwMDAgMDAwMDAwMDANCg0NDQoHTWVzc2FnZSBmcm9tIHN5c2xvZ2RAcmFzcGJlcnJ5cGkgYXQgU2VwIDI2IDA1OjI1OjQyIC4uLg0NCiBrZXJuZWw6WyAgIDc1Ljg0MzgzMF0gZmZjMDogMDAwMDAwMDAgMDAwMDAwMDAgMDAwMDAwMDAgMDAwMDAwZDAgMDAwMDAwMDAgMDAwMDAwMDAgMDAwMDAwMDAgN2VmM2ZiYzQNCg0NDQoHTWVzc2FnZSBmcm9tIHN5c2xvZ2RAcmFzcGJlcnJ5cGkgYXQgU2VwIDI2IDA1OjI1OjQyIC4uLg0NCiBrZXJuZWw6WyAgIDc1Ljg1NzQ5Ml0gZmZlMDogNzZmMTg2OTQgN2VmM2ZiNzggMDAwMTA5NDAgMDAwMTA3MzggMDAwMDAwMTAgMDAwMDAwMDAgMDAwMDAwMDAgMDAwMDAwMDANCg0NDQoHTWVzc2FnZSBmcm9tIHN5c2xvZ2RAcmFzcGJlcnJ5cGkgYXQgU2VwIDI2IDA1OjI1OjQyIC4uLg0NCiBrZXJuZWw6WyAgIDc1Ljk0NjA2NV0gQ29kZTogZTE1YzAwMDMgMGEwMDAwNTAgZTU5NjAzMjggZTM1MDAwMDAgKDBhMDAwMDAzKSANCg1TZWdtZW50YXRpb24gZmF1bHQNCnBpQHJhc3BiZXJyeXBpOn4kIA=='
193,152,b'Li90cnltZQ0KNjI1MDAwMA0KZ3JpOjEwMDAvMTAwMC8xMDAwcGlAcmFzcGJlcnJ5cGk6fiQg'
193,154,b'Li90cnltZQ0KNjI1MDAwMA0KZ3JpOjEwMDAvMTAwMC8xMDAwcGlAcmFzcGJlcnJ5cGk6fiQg'
193,145,b'Li90cnltZQ0KNjI1MDAwMA0KZ3JpOjEwMDAvMTAwMC8xMDAwcGlAcmFzcGJlcnJ5cGk6fiQg'
193,141,b'Li90cnltZQ0KNjI1MDAwMA0KZ3JpOjEwMDAvMTAwMC8xMDAwcGlAcmFzcGJlcnJ5cGk6fiQg'
193,152,b'Li90cnltZQ0KWyAgIDc5LjQzNDExOF0gVW5hYmxlIHRvIGhhbmRsZSBrZXJuZWwgTlVMTCBwb2ludGVyIGRlcmVmZXJlbmNlIGF0IHZpcnR1YWwgYWRkcmVzcyAwMDAwMDMyOA0KWyAgIDc5LjQ0NTI1M10gcGdkID0gOWRlNTBmNGENClsgICA3OS40NDkzNDJdIFswMDAwMDMyOF0gKnBnZD0zNWZmZTgzNSwgKnB0ZT0wMDAwMDAwMCwgKnBwdGU9MDAwMDAwMDANClsgICA3OS40NTcwOTZdIEludGVybmFsIGVycm9yOiBPb3BzOiAxNyBbIzZdIFNNUCBBUk0NClsgICA3OS40NjMyMzVdIE1vZHVsZXMgbGlua2VkIGluOiBibmVwIGhjaV91YXJ0IGJ0YmNtIHNlcmRldiBibHVldG9vdGggZWNkaF9nZW5lcmljIHNoYTI1Nl9nZW5lcmljIGNmZzgwMjExIHJma2lsbCA4MDIxcSBnYXJwIHN0cCBsbGMgYmNtMjgzNV9jb2RlYyhDKSBzbmRfYmNtMjgzNShDKSB2NGwyX21lbTJtZW0gYmNtMjgzNV92NGwyKEMpIHJhc3BiZXJyeXBpX2h3bW9uIHZpZGVvYnVmMl9kbWFfY29udGlnIGh3bW9uIHNuZF9wY20gYmNtMjgzNV9tbWFsX3ZjaGlxKEMpIHY0bDJfY29tbW9uIHZpZGVvYnVmMl92bWFsbG9jIHNuZF90aW1lciB2aWRlb2J1ZjJfbWVtb3BzIHZpZGVvYnVmMl92NGwyIHNuZCB2aWRlb2J1ZjJfY29tbW9uIHZpZGVvZGV2IG1lZGlhIHZjX3NtX2NtYShDKSBmaXhlZCB1aW9fcGRydl9nZW5pcnEgdWlvIGlwX3RhYmxlcyB4X3RhYmxlcyBpcHY2DQpbICAgNzkuNTIxMDYyXSBDUFU6IDAgUElEOiA0NjcgQ29tbTogdHJ5bWUgVGFpbnRlZDogRyAgICAgIEQgIEMgICAgICAgIDQuMTkuNzUtdjcrICMxMjcwDQpbICAgNzkuNTM1MDc5XSBIYXJkd2FyZSBuYW1lOiBCQ00yODM1DQpbICAgNzkuNTQxNTA0XSBQQyBpcyBhdCBjb21taXRfY3JlZHMrMHg5MC8weDI5Yw0KWyAgIDc5LjU0ODc3OF0gTFIgaXMgYXQgX19zeXNfc2V0cmVzdWlkKzB4MTY4LzB4MWY0DQpbICAgNzkuNTU2MzEzXSBwYyA6IFs8ODAxNDUwYzg+XSAgICBsciA6IFs8ODAxMzUxMGM+XSAgICBwc3I6IDgwMDAwMDEzDQpbICAgNzkuNTY1NTE4XSBzcCA6IGI3ZjFmZjYwICBpcCA6IGI3ZjFmZjQwICBmcCA6IGI3ZjFmZjk0DQpbICAgNzkuNTczNjQ0XSByMTA6IDAwMDAwMDAwICByOSA6IDAwMDAwMDAwICByOCA6IDAwMDAwMDAwDQpbICAgNzkuNTgxNzM3XSByNyA6IDAwMDAwMDAwICByNiA6IDAwMDAwMDAwICByNSA6IGZmZmZmZmZmICByNCA6IGI1MmUwNDAwDQpbICAgNzkuNTkxMTM5XSByMyA6IGI1MmUwMzgwICByMiA6IDAwMDAwM2U4ICByMSA6IDAwMDAwMDAxICByMCA6IGI1MmUwNDAwDQpbICAgNzkuNjAwNDU2XSBGbGFnczogTnpjdiAgSVJRcyBvbiAgRklRcyBvbiAgTW9kZSBTVkNfMzIgIElTQSBBUk0gIFNlZ21lbnQgdXNlcg0KWyAgIDc5LjYxMDM4OV0gQ29udHJvbDogMTBjNTM4M2QgIFRhYmxlOiAzNTI4MDA2YSAgREFDOiAwMDAwMDA1NQ0KWyAgIDc5LjYxODk1OV0gUHJvY2VzcyB0cnltZSAocGlkOiA0NjcsIHN0YWNrIGxpbWl0ID0gMHgxMmRmZTc2NykNClsgICA3OS42Mjc2MDZdIFN0YWNrOiAoMHhiN2YxZmY2MCB0byAweGI3ZjIwMDAwKQ0KWyAgIDc5LjYzNDcxMl0gZmY2MDogMDAwMDAwMDMgYjUyZTAzODAgMDAwMDAwMTAgMDAwMDAwMDAgMDAwMDAwMDAgMDAwMDAwMDAgMDAwMDAwZDAgODAxMDExYzQNClsgICA3OS42NDgzNDRdIGZmODA6IGI3ZjFlMDAwIDAwMDAwMGQwIGI3ZjFmZmE0IGI3ZjFmZjk4IDgwMTM1MWIwIDgwMTM0ZmIwIDAwMDAwMDAwIGI3ZjFmZmE4DQpbICAgNzkuNjYxOTU3XSBmZmEwOiA4MDEwMTAwMCA4MDEzNTFhNCAwMDAwMDAwMCAwMDAwMDAwMCAwMDAwMDAwMCAwMDAwMDAwMCAwMDAwMDAwMCAwMDAwMDAwMA0KWyAgIDc5LjY3NTU1Ml0gZmZjMDogMDAwMDAwMDAgMDAwMDAwMDAgMDAwMDAwMDAgMDAwMDAwZDAgMDAwMDAwMDAgMDAwMDAwMDAgMDAwMDAwMDAgN2VhMTRiYzQNClsgICA3OS42ODkyMjVdIGZmZTA6IDc2ZWZkNjk0IDdlYTE0Yjc4IDAwMDEwOTQwIDAwMDEwNzM4IDAwMDAwMDEwIDAwMDAwMDAwIDAwMDAwMDAwIDAwMDAwMDAwDQpbICAgNzkuNzAzMTk4XSBbPDgwMTQ1MGM4Pl0gKGNvbW1pdF9jcmVkcykgZnJvbSBbPDgwMTM1MWIwPl0gKHN5c19zZXRyZXN1aWQrMHgxOC8weDFjKQ0KWyAgIDc5LjcxNjk0OV0gWzw4MDEzNTFiMD5dIChzeXNfc2V0cmVzdWlkKSBmcm9tIFs8ODAxMDEwMDA+XSAocmV0X2Zhc3Rfc3lzY2FsbCsweDAvMHgyOCkNClsgICA3OS43MzExOTFdIEV4Y2VwdGlvbiBzdGFjaygweGI3ZjFmZmE4IHRvIDB4YjdmMWZmZjApDQpbICAgNzkuNzM5NTQzXSBmZmEwOiAgICAgICAgICAgICAgICAgICAwMDAwMDAwMCAwMDAwMDAwMCAwMDAwMDAwMCAwMDAwMDAwMCAwMDAwMDAwMCAwMDAwMDAwMA0KWyAgIDc5Ljc1NDM4Ml0gZmZjMDogMDAwMDAwMDAgMDAwMDAwMDAgMDAwMDAwMDAgMDAwMDAwZDAgMDAwMDAwMDAgMDAwMDAwMDAgMDAwMDAwMDAgN2VhMTRiYzQNClsgICA3OS43NjkyOTRdIGZmZTA6IDc2ZWZkNjk0IDdlYTE0Yjc4IDAwMDEwOTQwIDAwMDEwNzM4DQpbICAgNzkuNzc3NzgyXSBDb2RlOiBlMTVjMDAwMyAwYTAwMDA1MCBlNTk2MDMyOCBlMzUwMDAwMCAoMGEwMDAwMDMpIA0KDQ0KB01lc3NbICAgNzkuNzg3NDgzXSAtLS1bIGVuZCB0cmFjZSBlNzU0NmJiNzJlYmQ4ZTg5IF0tLS0NCmFnZSBmcm9tIHN5c2xvZ2RAcmFzcGJlcnJ5cGkgYXQgU2VwIDI2IDA1OjI1OjQ2IC4uLg0NCiBrZXJuZWw6WyAgIDc5LjQ1NzA5Nl0gSW50ZXJuYWwgZXJyb3I6IE9vcHM6IDE3IFsjNl0gU01QIEFSTQ0KDQ0NCgdNZXNzYWdlIGZyb20gc3lzbG9nZEByYXNwYmVycnlwaSBhdCBTZXAgMjYgMDU6MjU6NDYgLi4uDQ0KIGtlcm5lbDpbICAgNzkuNjE4OTU5XSBQcm9jZXNzIHRyeW1lIChwaWQ6IDQ2Nywgc3RhY2sgbGltaXQgPSAweDEyZGZlNzY3KQ0KDQ0NCgdNZXNzYWdlIGZyb20gc3lzbG9nZEByYXNwYmVycnlwaSBhdCBTZXAgMjYgMDU6MjU6NDYgLi4uDQ0KIGtlcm5lbDpbICAgNzkuNjI3NjA2XSBTdGFjazogKDB4YjdmMWZmNjAgdG8gMHhiN2YyMDAwMCkNCg0NDQoHTWVzc2FnZSBmcm9tIHN5c2xvZ2RAcmFzcGJlcnJ5cGkgYXQgU2VwIDI2IDA1OjI1OjQ2IC4uLg0NCiBrZXJuZWw6WyAgIDc5LjYzNDcxMl0gZmY2MDogMDAwMDAwMDMgYjUyZTAzODAgMDAwMDAwMTAgMDAwMDAwMDAgMDAwMDAwMDAgMDAwMDAwMDAgMDAwMDAwZDAgODAxMDExYzQNCg0NDQoHTWVzc2FnZSBmcm9tIHN5c2xvZ2RAcmFzcGJlcnJ5cGkgYXQgU2VwIDI2IDA1OjI1OjQ2IC4uLg0NCiBrZXJuZWw6WyAgIDc5LjY0ODM0NF0gZmY4MDogYjdmMWUwMDAgMDAwMDAwZDAgYjdmMWZmYTQgYjdmMWZmOTggODAxMzUxYjAgODAxMzRmYjAgMDAwMDAwMDAgYjdmMWZmYTgNCg0NDQoHTWVzc2FnZSBmcm9tIHN5c2xvZ2RAcmFzcGJlcnJ5cGkgYXQgU2VwIDI2IDA1OjI1OjQ2IC4uLg0NCiBrZXJuZWw6WyAgIDc5LjY2MTk1N10gZmZhMDogODAxMDEwMDAgODAxMzUxYTQgMDAwMDAwMDAgMDAwMDAwMDAgMDAwMDAwMDAgMDAwMDAwMDAgMDAwMDAwMDAgMDAwMDAwMDANCg0NDQoHTWVzc2FnZSBmcm9tIHN5c2xvZ2RAcmFzcGJlcnJ5cGkgYXQgU2VwIDI2IDA1OjI1OjQ2IC4uLg0NCiBrZXJuZWw6WyAgIDc5LjY3NTU1Ml0gZmZjMDogMDAwMDAwMDAgMDAwMDAwMDAgMDAwMDAwMDAgMDAwMDAwZDAgMDAwMDAwMDAgMDAwMDAwMDAgMDAwMDAwMDAgN2VhMTRiYzQNCg0NDQoHTWVzc2FnZSBmcm9tIHN5c2xvZ2RAcmFzcGJlcnJ5cGkgYXQgU2VwIDI2IDA1OjI1OjQ2IC4uLg0NCiBrZXJuZWw6WyAgIDc5LjY4OTIyNV0gZmZlMDogNzZlZmQ2OTQgN2VhMTRiNzggMDAwMTA5NDAgMDAwMTA3MzggMDAwMDAwMTAgMDAwMDAwMDAgMDAwMDAwMDAgMDAwMDAwMDANCg0NDQoHTWVzc2FnZSBmcm9tIHN5c2xvZ2RAcmFzcGJlcnJ5cGkgYXQgU2VwIDI2IDA1OjI1OjQ2IC4uLg0NCiBrZXJuZWw6WyAgIDc5Ljc3Nzc4Ml0gQ29kZTogZTE1YzAwMDMgMGEwMDAwNTAgZTU5NjAzMjggZTM1MDAwMDAgKDBhMDAwMDAzKSANCg1TZWdtZW50YXRpb24gZmF1bHQNCnBpQHJhc3BiZXJyeXBpOn4kIA=='
193,141,b'Li90cnltZQ0KNjI1MDAwMA0KZ3JpOjEwMDAvMTAwMC8xMDAwcGlAcmFzcGJlcnJ5cGk6fiQg'
193,138,b'Li90cnltZQ0KNjI1MDAwMA0KZ3JpOjEwMDAvMTAwMC8xMDAwcGlAcmFzcGJlcnJ5cGk6fiQg'
193,150,b'Li90cnltZQ0K'
193,144,b'IC4vdHJ5bWUNCjYyNTAwMDANCmdyaToxMDAwLzEwMDAvMTAwMHBpQHJhc3BiZXJyeXBpOn4kIA=='
193,144,b'Li90cnltZQ0KWyAgIDQyLjQyNDA5NV0gVW5hYmxlIHRvIGhhbmRsZSBrZXJuZWwgcGFnaW5nIHJlcXVlc3QgYXQgdmlydHVhbCBhZGRyZXNzIDM5NmNlMDMwDQpbICAgNDIuNDMyMzczXSBwZ2QgPSBlYjdiNTY2Mw0KWyAgIDQyLjQzNTk4N10gWzM5NmNlMDMwXSAqcGdkPTAwMDAwMDAwDQpbICAgNDIuNDQwNDc1XSBJbnRlcm5hbCBlcnJvcjogT29wczogNSBbIzFdIFNNUCBBUk0NClsgICA0Mi40NDYwMzVdIE1vZHVsZXMgbGlua2VkIGluOiBibmVwIGhjaV91YXJ0IGJ0YmNtIHNlcmRldiBibHVldG9vdGggZWNkaF9nZW5lcmljIHNoYTI1Nl9nZW5lcmljIGNmZzgwMjExIHJma2lsbCA4MDIxcSBnYXJwIHN0cCBsbGMgcmFzcGJlcnJ5cGlfaHdtb24gaHdtb24gYmNtMjgzNV9jb2RlYyhDKSBzbmRfYmNtMjgzNShDKSBiY20yODM1X3Y0bDIoQykgdjRsMl9tZW0ybWVtIHNuZF9wY20gYmNtMjgzNV9tbWFsX3ZjaGlxKEMpIHZpZGVvYnVmMl9kbWFfY29udGlnIHY0bDJfY29tbW9uIHZpZGVvYnVmMl92bWFsbG9jIHNuZF90aW1lciB2aWRlb2J1ZjJfbWVtb3BzIHNuZCB2aWRlb2J1ZjJfdjRsMiB2aWRlb2J1ZjJfY29tbW9uIHZpZGVvZGV2IG1lZGlhIHZjX3NtX2NtYShDKSB1aW9fcGRydl9nZW5pcnEgdWlvIGZpeGVkIGlwX3RhYmxlcyB4X3RhYmxlcyBpcHY2DQpbICAgNDIuNDkxMTYzXSBDUFU6IDEgUElEOiA0MzcgQ29tbTogdHJ5bWUgVGFpbnRlZDogRyAgICAgICAgIEMgICAgICAgIDQuMTkuNzUtdjcrICMxMjcwDQpbICAgNDIuNTAxMzkxXSBIYXJkd2FyZSBuYW1lOiBCQ00yODM1DQpbICAgNDIuNTA2MDE0XSBQQyBpcyBhdCBfX2NhbGxfcmN1LmNvbnN0cHJvcC4xMSsweDUwLzB4Mjg0DQpbICAgNDIuNTEyNTIzXSBMUiBpcyBhdCAgIChudWxsKQ0KWyAgIDQyLjUxNjY5N10gcGMgOiBbPDgwMThlZThjPl0gICAgbHIgOiBbPDAwMDAwMDAwPl0gICAgcHNyOiA0MDAwMDA5Mw0KWyAgIDQyLjUyNDI1MF0gc3AgOiBiNDUzOWYwMCAgaXAgOiBiNDUzODAwMCAgZnAgOiBiNDUzOWYyYw0KWyAgIDQyLjUzMDczMV0gcjEwOiAwMDAwMDAwMCAgcjkgOiAwMDAwMDAwMCAgcjggOiBiNDRiYzJmMA0KWyAgIDQyLjUzNzIxMl0gcjcgOiA4MGQxMDc4MCAgcjYgOiAzOTZjZTAwMCAgcjUgOiA2MDAwMDAxMyAgcjQgOiA4MDE0NGQ2NA0KWyAgIDQyLjU0NTAzOV0gcjMgOiAzOTZjZTAwMCAgcjIgOiBiNDUzOWVhMCAgcjEgOiAwMDAwMDAwMCAgcjAgOiAzOTZjZTAwMA0KWyAgIDQyLjU1NDM5M10gRmxhZ3M6IG5aY3YgIElSUXMgb2ZmICBGSVFzIG9uICBNb2RlIFNWQ18zMiAgSVNBIEFSTSAgU2VnbWVudCB1c2VyDQpbICAgNDIuNTY0NDQ5XSBDb250cm9sOiAxMGM1MzgzZCAgVGFibGU6IDM0NTEwMDZhICBEQUM6IDAwMDAwMDU1DQpbICAgNDIuNTcyOTcwXSBQcm9jZXNzIHRyeW1lIChwaWQ6IDQzNywgc3RhY2sgbGltaXQgPSAweDQyNTcwNmE5KQ0KWyAgIDQyLjU4MTYzNl0gU3RhY2s6ICgweGI0NTM5ZjAwIHRvIDB4YjQ1M2EwMDApDQpbICAgNDIuNTg4ODAxXSA5ZjAwOiAwMDAwMDAwMCBiNDRiYzI4MCBmZmZmZmZmZiAwMDAwMDAwMCAwMDAwMDAwMCAwMDAwMDAwMCAwMDAwMDAwMCAwMDAwMDAwMA0KWyAgIDQyLjYwMjU2NF0gOWYyMDogYjQ1MzlmM2MgYjQ1MzlmMzAgODAxOGYxMzggODAxOGVlNGMgYjQ1MzlmNGMgYjQ1MzlmNDAgODAxNDRlYzQgODAxOGYxMjANClsgICA0Mi42MTYzMDhdIDlmNDA6IGI0NTM5ZjVjIGI0NTM5ZjUwIDgwMTQ1MzIwIDgwMTQ0ZTY4IGI0NTM5Zjk0IGI0NTM5ZjYwIDgwMTM1MTBjIDgwMTQ1MmUwDQpbICAgNDIuNjMwMDc3XSA5ZjYwOiAwMDAwMDAwMyBiNDRiYzIwMCAwMDAwMDAxMCAwMDAwMDAwMCAwMDAwMDAwMCAwMDAwMDAwMCAwMDAwMDBkMCA4MDEwMTFjNA0KWyAgIDQyLjY0MzkzMl0gOWY4MDogYjQ1MzgwMDAgMDAwMDAwZDAgYjQ1MzlmYTQgYjQ1MzlmOTggODAxMzUxYjAgODAxMzRmYjAgMDAwMDAwMDAgYjQ1MzlmYTgNClsgICA0Mi42NTgwNTVdIDlmYTA6IDgwMTAxMDAwIDgwMTM1MWE0IDAwMDAwMDAwIDAwMDAwMDAwIDAwMDAwMDAwIDAwMDAwMDAwIDAwMDAwMDAwIDAwMDAwMDAwDQpbICAgNDIuNjcyNDQ3XSA5ZmMwOiAwMDAwMDAwMCAwMDAwMDAwMCAwMDAwMDAwMCAwMDAwMDBkMCAwMDAwMDAwMCAwMDAwMDAwMCAwMDAwMDAwMCA3ZWMyOGJjNA0KWyAgIDQyLjY4NDEyOV0gOWZlMDogNzZlNjI2OTQgN2VjMjhiNzggMDAwMTA5NDAgMDAwMTA3MzggMDAwMDAwMTAgMDAwMDAwMDAgMDAwMDAwMDAgMDAwMDAwMDANClsgICA0Mi42OTUzMDJdIFs8ODAxOGVlOGM+XSAoX19jYWxsX3JjdS5jb25zdHByb3AuMTEpIGZyb20gWzw4MDE4ZjEzOD5dIChyY3Vfcm5wX29ubGluZV9jcHVzKzB4MC8weDFjKQ0KWyAgIDQyLjcwNzQyNF0gWzw4MDE4ZjEzOD5dIChyY3Vfcm5wX29ubGluZV9jcHVzKSBmcm9tIFs8ODAxNDRlYzQ+XSAoX19wdXRfY3JlZCsweDY4LzB4ODApDQpbICAgNDIuNzE4NTUzXSBbPDgwMTQ0ZWM0Pl0gKF9fcHV0X2NyZWQpIGZyb20gWzw4MDE0NTMyMD5dIChhYm9ydF9jcmVkcysweDRjLzB4NTQpDQpbICAgNDIuNzI3NTMzXSBbPDgwMTQ1MzIwPl0gKGFib3J0X2NyZWRzKSBmcm9tIFs8ODAxMzUxMGM+XSAoX19zeXNfc2V0cmVzdWlkKzB4MTY4LzB4MWY0KQ0KWyAgIDQyLjczODU3N10gWzw4MDEzNTEwYz5dIChfX3N5c19zZXRyZXN1aWQpIGZyb20gWzw4MDEzNTFiMD5dIChzeXNfc2V0cmVzdWlkKzB4MTgvMHgxYykNClsgICA0Mi43NDk2MjRdIFs8ODAxMzUxYjA+XSAoc3lzX3NldHJlc3VpZCkgZnJvbSBbPDgwMTAxMDAwPl0gKHJldF9mYXN0X3N5c2NhbGwrMHgwLzB4MjgpDQpbICAgNDIuNzYwNjczXSBFeGNlcHRpb24gc3RhY2soMHhiNDUzOWZhOCB0byAweGI0NTM5ZmYwKQ0KWyAgIDQyLjc2NzI5Nl0gOWZhMDogICAgICAgICAgICAgICAgICAgMDAwMDAwMDAgMDAwMDAwMDAgMDAwMDAwMDAgMDAwMDAwMDAgMDAwMDAwMDAgMDAwMDAwMDANClsgICA0Mi43Nzg1NDRdIDlmYzA6IDAwMDAwMDAwIDAwMDAwMDAwIDAwMDAwMDAwIDAwMDAwMGQwIDAwMDAwMDAwIDAwMDAwMDAwIDAwMDAwMDAwIDdlYzI4YmM0DQpbICAgNDIuNzg5Nzc0XSA5ZmUwOiA3NmU2MjY5NCA3ZWMyOGI3OCAwMDAxMDk0MCAwMDAxMDczOA0KWyAgIDQyLjc5NjM1M10gQ29kZTogZWIwMWNjM2UgZTU5NzYxNDggZWUxZDNmOTAgZTA4MzYwMDYgKGU1OTYzMDMwKSANClsgICA0Mi44MDM5ODBdIC0tLVsgZW5kIHRyYWNlIDQ3YTFiY2I5M2ZlOTM1ZGIgXS0tLQ0KDQ0KB01lc3NhZ2UgZnJvbSBzeXNsb2dkWyAgIDQyLjgxMTE1NF0gVW5hYmxlIHRvIGhhbmRsZSBrZXJuZWwgcGFnaW5nIHJlcXVlc3QgYXQgdmlydHVhbCBhZGRyZXNzIGMwZTNiZTUwDQpAcmFzcGJlcnJ5cGkgYXQgU2VwIDI2IDBbICAgNDIuODIwMjMyXSBwZ2QgPSA5OWMyMWFmYw0KNToyNTowOSAuLi4NDQoga2VybmVsOlsgWyAgIDQyLjgyNTA3Nl0gW2MwZTNiZTUwXSAqcGdkPTAwMDAwMDAwDQogIDQyLjQ0MDQ3NV0gSW50WyAgIDQyLjgzMDgwOF0gSW50ZXJuYWwgZXJyb3I6IE9vcHM6IDUgWyMyXSBTTVAgQVJNDQplcm5hbCBlcnJvcjogT29wczogNSBbIzFdIFNNUCBBUk0NCg0NDQoHTWVzc2FnZSBmcm9tIHN5c2xvZ2RAcmFzcGJlcnJ5cGkgYXQgU2VwIDI2IDA1OjI1OjA5IC4uLg1bICAgNDIuODM2ODk1XSBNb2R1bGVzIGxpbmtlZCBpbjogYm5lcCBoY2lfdWFydCBidGJjbSBzZXJkZXYgYmx1ZXRvb3RoIGVjZGhfZ2VuZXJpYyBzaGEyNTZfZ2VuZXJpYyBjZmc4MDIxMSByZmtpbGwgODAyMXEgZ2FycCBzdHAgbGxjIHJhc3BiZXJyeXBpX2h3bW9uIGh3bW9uIGJjbTI4MzVfY29kZWMoQykgc25kX2JjbTI4MzUoQykgYmNtMjgzNV92NGwyKEMpIHY0bDJfbWVtMm1lbSBzbmRfcGNtIGJjbTI4MzVfbW1hbF92Y2hpcShDKSB2aWRlb2J1ZjJfZG1hX2NvbnRpZyB2NGwyX2NvbW1vbiB2aWRlb2J1ZjJfdm1hbGxvYyBzbmRfdGltZXIgdmlkZW9idWYyX21lbW9wcyBzbmQgdmlkZW9idWYyX3Y0bDIgdmlkZW9idWYyX2NvbW1vbiB2aWRlb2RldiBtZWRpYSB2Y19zbV9jbWEoQykgdWlvX3BkcnZfZ2VuaXJxIHVpbyBmaXhlZCBpcF90YWJsZXMgeF90YWJsZXMgaXB2Ng0KDQoga2VybmVsOlsgICA0Mi41NzI5NzBdIFByb2Nlc3MgdHJ5bWUgKFsgICA0Mi44ODQzMTNdIENQVTogMyBQSUQ6IDQyNSBDb21tOiBiYXNoIFRhaW50ZWQ6IEcgICAgICBEICBDICAgICAgICA0LjE5Ljc1LXY3KyAjMTI3MA0KcGlkOiA0MzcsIHN0YWNrIGxpbWl0ID0gMHg0MjU3MDZhOSkNCg0NDVsgICA0Mi44OTU2ODJdIEhhcmR3YXJlIG5hbWU6IEJDTTI4MzUNCgoHTWVzc2FnZSBmcm9tIHN5c2xvZ2RAcmFzcGJlcnJ5cGkgYXQgU2VbICAgNDIuOTAyNjY2XSBQQyBpcyBhdCBiaW9fYXNzb2NpYXRlX2Jsa2NnKzB4MjAvMHg5OA0KcCAyNiAwNToyNTowOSAuLi4NDQoga2VybmVsOlsgICA0Mi41ODE2M1sgICA0Mi45MTEwMzVdIExSIGlzIGF0IGdlbmVyaWNfbWFrZV9yZXF1ZXN0X2NoZWNrcysweDJmYy8weDg0NA0KNl0gU3RhY2s6ICgweGI0NTM5ZjAwIHRvIDB4YjQ1M2EwMDApDQoNDVsgICA0Mi45MjAyODZdIHBjIDogWzw4MDRiODUyYz5dICAgIGxyIDogWzw4MDRjMWQwND5dICAgIHBzcjogNjAwMDAxMTMNCg0KB01lc3NhZ2UgZnJvbSBzeXNsb2dkQHJhc3BiZXJyeXBpIGF0IFNbICAgNDIuOTMwMTU5XSBzcCA6IGI2N2ExYTg4ICBpcCA6IGI2N2ExYTk4ICBmcCA6IGI2N2ExYTk0DQplcCAyNiAwNToyNTowOSAuLi4NDQoga2VybmVsOlsgICA0Mi41ODg4WyAgIDQyLjkzODk3Nl0gcjEwOiAwYjMwMDAwMiAgcjkgOiBiOTc1MDAwMCAgcjggOiBjMGUzYmUxMA0KMDFdIDlmMDA6IDAwMDAwMDAwIGI0NGJjMjgwIGZmZmZmZmZmIDAwMFsgICA0Mi45NDc3OTVdIHI3IDogMDAwMDEwMDAgIHI2IDogYjk3NTAwMDAgIHI1IDogODBkMDRkNDggIHI0IDogYjdjNDcwYzANCjAwMDAwIDAwMDAwMDAwIDAwMDAwMDAwIDAwMDAwMDAwWyAgIDQyLjk1NzkzM10gcjMgOiAwMDAwMDAwMCAgcjIgOiBmZmZmZmZmZiAgcjEgOiBjMGUzYmUxMCAgcjAgOiBiN2M0NzBjMA0KIDAwMDAwMDAwDQoNDQ0KB01lc3NhZ2UgZnJvbSBzeXNbICAgNDIuOTY3MzY4XSBGbGFnczogblpDdiAgSVJRcyBvbiAgRklRcyBvbiAgTW9kZSBTVkNfMzIgIElTQSBBUk0gIFNlZ21lbnQgdXNlcg0KbG9nZEByYXNwYmVycnlwaSBhdCBTZXAgMjYgMDU6MjVbICAgNDIuOTc3NDE3XSBDb250cm9sOiAxMGM1MzgzZCAgVGFibGU6IDM2NjM4MDZhICBEQUM6IDAwMDAwMDU1DQo6MDkgLi4uDQ0KIGtlcm5lbDpbICAgNDIuNjAyNTY0XVsgICA0Mi45ODYwNjFdIFByb2Nlc3MgYmFzaCAocGlkOiA0MjUsIHN0YWNrIGxpbWl0ID0gMHhjMjU4ZDcxZCkNCiA5ZjIwOiBiNDUzOWYzYyBiNDUzOWYzMCA4MDE4ZjEzWyAgIDQyLjk5NDY5OV0gU3RhY2s6ICgweGI2N2ExYTg4IHRvIDB4YjY3YTIwMDApDQo4IDgwMThlZTRjIGI0NTM5ZjRjIGI0NTM5ZjQwIDgwMTQ0ZWM0IDgwMThmMTIwDQoNDQ0KB01lc3NhZ2UgZnJvWyAgIDQzLjAwMTkzNl0gMWE4MDogICAgICAgICAgICAgICAgICAgYjY3YTFiMTQgYjY3YTFhOTggODA0YzFkMDQgODA0Yjg1MTggMDAwMDAwMDAgODBkMDU3OWMNCm0gc3lzbG9nZEByYXNwYmVycnlwaSBhdCBTZXAgMjYgMDU6MjU6MDkgLi4uDQ0KIGtlcm5lbDpbICAgNDIuNjFbICAgNDMuMDE1ODY1XSAxYWEwOiAwMDAwMDAwOCAwMDAwMDAwMCAwMDFlYmU5MCAwMDAwMDAwMCAwMDFlYmU5MCAwMDAwMDAwMCAwMDA4MjAwMCAwMDAwMDAwMA0KNjMwOF0gOWY0MDogYjQ1MzlmNWMgYjQ1MzlmNTAgODAxNDUzMjAgODAxNDRlNjggYjQ1MzlmOTQgYjQ1MzlmNlsgICA0My4wMjk3OTNdIDFhYzA6IDAwMDAwMDIwIDgwMjAxY2NjIDAwMDNkN2QyIDA4MDAwMDAwIGI5ZGUwZjAwIDgwNGM0MmZjIGI2N2ExYjI0IGI2N2ExYWU4DQowIDgwMTM1MTBjIDgwMTQ1MmUwDQoNDQ0KB01lc3NhZ2UgZnJvbSBzeXNsb2dkQHJhc3BiZXJyeXBpIGF0IFNlWyAgIDQzLjA0MzcyMV0gMWFlMDogODAyOTU1MzQgYjY3NzQ0M2MgYjU3NTg1MmMgYjdjNDcwYzAgODBkMDRkNDggMDAwMDAwMDggYjk3NTAwMDAgYmFhZjdiMzANCnAgMjYgMDU6MjU6MDkgLi4uDQ0KIGtlcm5lbDpbICAgNDIuNjMwMDc3XSA5ZjYwOiAwMDAwMDAwMyBiNDRiYzIwMCAwMDAwMFsgICA0My4wNTc2NDldIDFiMDA6IDAwMDAwMDAxIDAwMDAwMDAxIGI2N2ExYjVjIGI2N2ExYjE4IDgwNGM0Mjc4IDgwNGMxYTE0IGI2N2ExYjM0IGI2N2ExYjI4DQowMTAgMDAwMDAwMDAgMDAwMDAwMDAgMDAwMDAwMDAgMDAwMDAwZDAgODAxMDExYzQNCg0NDQoHTWVzc2FnZSBmcm9tIHN5c2xbICAgNDMuMDcyMjgzXSAxYjIwOiA4MDIzOWQyYyA4MDI5NTM3NCBiNjdhMWI4NCBiNjc3NDQzYyA4MDIzYTI4YyA4MGQwNGQ0OCBiN2M0NzBjMCAwMDAwMDAwOA0Kb2dkQHJhc3BiZXJyeXBpIGF0IFNlcCAyNiAwNToyNTowOSAuLi4NDQoga2VybmVsOlsgICA0Mi42NDM5MzJdIDlmODA6IGI0WyAgIDQzLjA4NjkxN10gMWI0MDogMDAwMDAwMDAgYmFhZjdiMzAgMDAwMDAwMDEgMDAwMDAwMDEgYjY3YTFiY2MgYjY3YTFiNjAgODA0YzQ2NGMgODA0YzQyMDANCjUzODAwMCAwMDAwMDBkMCBiNDUzOWZhNCBiNDUzOWY5OCA4MDEzNTFiMCA4MDEzNGZiMCAwMDAwMDAwMCBiNDUzOWZhOA0KDQ0NCgdNZXNzWyAgIDQzLjEwMTU1MF0gMWI2MDogODBlM2I4ODggMDAwMDAwMDEgODBkMDRkNDggMDA2MDAwYzAgMDA2MDAwYzAgMDAwMDAwMDEgYjY3YTFiY2MgODA0Yjg3ZjANCmFnZSBmcm9tIHN5c2xvZ2RAcmFzcGJlcnJ5cGkgYXQgU2VwIDI2IDA1OjI1OjA5IC4uLg0NCiBrZXJuZWw6WyAgIDQyLjY1ODA1NV0gOWZhWyAgIDQzLjExNjg4OV0gMWI4MDogMDA2MDAwYzAgODA0YmE0NTggMDAwMDAwMDAgMDAwMDEwMDAgYjdjNDcwYzAgMDAwMDAwMDAgYmFhZjdiMzAgYjY3NzQ0M2MNCjA6IDgwMTAxMDAwIDgwMTM1MWE0IDAwMDAwMDAwIDAwMDAwMDAwIDAwMDAwMDAwIDAwMDAwMDAwIDAwMDAwMDAwIDAwMDAwMDAwDQoNDQ0KWyAgIDQ='
193,148,b'IC4vdHJ5bWUNCjYyNTAwMDANCmdyaToxMDAwLzEwMDAvMTAwMHBpQHJhc3BiZXJyeXBpOn4kIA=='
193,140,b'Li90cnltZQ0KWyAgIDQyLjQxNDEwNl0gVW5hYmxlIHRvIGhhbmRsZSBrZXJuZWwgcGFnaW5nIHJlcXVlc3QgYXQgdmlydHVhbCBhZGRyZXNzIDM5NmRmMDMwDQpbICAgNDIuNDIyMzc1XSBwZ2QgPSA4Y2ZhYjZiMA0KWyAgIDQyLjQyNTk4Ml0gWzM5NmRmMDMwXSAqcGdkPTAwMDAwMDAwDQpbICAgNDIuNDMwNDY2XSBJbnRlcm5hbCBlcnJvcjogT29wczogNSBbIzFdIFNNUCBBUk0NClsgICA0Mi40MzYwMjFdIE1vZHVsZXMgbGlua2VkIGluOiBibmVwIGhjaV91YXJ0IGJ0YmNtIHNlcmRldiBibHVldG9vdGggZWNkaF9nZW5lcmljIHNoYTI1Nl9nZW5lcmljIGNmZzgwMjExIHJma2lsbCA4MDIxcSBnYXJwIHN0cCBsbGMgcmFzcGJlcnJ5cGlfaHdtb24gaHdtb24gc25kX2JjbTI4MzUoQykgc25kX3BjbSBiY20yODM1X2NvZGVjKEMpIHY0bDJfbWVtMm1lbSBzbmRfdGltZXIgYmNtMjgzNV92NGwyKEMpIHNuZCBiY20yODM1X21tYWxfdmNoaXEoQykgdmlkZW9idWYyX2RtYV9jb250aWcgdjRsMl9jb21tb24gdmlkZW9idWYyX3ZtYWxsb2MgdmlkZW9idWYyX21lbW9wcyB2aWRlb2J1ZjJfdjRsMiB2aWRlb2J1ZjJfY29tbW9uIHZjX3NtX2NtYShDKSB2aWRlb2RldiBtZWRpYSB1aW9fcGRydl9nZW5pcnEgdWlvIGZpeGVkIGlwX3RhYmxlcyB4X3RhYmxlcyBpcHY2DQpbICAgNDIuNDgxMTM0XSBDUFU6IDIgUElEOiA0MzYgQ29tbTogdHJ5bWUgVGFpbnRlZDogRyAgICAgICAgIEMgICAgICAgIDQuMTkuNzUtdjcrICMxMjcwDQpbICAgNDIuNDkxMzYyXSBIYXJkd2FyZSBuYW1lOiBCQ00yODM1DQpbICAgNDIuNDk1OTg1XSBQQyBpcyBhdCBfX2NhbGxfcmN1LmNvbnN0cHJvcC4xMSsweDUwLzB4Mjg0DQpbICAgNDIuNTAyNDkzXSBMUiBpcyBhdCAgIChudWxsKQ0KWyAgIDQyLjUwNjY2OV0gcGMgOiBbPDgwMThlZThjPl0gICAgbHIgOiBbPDAwMDAwMDAwPl0gICAgcHNyOiA0MDAwMDA5Mw0KWyAgIDQyLjUxNDIyM10gc3AgOiBiNDAyZmYwMCAgaXAgOiBiNDAyZTAwMCAgZnAgOiBiNDAyZmYyYw0KWyAgIDQyLjUyMDcwNV0gcjEwOiAwMDAwMDAwMCAgcjkgOiAwMDAwMDAwMCAgcjggOiBiNDBiOTE3MA0KWyAgIDQyLjUyNzE4NF0gcjcgOiA4MGQxMDc4MCAgcjYgOiAzOTZkZjAwMCAgcjUgOiA2MDAwMDAxMyAgcjQgOiA4MDE0NGQ2NA0KWyAgIDQyLjUzNTAwNV0gcjMgOiAzOTZkZjAwMCAgcjIgOiBiNDAyZmVhMCAgcjEgOiAwMDAwMDAwMCAgcjAgOiAzOTZkZjAwMA0KWyAgIDQyLjU0MjgwOF0gRmxhZ3M6IG5aY3YgIElSUXMgb2ZmICBGSVFzIG9uICBNb2RlIFNWQ18zMiAgSVNBIEFSTSAgU2VnbWVudCB1c2VyDQpbICAgNDIuNTUyODc4XSBDb250cm9sOiAxMGM1MzgzZCAgVGFibGU6IDM0MTQ0MDZhICBEQUM6IDAwMDAwMDU1DQpbICAgNDIuNTYxMzg4XSBQcm9jZXNzIHRyeW1lIChwaWQ6IDQzNiwgc3RhY2sgbGltaXQgPSAweDUzOWUwNTkyKQ0KWyAgIDQyLjU3MDA0MV0gU3RhY2s6ICgweGI0MDJmZjAwIHRvIDB4YjQwMzAwMDApDQpbICAgNDIuNTc3MTkzXSBmZjAwOiA4MDI5NTUzNCA4MDJhMjBiMCAwMDAwMDAwMSAwMDAwMDAwMCAwMDAzZjIwMCBiNDBiOTA4MCBiNDAyZmYyNCA4MGQwZDY0MA0KWyAgIDQyLjU5MDkxNF0gZmYyMDogODBkMGQ2NDAgYjQwYjkxMDAgYjQwMmZmNDQgODAxMmIzY2MgYjQwMmZmNGMgYjQwMmZmNDAgODAxMmIzY2MgODA0YTE2NjQNClsgICA0Mi42MDQ2MTRdIGZmNDA6IGI0MDJmZjVjIGI0MDJmZjUwIDgwMTQ1MzIwIDgwMTQ0ZTY4IGI0MDJmZjk0IGI0MDJmZjYwIDgwMTM1MTBjIDgwMTQ1MmUwDQpbICAgNDIuNjE4MzAzXSBmZjYwOiAwMDAwMDAwMyBiNDBiOTE4MCAwMDAwMDAxMCAwMDAwMDAwMCAwMDAwMDAwMCAwMDAwMDAwMCAwMDAwMDBkMCA4MDEwMTFjNA0KWyAgIDQyLjYzMjA4MF0gZmY4MDogYjQwMmUwMDAgMDAwMDAwZDAgYjQwMmZmYTQgYjQwMmZmOTggODAxMzUxYjAgODAxMzRmYjAgMDAwMDAwMDAgYjQwMmZmYTgNClsgICA0Mi42NDYxMjVdIGZmYTA6IDgwMTAxMDAwIDgwMTM1MWE0IDAwMDAwMDAwIDAwMDAwMDAwIDAwMDAwMDAwIDAwMDAwMDAwIDAwMDAwMDAwIDAwMDAwMDAwDQpbICAgNDIuNjYwNDMxXSBmZmMwOiAwMDAwMDAwMCAwMDAwMDAwMCAwMDAwMDAwMCAwMDAwMDBkMCAwMDAwMDAwMCAwMDAwMDAwMCAwMDAwMDAwMCA3ZWE4OWJjNA0KWyAgIDQyLjY3NDk2OF0gZmZlMDogNzZlZDY2OTQgN2VhODliNzggMDAwMTA5NDAgMDAwMTA3MzggMDAwMDAwMTAgMDAwMDAwMDAgMDAwMDAwMDAgMDAwMDAwMDANClsgICA0Mi42ODYxMDZdIENvZGU6IGViMDFjYzNlIGU1OTc2MTQ4IGVlMWQzZjkwIGUwODM2MDA2IChlNTk2MzAzMCkgDQpbICAgNDIuNjkzNzQyXSAtLS1bIGVuZCB0cmFjZSBkZTQ0ZTdjZDI0YmYxMTRkIF0tLS0NCg0NCgdNZXNzYWdlIGZyb20gc3lzbG9nZEByYXNwYmVycnlwaSBhdCBTZXAgMjYgMDU6MjU6MDkgLi4uDQ0KIGtlcm5lbDpbICAgNDIuNDMwNDY2XSBJbnRlcm5hbCBlcnJvcjogT29wczogNSBbIzFdIFNNUCBBUk0NCg0NDQoHTWVzc2FnZSBmcm9tIHN5c2xvZ2RAcmFzcGJlcnJ5cGkgYXQgU2VwIDI2IDA1OjI1OjA5IC4uLg0NCiBrZXJuZWw6WyAgIDQyLjU2MTM4OF0gUHJvY2VzcyB0cnltZSAocGlkOiA0MzYsIHN0YWNrIGxpbWl0ID0gMHg1MzllMDU5MikNCg0NDQoHTWVzc2FnZSBmcm9tIHN5c2xvZ2RAcmFzcGJlcnJ5cGkgYXQgU2VwIDI2IDA1OjI1OjA5IC4uLg0NCiBrZXJuZWw6WyAgIDQyLjU3MDA0MV0gU3RhY2s6ICgweGI0MDJmZjAwIHRvIDB4YjQwMzAwMDApDQoNDQ0KB01lc3NhZ2UgZnJvbSBzeXNsb2dkQHJhc3BiZXJyeXBpIGF0IFNlcCAyNiAwNToyNTowOSAuLi4NDQoga2VybmVsOlsgICA0Mi41NzcxOTNdIGZmMDA6IDgwMjk1NTM0IDgwMmEyMGIwIDAwMDAwMDAxIDAwMDAwMDAwIDAwMDNmMjAwIGI0MGI5MDgwIGI0MDJmZjI0IDgwZDBkNjQwDQoNDQ0KB01lc3NhZ2UgZnJvbSBzeXNsb2dkQHJhc3BiZXJyeXBpIGF0IFNlcCAyNiAwNToyNTowOSAuLi4NDQoga2VybmVsOlsgICA0Mi41OTA5MTRdIGZmMjA6IDgwZDBkNjQwIGI0MGI5MTAwIGI0MDJmZjQ0IDgwMTJiM2NjIGI0MDJmZjRjIGI0MDJmZjQwIDgwMTJiM2NjIDgwNGExNjY0DQoNDQ0KB01lc3NhZ2UgZnJvbSBzeXNsb2dkQHJhc3BiZXJyeXBpIGF0IFNlcCAyNiAwNToyNTowOSAuLi4NDQoga2VybmVsOlsgICA0Mi42MDQ2MTRdIGZmNDA6IGI0MDJmZjVjIGI0MDJmZjUwIDgwMTQ1MzIwIDgwMTQ0ZTY4IGI0MDJmZjk0IGI0MDJmZjYwIDgwMTM1MTBjIDgwMTQ1MmUwDQoNDQ0KB01lc3NhZ2UgZnJvbSBzeXNsb2dkQHJhc3BiZXJyeXBpIGF0IFNlcCAyNiAwNToyNTowOSAuLi4NDQoga2VybmVsOlsgICA0Mi42MTgzMDNdIGZmNjA6IDAwMDAwMDAzIGI0MGI5MTgwIDAwMDAwMDEwIDAwMDAwMDAwIDAwMDAwMDAwIDAwMDAwMDAwIDAwMDAwMGQwIDgwMTAxMWM0DQoNDQ0KB01lc3NhZ2UgZnJvbSBzeXNsb2dkQHJhc3BiZXJyeXBpIGF0IFNlcCAyNiAwNToyNTowOSAuLi4NDQoga2VybmVsOlsgICA0Mi42MzIwODBdIGZmODA6IGI0MDJlMDAwIDAwMDAwMGQwIGI0MDJmZmE0IGI0MDJmZjk4IDgwMTM1MWIwIDgwMTM0ZmIwIDAwMDAwMDAwIGI0MDJmZmE4DQoNDQ0KB01lc3NhZ2UgZnJvbSBzeXNsb2dkQHJhc3BiZXJyeXBpIGF0IFNlcCAyNiAwNToyNTowOSAuLi4NDQoga2VybmVsOlsgICA0Mi42NDYxMjVdIGZmYTA6IDgwMTAxMDAwIDgwMTM1MWE0IDAwMDAwMDAwIDAwMDAwMDAwIDAwMDAwMDAwIDAwMDAwMDAwIDAwMDAwMDAwIDAwMDAwMDAwDQoNDQ0KB01lc3NhZ2UgZnJvbSBzeXNsb2dkQHJhc3BiZXJyeXBpIGF0IFNlcCAyNiAwNToyNTowOSAuLi4NDQoga2VybmVsOlsgICA0Mi42NjA0MzFdIGZmYzA6IDAwMDAwMDAwIDAwMDAwMDAwIDAwMDAwMDAwIDAwMDAwMGQwIDAwMDAwMDAwIDAwMDAwMDAwIDAwMDAwMDAwIDdlYTg5YmM0DQoNDQ0KB01lc3NhZ2UgZnJvbSBzeXNsb2dkQHJhc3BiZXJyeXBpIGF0IFNlcCAyNiAwNToyNTowOSAuLi4NDQoga2VybmVsOlsgICA0Mi42NzQ5NjhdIGZmZTA6IDc2ZWQ2Njk0IDdlYTg5Yjc4IDAwMDEwOTQwIDAwMDEwNzM4IDAwMDAwMDEwIDAwMDAwMDAwIDAwMDAwMDAwIDAwMDAwMDAwDQoNDQ0KB01lc3NhZ2UgZnJvbSBzeXNsb2dkQHJhc3BiZXJyeXBpIGF0IFNlcCAyNiAwNToyNTowOSAuLi4NDQoga2VybmVsOlsgICA0Mi42ODYxMDZdIENvZGU6IGViMDFjYzNlIGU1OTc2MTQ4IGVlMWQzZjkwIGUwODM2MDA2IChlNTk2MzAzMCkgDQoNU2VnbWVudGF0aW9uIGZhdWx0DQpwaUByYXNwYmVycnlwaTp+JCA='
193,149,b'Li90cnltZQ0KNjI1MDAwMA0KZ3JpOjEwMDAvMTAwMC8xMDAwcGlAcmFzcGJlcnJ5cGk6fiQg'
193,154,b'Li90cnltZQ0KNjI1MDAwMA0KZ3JpOjEwMDAvMTAwMC8xMDAwcGlAcmFzcGJlcnJ5cGk6fiQg'
193,148,b'Li90cnltZQ0KNjI1MDAwMA0KZ3JpOjEwMDAvMTAwMC8xMDAwcGlAcmFzcGJlcnJ5cGk6fiQg'
193,139,b'Li90cnltZQ0KNjI1MDAwMA0KZ3JpOjEwMDAvMTAwMC8xMDAwcGlAcmFzcGJlcnJ5cGk6fiQg'
193,152,b'Li90cnltZQ0KNjI1MDAwMA0KZ3JpOjEwMDAvMTAwMC8xMDAwcGlAcmFzcGJlcnJ5cGk6fiQg'
193,154,b'Li90cnltZQ0KWyAgIDQ2Ljk2NDExMF0gVW5hYmxlIHRvIGhhbmRsZSBrZXJuZWwgTlVMTCBwb2ludGVyIGRlcmVmZXJlbmNlIGF0IHZpcnR1YWwgYWRkcmVzcyAwMDAwMDMyOA0KWyAgIDQ2Ljk3NTM1N10gcGdkID0gM2YwNzNlMmINClsgICA0Ni45Nzk1MTFdIFswMDAwMDMyOF0gKnBnZD0zNzBkZjgzNSwgKnB0ZT0wMDAwMDAwMCwgKnBwdGU9MDAwMDAwMDANCg0NCgdNZXNzWyAgIDQ2Ljk4NzMzN10gSW50ZXJuYWwgZXJyb3I6IE9vcHM6IDE3IFsjMl0gU01QIEFSTQ0KYWdlIGZyb20gc3lzbG9nZEByYXNwYmVycnlwaSBhdCBTZXAgMjYgMDU6MjU6MTMgLi4uDQ0KIGtlcm5lbDpbICAgNDYuOTg3MzM3XSBJbnRlcm5hbCBlcnJvcjogT29wczogMTcgWyNbICAgNDYuOTkzOTY0XSBNb2R1bGVzIGxpbmtlZCBpbjogYm5lcCBoY2lfdWFydCBidGJjbSBzZXJkZXYgYmx1ZXRvb3RoIGVjZGhfZ2VuZXJpYyBzaGEyNTZfZ2VuZXJpYyBjZmc4MDIxMSByZmtpbGwgODAyMXEgZ2FycCBzdHAgbGxjIHJhc3BiZXJyeXBpX2h3bW9uIGh3bW9uIHNuZF9iY20yODM1KEMpIHNuZF9wY20gYmNtMjgzNV9jb2RlYyhDKSB2NGwyX21lbTJtZW0gc25kX3RpbWVyIGJjbTI4MzVfdjRsMihDKSBzbmQgYmNtMjgzNV9tbWFsX3ZjaGlxKEMpIHZpZGVvYnVmMl9kbWFfY29udGlnIHY0bDJfY29tbW9uIHZpZGVvYnVmMl92bWFsbG9jIHZpZGVvYnVmMl9tZW1vcHMgdmlkZW9idWYyX3Y0bDIgdmlkZW9idWYyX2NvbW1vbiB2Y19zbV9jbWEoQykgdmlkZW9kZXYgbWVkaWEgdWlvX3BkcnZfZ2VuaXJxIHVpbyBmaXhlZCBpcF90YWJsZXMgeF90YWJsZXMgaXB2Ng0KMl0gU01QIEFSTQ0KDVsgICA0Ny4wNDIwODZdIENQVTogMyBQSUQ6IDQ0NCBDb21tOiB0cnltZSBUYWludGVkOiBHICAgICAgRCAgQyAgICAgICAgNC4xOS43NS12NysgIzEyNzANClsgICA0Ny4wNTI3ODBdIEhhcmR3YXJlIG5hbWU6IEJDTTI4MzUNClsgICA0Ny4wNTc1NjRdIFBDIGlzIGF0IGNvbW1pdF9jcmVkcysweDkwLzB4MjljDQpbICAgNDcuMDYzMTk1XSBMUiBpcyBhdCBfX3N5c19zZXRyZXN1aWQrMHgxNjgvMHgxZjQNClsgICA0Ny4wNjkxNDBdIHBjIDogWzw4MDE0NTBjOD5dICAgIGxyIDogWzw4MDEzNTEwYz5dICAgIHBzcjogODAwMDAwMTMNClsgICA0Ny4wNzY3NTVdIHNwIDogYjU3YmRmNjAgIGlwIDogYjU3YmRmNDAgIGZwIDogYjU3YmRmOTQNClsgICA0Ny4wODMyODNdIHIxMDogMDAwMDAwMDAgIHI5IDogMDAwMDAwMDAgIHI4IDogMDAwMDAwMDANClsgICA0Ny4wODk3ODhdIHI3IDogMDAwMDAwMDAgIHI2IDogMDAwMDAwMDAgIHI1IDogZmZmZmZmZmYgIHI0IDogYjQwMzQ1MDANClsgICA0Ny4wOTc2MDhdIHIzIDogYjQwMzQ0ODAgIHIyIDogMDAwMDAzZTggIHIxIDogMDAwMDAwMDEgIHIwIDogYjQwMzQ1MDANClsgICA0Ny4xMDUzOTBdIEZsYWdzOiBOemN2ICBJUlFzIG9uICBGSVFzIG9uICBNb2RlIFNWQ18zMiAgSVNBIEFSTSAgU2VnbWVudCB1c2VyDQpbICAgNDcuMTEzNzg4XSBDb250cm9sOiAxMGM1MzgzZCAgVGFibGU6IDM0MTA0MDZhICBEQUM6IDAwMDAwMDU1DQpbICAgNDcuMTIwNzk5XSBQcm9jZXNzIHRyeW1lIChwaWQ6IDQ0NCwgc3RhY2sgbGltaXQgPSAweDBiMWE2ODRlKQ0KWyAgIDQ3LjEyNzg5M10gU3RhY2s6ICgweGI1N2JkZjYwIHRvIDB4YjU3YmUwMDApDQpbICAgNDcuMTMzNDY4XSBkZjYwOiAwMDAwMDAwMyBiNDAzNDQ4MCAwMDAwMDAxMCAwMDAwMDAwMCAwMDAwMDAwMCAwMDAwMDAwMCAwMDAwMDBkMCA4MDEwMTFjNA0KWyAgIDQ3LjE0NDA3MF0gZGY4MDogYjU3YmMwMDAgMDAwMDAwZDAgYjU3YmRmYTQgYjU3YmRmOTggODAxMzUxYjAgODAxMzRmYjAgMDAwMDAwMDAgYjU3YmRmYTgNClsgICA0Ny4xNTQ2NjJdIGRmYTA6IDgwMTAxMDAwIDgwMTM1MWE0IDAwMDAwMDAwIDAwMDAwMDAwIDAwMDAwMDAwIDAwMDAwMDAwIDAwMDAwMDAwIDAwMDAwMDAwDQpbICAgNDcuMTY1MjUxXSBkZmMwOiAwMDAwMDAwMCAwMDAwMDAwMCAwMDAwMDAwMCAwMDAwMDBkMCAwMDAwMDAwMCAwMDAwMDAwMCAwMDAwMDAwMCA3ZWRmY2JjNA0KWyAgIDQ3LjE3NTg3MF0gZGZlMDogNzZlM2Y2OTQgN2VkZmNiNzggMDAwMTA5NDAgMDAwMTA3MzggMDAwMDAwMTAgMDAwMDAwMDAgMDAwMDAwMDAgMDAwMDAwMDANClsgICA0Ny4xODY2MjNdIFs8ODAxNDUwYzg+XSAoY29tbWl0X2NyZWRzKSBmcm9tIFs8ODAxMzUxYjA+XSAoc3lzX3NldHJlc3VpZCsweDE4LzB4MWMpDQpbICAgNDcuMTk2OTc4XSBbPDgwMTM1MWIwPl0gKHN5c19zZXRyZXN1aWQpIGZyb20gWzw4MDEwMTAwMD5dIChyZXRfZmFzdF9zeXNjYWxsKzB4MC8weDI4KQ0KWyAgIDQ3LjIwNzY5NV0gRXhjZXB0aW9uIHN0YWNrKDB4YjU3YmRmYTggdG8gMHhiNTdiZGZmMCkNClsgICA0Ny4yMTQyMTJdIGRmYTA6ICAgICAgICAgICAgICAgICAgIDAwMDAwMDAwIDAwMDAwMDAwIDAwMDAwMDAwIDAwMDAwMDAwIDAwMDAwMDAwIDAwMDAwMDAwDQpbICAgNDcuMjI1MzM5XSBkZmMwOiAwMDAwMDAwMCAwMDAwMDAwMCAwMDAwMDAwMCAwMDAwMDBkMCAwMDAwMDAwMCAwMDAwMDAwMCAwMDAwMDAwMCA3ZWRmY2JjNA0KWyAgIDQ3LjIzNjQ5NV0gZGZlMDogNzZlM2Y2OTQgN2VkZmNiNzggMDAwMTA5NDAgMDAwMTA3MzgNClsgICA0Ny4yNDMwNzFdIENvZGU6IGUxNWMwMDAzIDBhMDAwMDUwIGU1OTYwMzI4IGUzNTAwMDAwICgwYTAwMDAwMykgDQoNDQoHTWVzc2FnZSBmcm9tIHN5WyAgIDQ3LjI1MDc0Ml0gLS0tWyBlbmQgdHJhY2UgZGU0NGU3Y2QyNGJmMTE0ZSBdLS0tDQpzbG9nZEByYXNwYmVycnlwaSBhdCBTZXAgMjYgMDU6MjU6MTMgLi4uDQ0KIGtlcm5lbDpbICAgNDcuMTIwNzk5XSBQcm9jZXNzIHRyeW1lIChwaWQ6IDQ0NCwgc3RhY2sgbGltaXQgPSAweDBiMWE2ODRlKQ0KDQ0NCgdNZXNzYWdlIGZyb20gc3lzbG9nZEByYXNwYmVycnlwaSBhdCBTZXAgMjYgMDU6MjU6MTMgLi4uDQ0KIGtlcm5lbDpbICAgNDcuMTI3ODkzXSBTdGFjazogKDB4YjU3YmRmNjAgdG8gMHhiNTdiZTAwMCkNCg0NDQoHTWVzc2FnZSBmcm9tIHN5c2xvZ2RAcmFzcGJlcnJ5cGkgYXQgU2VwIDI2IDA1OjI1OjEzIC4uLg0NCiBrZXJuZWw6WyAgIDQ3LjEzMzQ2OF0gZGY2MDogMDAwMDAwMDMgYjQwMzQ0ODAgMDAwMDAwMTAgMDAwMDAwMDAgMDAwMDAwMDAgMDAwMDAwMDAgMDAwMDAwZDAgODAxMDExYzQNCg0NDQoHTWVzc2FnZSBmcm9tIHN5c2xvZ2RAcmFzcGJlcnJ5cGkgYXQgU2VwIDI2IDA1OjI1OjEzIC4uLg0NCiBrZXJuZWw6WyAgIDQ3LjE0NDA3MF0gZGY4MDogYjU3YmMwMDAgMDAwMDAwZDAgYjU3YmRmYTQgYjU3YmRmOTggODAxMzUxYjAgODAxMzRmYjAgMDAwMDAwMDAgYjU3YmRmYTgNCg0NDQoHTWVzc2FnZSBmcm9tIHN5c2xvZ2RAcmFzcGJlcnJ5cGkgYXQgU2VwIDI2IDA1OjI1OjEzIC4uLg0NCiBrZXJuZWw6WyAgIDQ3LjE1NDY2Ml0gZGZhMDogODAxMDEwMDAgODAxMzUxYTQgMDAwMDAwMDAgMDAwMDAwMDAgMDAwMDAwMDAgMDAwMDAwMDAgMDAwMDAwMDAgMDAwMDAwMDANCg0NDQoHTWVzc2FnZSBmcm9tIHN5c2xvZ2RAcmFzcGJlcnJ5cGkgYXQgU2VwIDI2IDA1OjI1OjEzIC4uLg0NCiBrZXJuZWw6WyAgIDQ3LjE2NTI1MV0gZGZjMDogMDAwMDAwMDAgMDAwMDAwMDAgMDAwMDAwMDAgMDAwMDAwZDAgMDAwMDAwMDAgMDAwMDAwMDAgMDAwMDAwMDAgN2VkZmNiYzQNCg0NDQoHTWVzc2FnZSBmcm9tIHN5c2xvZ2RAcmFzcGJlcnJ5cGkgYXQgU2VwIDI2IDA1OjI1OjEzIC4uLg0NCiBrZXJuZWw6WyAgIDQ3LjE3NTg3MF0gZGZlMDogNzZlM2Y2OTQgN2VkZmNiNzggMDAwMTA5NDAgMDAwMTA3MzggMDAwMDAwMTAgMDAwMDAwMDAgMDAwMDAwMDAgMDAwMDAwMDANCg0NDQoHTWVzc2FnZSBmcm9tIHN5c2xvZ2RAcmFzcGJlcnJ5cGkgYXQgU2VwIDI2IDA1OjI1OjEzIC4uLg0NCiBrZXJuZWw6WyAgIDQ3LjI0MzA3MV0gQ29kZTogZTE1YzAwMDMgMGEwMDAwNTAgZTU5NjAzMjggZTM1MDAwMDAgKDBhMDAwMDAzKSANCg1TZWdtZW50YXRpb24gZmF1bHQNCnBpQHJhc3BiZXJyeXBpOn4kIFsgICA0Ny41OTE5MDldIFZvbHRhZ2Ugbm9ybWFsaXNlZCAoMHgwMDAwMDAwMCkNCg=='
193,153,b'Li90cnltZQ0KNjI1MDAwMA0KZ3JpOjEwMDAvMTAwMC8xMDAwcGlAcmFzcGJlcnJ5cGk6fiQg'
193,140,b'Li90cnltZQ0KNjI1MDAwMA0KZ3JpOjEwMDAvMTAwMC8xMDAwcGlAcmFzcGJlcnJ5cGk6fiQg'
193,149,b'Li90cnltZQ0KNjI1MDAwMA0KZ3JpOjEwMDAvMTAwMC8xMDAwcGlAcmFzcGJlcnJ5cGk6fiQg'
193,149,b'Li90cnltZQ0KWyAgIDQ5Ljk5NDA4M10gVW5hYmxlIHRvIGhhbmRsZSBrZXJuZWwgTlVMTCBwb2ludGVyIGRlcmVmZXJlbmNlIGF0IHZpcnR1YWwgYWRkcmVzcyAwMDAwMDAwYw0KWyAgIDUwLjAwNTE2MV0gcGdkID0gOTVkYzgyOTcNClsgICA1MC4wMDkyMTddIFswMDAwMDAwY10gKnBnZD0zNDBkNzgzNSwgKnB0ZT0wMDAwMDAwMCwgKnBwdGU9MDAwMDAwMDANCg0NCgdNZXNzYWdlIGZyb21bICAgNTAuMDE2OTM5XSBJbnRlcm5hbCBlcnJvcjogT29wczogMTcgWyMzXSBTTVAgQVJNDQogc3lzbG9nZEByYXNwYmVycnlwaSBhdCBTZXAgMjYgMDU6MjU6MTYgLi4uDQ0KIGtlcm5lbDpbICAgNTAuMDE2OTM5XSBJbnRlcm5hbCBlcnJvcjogT29wczogMTcgWyNbICAgNTAuMDIzNDkzXSBNb2R1bGVzIGxpbmtlZCBpbjogYm5lcCBoY2lfdWFydCBidGJjbSBzZXJkZXYgYmx1ZXRvb3RoIGVjZGhfZ2VuZXJpYyBzaGEyNTZfZ2VuZXJpYyBjZmc4MDIxMSByZmtpbGwgODAyMXEgZ2FycCBzdHAgbGxjIHJhc3BiZXJyeXBpX2h3bW9uIGh3bW9uIHNuZF9iY20yODM1KEMpIHNuZF9wY20gYmNtMjgzNV9jb2RlYyhDKSB2NGwyX21lbTJtZW0gc25kX3RpbWVyIGJjbTI4MzVfdjRsMihDKSBzbmQgYmNtMjgzNV9tbWFsX3ZjaGlxKEMpIHZpZGVvYnVmMl9kbWFfY29udGlnIHY0bDJfY29tbW9uIHZpZGVvYnVmMl92bWFsbG9jIHZpZGVvYnVmMl9tZW1vcHMgdmlkZW9idWYyX3Y0bDIgdmlkZW9idWYyX2NvbW1vbiB2Y19zbV9jbWEoQykgdmlkZW9kZXYgbWVkaWEgdWlvX3BkcnZfZ2VuaXJxIHVpbyBmaXhlZCBpcF90YWJsZXMgeF90YWJsZXMgaXB2Ng0KM10gU01QIEFSTQ0KDVsgICA1MC4wNzA5MTFdIENQVTogMyBQSUQ6IDQ0OCBDb21tOiB0cnltZSBUYWludGVkOiBHICAgICAgRCAgQyAgICAgICAgNC4xOS43NS12NysgIzEyNzANClsgICA1MC4wODE0NDRdIEhhcmR3YXJlIG5hbWU6IEJDTTI4MzUNClsgICA1MC4wODYxNjNdIFBDIGlzIGF0IG5zX2NhcGFibGVfY29tbW9uKzB4OWMvMHhiMA0KWyAgIDUwLjA5MjA4OF0gTFIgaXMgYXQgMHhiNTdiZGY0NA0KWyAgIDUwLjA5NjQ1OV0gcGMgOiBbPDgwMTJiM2NjPl0gICAgbHIgOiBbPGI1N2JkZjQ0Pl0gICAgcHNyOiBiNTdiZGY0Yw0KWyAgIDUwLjEwNDA0MV0gc3AgOiBiNDAzNDc4MCAgaXAgOiA4MGQwZDY0MCAgZnAgOiA4MGQwZDY0MA0KWyAgIDUwLjExMjE0OF0gcjEwOiBiNTdiZGYyNCAgcjkgOiBiNDAzNDgwMCAgcjggOiAwMDAzZjIwMA0KWyAgIDUwLjEyMDIxNF0gcjcgOiAwMDAwMDAwMCAgcjYgOiAwMDAwMDAwMSAgcjUgOiA4MDJhMjBiMCAgcjQgOiA4MDI5NTUzNA0KWyAgIDUwLjEyOTY0OV0gcjMgOiAwMDAwMDAwMCAgcjIgOiAwMDAwMDAwMCAgcjEgOiAwMDAwMDAwMCAgcjAgOiBiNDAzNDc4MA0KWyAgIDUwLjEzODk5MV0gRmxhZ3M6IE56Q1YgIElSUXMgb24gIEZJUXMgb2ZmICBNb2RlIFVLMTJfMjYgIElTQSBKYXplbGxlICBTZWdtZW50IHVzZXINClsgICA1MC4xNTIxMTBdIENvbnRyb2w6IDEwYzUzODNkICBUYWJsZTogMzU2MDgwNmEgIERBQzogMDAwMDAwNTUNClsgICA1MC4xNjA3MThdIFByb2Nlc3MgdHJ5bWUgKHBpZDogNDQ4LCBzdGFjayBsaW1pdCA9IDB4MGIxYTY4NGUpDQpbICAgNTAuMTY5NDAxXSBTdGFjazogKDB4YjQwMzQ3ODAgdG8gMHhiNTdiZTAwMCkNClsgICA1MC4xNzY1MThdIDQ3ODA6IDAwMDAwMDAwIDAwMDAwM2U4IDAwMDAwM2U4IDAwMDAwM2U4IDAwMDAwM2U4IDAwMDAwM2U4IDAwMDAwM2U4IDAwMDAwM2U4DQpbICAgNTAuMTkwMTM4XSA0N2EwOiAwMDAwMDNlOCAwMDAwMDAwMCAwMDAwMDAwMCAwMDAwMDAwMCAwMDAwMDAwMCAwMDAwMDAwMCAwMDAwMDAwMCAwMDAwMDAwMA0KWyAgIDUwLjIwMzczM10gNDdjMDogZmZmZmZmZmYgMDAwMDAwM2YgMDAwMDAwMDAgMDAwMDAwMDAgMDAwMDAwMDAgYjlmNDhhMDAgMDAwMDAwMDAgMDAwMDAwMDANClsgICA1MC4yMTQzNTJdIDQ3ZTA6IDAwMDAwMDAwIGI5MmI1ZTgwIDgwZDBkNjQwIGI3ZDVhMDAwIDAwMDAwMDAwIDAwMDAwMDAwIGJhYTM0YmI0IGJhYTM0YmQ4DQpbICAgNTAuMjI1MDIzXSA0ODAwOiBiNDAzNDg4MCBiYWEzNGMyMCBiYWEzNGM0NCBiYWEzNGM2OCBiYWEzNGM4YyBiYWEzNGNiMCBiYWEzNGNmOCBiYWEzNGQxYw0KWyAgIDUwLjIzNTg0MF0gNDgyMDogYmFhMzRkNDAgYmFhMzRkNjQgYmFhMzRkODggYmFiNTc4YjQgYmFiNTg3OWMgYmFiNjgyZTggYmFhZmFlNjAgYmFhZmY0OGMNClsgICA1MC4yNDY3NTVdIDQ4NDA6IGJhYWZmNDY4IGJhYmNkNDYwIGJhYmNkNDg0IGJhYmNkNGE4IGJhYmNkNGNjIGJhYjEwYmIwIGJhYWZjNmQ4IGJhM2JiNDM4DQpbICAgNTAuMjU3Nzg5XSA0ODYwOiBiYTNiYjg0YyBiYTNiYjgyOCBiYTNiYjgwNCBiYTNiYjdlMCBiYTNiYjdiYyBiYTNiYjc5OCBiYTNiYjc3NCBiYTNiYjc1MA0KWyAgIDUwLjI2ODk0N10gNDg4MDogYjQwMzQ5MDAgYmEzYmI3MDggYmEzYmI2ZTQgYmEzYmI2YzAgYmEzYmI2OWMgYmEzYmI2NzggYmEzYmI2NTQgYmFiNTQ5MmMNClsgICA1MC4yODAxMzldIDQ4YTA6IGJhYjRiYWI4IGJhYjA2ZTc4IGJhYjU4MzQwIGJhYjE0ZmU0IGJhYWZjM2MwIGJhYjZiZWQwIGJhYjkwZjQ0IGJhYjA3MDk0DQpbICAgNTAuMjkxNDExXSA0OGMwOiBiYWI2ODIzNCBiYWFmYmQwMCBiYWFmZjVmNCBiYWI3YTBhOCBiYWIyMzc1YyBiYWFmMDkyNCBiYWIyNTcwMCBiYWFmMDk0OA0KWyAgIDUwLjMwMjcxOF0gNDhlMDogYmFiMjIwNzAgYmFhZjA3YmMgYmFiMjM3MzggYmFiNzk3NjAgYmFiNzk5YzQgYmFiN2FiMzQgYmFhMzRiYjQgYmFhMzRiZDgNClsgICA1MC4zMTQwMjhdIDQ5MDA6IGI0MDM0OTgwIGJhYTM0YzIwIGJhYTM0YzQ0IGJhYTM0YzY4IGJhYTM0YzhjIGJhYTM0Y2IwIGJhYTM0Y2Y4IGJhYTM0ZDFjDQpbICAgNTAuMzI1MzM3XSA0OTIwOiBiYWEzNGQ0MCBiYWEzNGQ2NCBiYWEzNGQ4OCBiYWEzNTA1OCBiYWEzNTA3YyBiYWEzNTBhMCBiYWEzNTBjNCBiYWEzNTBlOA0KWyAgIDUwLjMzNjY0OF0gNDk0MDogYmFhMzUxMGMgYmFhMzUxMzAgYmFhMzUxNTQgYmFhMzUxNzggYmFhMzUxOWMgYmFhMzUxZTQgYmFhMzUyMDggYmFhMzUyMmMNClsgICA1MC4zNDc5NTddIDQ5NjA6IGJhYTM1MjUwIGJhYTM1Mjc0IGJhYjU3OGI0IGJhYjU4NzljIGJhYjY4M2MwIGJhYjZiZGY4IGJhYWZmNDhjIGJhYWZmNDY4DQpbICAgNTAuMzU5MjY3XSA0OTgwOiBiNDAzNGEwMCBiYWJjZDQ4NCBiYWJjZDRhOCBiYWJjZDRjYyBiYWIxMGJiMCBiYWFmYzZkOCBiYTNiYjQzOCBiYTNiYjg0Yw0KWyAgIDUwLjM3MDU3OV0gNDlhMDogYmEzYmI4MjggYmEzYmI4MDQgYmEzYmI3ZTAgYmEzYmI3YmMgYmEzYmI3OTggYmEzYmI3NzQgYmEzYmI3NTAgYmEzYmI3MmMNClsgICA1MC4zODE4ODldIDQ5YzA6IGJhM2JiNzA4IGJhM2JiNmU0IGJhM2JiNmMwIGJhM2JiNjljIGJhM2JiNjc4IGJhM2JiNjU0IGJhYjU0OTJjIGJhYjRiYWI4DQpbICAgNTAuMzkzMjAwXSA0OWUwOiBiYWIwNmU3OCBiYWI1ODM0MCBiYWIxNGZlNCBiYWFmYzNjMCBiYWI2YmVkMCBiYWI5MGY0NCBiYWIwNzA5NCBiYWFmYWU2MA0KWyAgIDUwLjQwNDUxMl0gNGEwMDogYjQwMzRhODAgYmFiNjg0NTAgYmFiMzRlNWMgYmFiYTk1ZWMgYmFiMzAzYjAgYmFiMzI0OTggYmFiMmY2OWMgYmFiNjIyNzANClsgICA1MC40MTU4MjRdIDRhMjA6IGJhYjM2YTU4IGJhYjM3YTE4IGJhYjVjNzUwIGJhYjdjMDA0IGJhYjdiZjc0IDAwMDAwMDAwIDAwMDAwMDAwIDAwMDAwMDAwDQpbICAgNTAuNDI3MTM2XSA0YTQwOiAwMDAwMDAwMCAwMDAwMDAwMCAwMDAwMDAwMCAwMDAwMDAwMCAwMDAwMDAwMCAwMDAwMDAwMCAwMDAwMDAwMCAwMDAwMDAwMA0KWyAgIDUwLjQzODQ0N10gNGE2MDogMDAwMDAwMDAgMDAwMDAwMDAgMDAwMDAwMDAgMDAwMDAwMDAgMDAwMDAwMDAgMDAwMDAwMDAgMDAwMDAwMDAgMDAwMDAwMDANClsgICA1MC40NDk3NTZdIDRhODA6IGI0MDM0YjAwIDAwMDAwMDAwIDAwMDAwMDAwIDAwMDAwMDAwIDAwMDAwMDAwIDAwMDAwMDAwIDAwMDAwMDAwIDAwMDAwMDAwDQpbICAgNTAuNDYxMDYyXSA0YWEwOiAwMDAwMDAwMCAwMDAwMDAwMCAwMDAwMDAwMCAwMDAwMDAwMCAwMDAwMDAwMCAwMDAwMDAwMCAwMDAwMDAwMCAwMDAwMDAwMA0KWyAgIDUwLjQ3MjM2N10gNGFjMDogMDAwMDAwMDAgMDAwMDAwMDAgMDAwMDAwMDAgMDAwMDAwMDAgMDAwMDAwMDAgMDAwMDAwMDAgMDAwMDAwMDAgMDAwMDAwMDANClsgICA1MC40ODM2NzBdIDRhZTA6IDAwMDAwMDAwIDAwMDAwMDAwIDAwMDAwMDAwIDAwMDAwMDAwIDAwMDAwMDAwIDAwMDAwMDAwIDAwMDAwMDAwIDAwMDAwMDAwDQpbICAgNTAuNDk0OTcyXSA0YjAwOiBiNDAzNGI4MCAwMDAwMDAwMCAwMDAwMDAwMCAwMDAwMDAwMCAwMDAwMDAwMCAwMDAwMDAwMCAwMDAwMDAwMCAwMDAwMDAwMA0KWyAgIDUwLjUwNjI3MV0gNGIyMDogMDAwMDAwMDAgMDAwMDAwMDAgMDAwMDAwMDAgMDAwMDAwMDAgMDAwMDAwMDAgMDAwMDAwMDAgMDAwMDAwMDAgMDAwMDAwMDANClsgICA1MC41MTc1NjhdIDRiNDA6IDAwMDAwMDAwIDAwMDAwMDAwIDAwMDAwMDAwIDAwMDAwMDAwIDAwMDAwMDAwIDAwMDAwMDAwIDAwMDAwMDAwIDAwMDAwMDAwDQpbICAgNTAuNTI4ODYzXSA0YjYwOiAwMDAwMDAwMCAwMDAwMDAwMCAwMDAwMDAwMCAwMDAwMDAwMCAwMDAwMDAwMCAwMDAwMDAwMCAwMDAwMDAwMCAwMDAwMDAwMA0KWyAgIDUwLjU0MDE1N10gNGI4MDogYjQwMzRjMDAgMDAwMDAwMDAgMDAwMDAwMDAgMDAwMDAwMDAgMDAwMDAwMDAgMDAwMDAwMDAgMDAwMDAwMDAgMDAwMDAwMDANClsgICA1MC41NTE0NTBdIDRiYTA6IDAwMDAwMDAwIDAwMDAwMDAwIDAwMDAwMDAwIDAwMDAwMDAwIDAwMDAwMDAwIDAwMDAwMDAwIDAwMDAwMDAwIDAwMDAwMDAwDQpbICAgNTAuNTYyNzQzXSA0YmMwOiAwMDAwMDAwMCAwMDAwMDAwMCAwMDAwMDAwMCAwMDAwMDAwMCAwMDAwMDAwMCAwMDAwMDAwMCAwMDAwMDAwMCAwMDAwMDAwMA0KWyAgIDUwLjU3NDAzNl0gNGJlMDogMDAwMDAwMDAgMDAwMDAwMDAgMDAwMDAwMDAgMDAwMDAwMDAgMDAwMDAwMDAgMDAwMDAwMDAgMDAwMDAwMDAgMDAwMDAwMDANClsgICA1MC41ODUzMjhdIDRjMDA6IGI0MDM0YzgwIDAwMDAwMDAwIDAwMDAwMDAwIDAwMDAwMDAwIDAwMDAwMDAwIDAwMDAwMDAwIDAwMDAwMDAwIDAwMDAwMDAwDQpbICAgNTAuNTk2NjIzXSA0YzIwOiAwMDAwMDAwMCAwMDAwMDAwMCAwMDAwMDAwMCAwMDAwMDAwMCAwMDAwMDAwMCAwMDAwMDAwMCAwMDAwMDAwMCAwMDAwMDAwMA0KWyAgIDUwLjYwNzkxNl0gNGM0MDogMDAwMDAwMDAgMDAwMDAwMDAgMDAwMDAwMDAgMDAwMDAwMDAgMDAwMDAwMDAgMDAwMDAwMDAgMDAwMDAwMDAgMDAwMDAwMDANClsgICA1MC42MTkyMTBdIDRjNjA6IDAwMDAwMDAwIDAwMDAwMDAwIDAwMDAwMDAwIDAwMDAwMDAwIDAwMDAwMDAwIDAwMDAwMDAwIDAwMDAwMDAwIDAwMDAwMDAwDQpbICAgNTAuNjMwNTA0XSA0YzgwOiBiNDAzNGQwMCAwMDAwMDAwMCAwMDAwMDAwMCAwMDAwMDAwMCAwMDAwMDAwMCAwMDAwMDAwMCAwMDAwMDAwMCAwMDAwMDAwMA0KWyAgIDUwLjY0MTc5N10gNGNhMDogMDAwMDAwMDAgMDAwMDAwMDAgMDAwMDAwMDAgMDAwMDAwMDAgMDAwMDAwMDAgMDAwMDAwMDAgMDAwMDAwMDAgMDAwMDAwMDANClsgICA1MC42NTMwOTBdIDRjYzA6IDAwMDAwMDAwIDAwMDAwMDAwIDAwMDAwMDAwIDAwMDAwMDAwIDAwMDAwMDAwIDAwMDAwMDAwIDAwMDAwMDAwIDAwMDAwMDAwDQpbICAgNTAuNjY0MzgzXSA0Y2UwOiAwMDAwMDAwMCAwMDAwMDAwMCAwMDAwMDAwMCAwMDAwMDAwMCAwMDAwMDAwMCAwMDAwMDAwMCAwMDAwMDAwMCAwMDAwMDAwMA0KWyAgIDUwLjY3NTY3N10gNGQwMDogYjQwMzRkODAgMDAwMDAwMDAgMDAwMDAwMDAgMDAwMDAwMDAgMDAwMDAwMDAgMDAwMDAwMDAgMDAwMDAwMDAgMDAwMDAwMDANClsgICA1MC42ODY5NzFdIDRkMjA6IDAwMDAwMDAwIDAwMDAwMDAwIDAwMDAwMDAwIDAwMDAwMDAwIDAwMDAwMDAwIDAwMDAwMDAwIDAwMDAwMDAwIDAwMDAwMDAwDQpbICAgNTAuNg=='
193,153,b'IC4vdHJ5bWUNCjYyNTAwMDANCmdyaToxMDAwLzEwMDAvMTAwMHBpQHJhc3BiZXJyeXBpOn4kIA=='
193,135,b'Li90cnltZQ0KWyAgIDQyLjQwNDEwMl0gVW5hYmxlIHRvIGhhbmRsZSBrZXJuZWwgTlVMTCBwb2ludGVyIGRlcmVmZXJlbmNlIGF0IHZpcnR1YWwgYWRkcmVzcyAwMDAwMDMyOA0KWyAgIDQyLjQxNDE4OF0gcGdkID0gNzYxMDY5NTENClsgICA0Mi40MTc3ODddIFswMDAwMDMyOF0gKnBnZD0zNmY1YjgzNSwgKnB0ZT0wMDAwMDAwMCwgKnBwdGU9MDAwMDAwMDANClsgICA0Mi40MjUwODddIEludGVybmFsIGVycm9yOiBPb3BzOiAxNyBbIzFdIFNNUCBBUk0NCg0NCgdNZXNzYWdlIGZyb20gc3lzbG9nZEByYXNwYmVycnlwaSBhdCBTZXAgMjYgMDU6MjU6MDkgLi4uDQ0KIGtlcm5lbDpbICAgNFsgICA0Mi40MzA4MDBdIE1vZHVsZXMgbGlua2VkIGluOiBibmVwIGhjaV91YXJ0IGJ0YmNtIHNlcmRldiBibHVldG9vdGggZWNkaF9nZW5lcmljIHNoYTI1Nl9nZW5lcmljIGNmZzgwMjExIHJma2lsbCA4MDIxcSBnYXJwIHN0cCBsbGMgcmFzcGJlcnJ5cGlfaHdtb24gaHdtb24gYmNtMjgzNV9jb2RlYyhDKSBiY20yODM1X3Y0bDIoQykgdjRsMl9tZW0ybWVtIHNuZF9iY20yODM1KEMpIGJjbTI4MzVfbW1hbF92Y2hpcShDKSB2NGwyX2NvbW1vbiBzbmRfcGNtIHZpZGVvYnVmMl9kbWFfY29udGlnIHZpZGVvYnVmMl92bWFsbG9jIHZpZGVvYnVmMl9tZW1vcHMgdmlkZW9idWYyX3Y0bDIgc25kX3RpbWVyIHZpZGVvYnVmMl9jb21tb24gc25kIHZpZGVvZGV2IG1lZGlhIHZjX3NtX2NtYShDKSB1aW9fcGRydl9nZW5pcnEgdWlvIGZpeGVkIGlwX3RhYmxlcyB4X3RhYmxlcyBpcHY2DQoyLjQyNTA4N10gSW50ZXJuYWwgZXJyb3I6IE9vcHM6IFsgICA0Mi40NzY0MTRdIENQVTogMyBQSUQ6IDQzOCBDb21tOiB0cnltZSBUYWludGVkOiBHICAgICAgICAgQyAgICAgICAgNC4xOS43NS12NysgIzEyNzANCjE3IFsjMV0gU01QIEFSTQ1bICAgNDIuNDg3MTYxXSBIYXJkd2FyZSBuYW1lOiBCQ00yODM1DQoKDVsgICA0Mi40OTIwMjBdIFBDIGlzIGF0IGNvbW1pdF9jcmVkcysweDkwLzB4MjljDQpbICAgNDIuNDk3NTY3XSBMUiBpcyBhdCBfX3N5c19zZXRyZXN1aWQrMHgxNjgvMHgxZjQNClsgICA0Mi41MDM0NDRdIHBjIDogWzw4MDE0NTBjOD5dICAgIGxyIDogWzw4MDEzNTEwYz5dICAgIHBzcjogODAwMDAwMTMNClsgICA0Mi41MTEwMTNdIHNwIDogYjNjMGJmNjAgIGlwIDogYjNjMGJmNDAgIGZwIDogYjNjMGJmOTQNClsgICA0Mi41MTc1MjhdIHIxMDogMDAwMDAwMDAgIHI5IDogMDAwMDAwMDAgIHI4IDogMDAwMDAwMDANClsgICA0Mi41MjQwNDRdIHI3IDogMDAwMDAwMDAgIHI2IDogMDAwMDAwMDAgIHI1IDogZmZmZmZmZmYgIHI0IDogYjNjMjgwODANClsgICA0Mi41MzE4NjhdIHIzIDogYjNjMjgyMDAgIHIyIDogMDAwMDAzZTggIHIxIDogMDAwMDAwMDEgIHIwIDogYjNjMjgwODANClsgICA0Mi41Mzk2NDhdIEZsYWdzOiBOemN2ICBJUlFzIG9uICBGSVFzIG9uICBNb2RlIFNWQ18zMiAgSVNBIEFSTSAgU2VnbWVudCB1c2VyDQpbICAgNDIuNTQ4MDQwXSBDb250cm9sOiAxMGM1MzgzZCAgVGFibGU6IDMzYzkwMDZhICBEQUM6IDAwMDAwMDU1DQpbICAgNDIuNTU1MDQ1XSBQcm9jZXNzIHRyeW1lIChwaWQ6IDQzOCwgc3RhY2sgbGltaXQgPSAweDcwMDJiNDViKQ0KWyAgIDQyLjU2MjEzMl0gU3RhY2s6ICgweGIzYzBiZjYwIHRvIDB4YjNjMGMwMDApDQpbICAgNDIuNTY3NzAzXSBiZjYwOiAwMDAwMDAwMyBiM2MyODIwMCAwMDAwMDAxMCAwMDAwMDAwMCAwMDAwMDAwMCAwMDAwMDAwMCAwMDAwMDBkMCA4MDEwMTFjNA0KWyAgIDQyLjU3ODI5M10gYmY4MDogYjNjMGEwMDAgMDAwMDAwZDAgYjNjMGJmYTQgYjNjMGJmOTggODAxMzUxYjAgODAxMzRmYjAgMDAwMDAwMDAgYjNjMGJmYTgNClsgICA0Mi41ODg4NzZdIGJmYTA6IDgwMTAxMDAwIDgwMTM1MWE0IDAwMDAwMDAwIDAwMDAwMDAwIDAwMDAwMDAwIDAwMDAwMDAwIDAwMDAwMDAwIDAwMDAwMDAwDQpbICAgNDIuNTk5NDU0XSBiZmMwOiAwMDAwMDAwMCAwMDAwMDAwMCAwMDAwMDAwMCAwMDAwMDBkMCAwMDAwMDAwMCAwMDAwMDAwMCAwMDAwMDAwMCA3ZWJkMGJjNA0KWyAgIDQyLjYxMDA2N10gYmZlMDogNzZmMDU2OTQgN2ViZDBiNzggMDAwMTA5NDAgMDAwMTA3MzggMDAwMDAwMTAgMDAwMDAwMDAgMDAwMDAwMDAgMDAwMDAwMDANClsgICA0Mi42MjA4MTJdIFs8ODAxNDUwYzg+XSAoY29tbWl0X2NyZWRzKSBmcm9tIFs8ODAxMzUxYjA+XSAoc3lzX3NldHJlc3VpZCsweDE4LzB4MWMpDQpbICAgNDIuNjMxMTU3XSBbPDgwMTM1MWIwPl0gKHN5c19zZXRyZXN1aWQpIGZyb20gWzw4MDEwMTAwMD5dIChyZXRfZmFzdF9zeXNjYWxsKzB4MC8weDI4KQ0KWyAgIDQyLjY0MTg2M10gRXhjZXB0aW9uIHN0YWNrKDB4YjNjMGJmYTggdG8gMHhiM2MwYmZmMCkNClsgICA0Mi42NDgzNzVdIGJmYTA6ICAgICAgICAgICAgICAgICAgIDAwMDAwMDAwIDAwMDAwMDAwIDAwMDAwMDAwIDAwMDAwMDAwIDAwMDAwMDAwIDAwMDAwMDAwDQpbICAgNDIuNjU5NDkxXSBiZmMwOiAwMDAwMDAwMCAwMDAwMDAwMCAwMDAwMDAwMCAwMDAwMDBkMCAwMDAwMDAwMCAwMDAwMDAwMCAwMDAwMDAwMCA3ZWJkMGJjNA0KWyAgIDQyLjY3MDY0NF0gYmZlMDogNzZmMDU2OTQgN2ViZDBiNzggMDAwMTA5NDAgMDAwMTA3MzgNClsgICA0Mi42NzcyMThdIENvZGU6IGUxNWMwMDAzIDBhMDAwMDUwIGU1OTYwMzI4IGUzNTAwMDAwICgwYTAwMDAwMykgDQoNDQoHTWVzc2FnZSBmcm9tIHN5WyAgIDQyLjY4NDkwNl0gLS0tWyBlbmQgdHJhY2UgZjVlODdiMTQyYmI0NWU4YiBdLS0tDQpzbG9nZEByYXNwYmVycnlwaSBhdCBTZXAgMjYgMDU6MjU6MDkgLi4uDQ0KIGtlcm5lbDpbICAgNDIuNTU1MDQ1XSBQcm9jZXNzIHRyeW1lIChwaWQ6IDQzOCwgc3RhY2sgbGltaXQgPSAweDcwMDJiNDViKQ0KDQ0NCgdNZXNzYWdlIGZyb20gc3lzbG9nZEByYXNwYmVycnlwaSBhdCBTZXAgMjYgMDU6MjU6MDkgLi4uDQ0KIGtlcm5lbDpbICAgNDIuNTYyMTMyXSBTdGFjazogKDB4YjNjMGJmNjAgdG8gMHhiM2MwYzAwMCkNCg0NDQoHTWVzc2FnZSBmcm9tIHN5c2xvZ2RAcmFzcGJlcnJ5cGkgYXQgU2VwIDI2IDA1OjI1OjA5IC4uLg0NCiBrZXJuZWw6WyAgIDQyLjU2NzcwM10gYmY2MDogMDAwMDAwMDMgYjNjMjgyMDAgMDAwMDAwMTAgMDAwMDAwMDAgMDAwMDAwMDAgMDAwMDAwMDAgMDAwMDAwZDAgODAxMDExYzQNCg0NDQoHTWVzc2FnZSBmcm9tIHN5c2xvZ2RAcmFzcGJlcnJ5cGkgYXQgU2VwIDI2IDA1OjI1OjA5IC4uLg0NCiBrZXJuZWw6WyAgIDQyLjU3ODI5M10gYmY4MDogYjNjMGEwMDAgMDAwMDAwZDAgYjNjMGJmYTQgYjNjMGJmOTggODAxMzUxYjAgODAxMzRmYjAgMDAwMDAwMDAgYjNjMGJmYTgNCg0NDQoHTWVzc2FnZSBmcm9tIHN5c2xvZ2RAcmFzcGJlcnJ5cGkgYXQgU2VwIDI2IDA1OjI1OjA5IC4uLg0NCiBrZXJuZWw6WyAgIDQyLjU4ODg3Nl0gYmZhMDogODAxMDEwMDAgODAxMzUxYTQgMDAwMDAwMDAgMDAwMDAwMDAgMDAwMDAwMDAgMDAwMDAwMDAgMDAwMDAwMDAgMDAwMDAwMDANCg0NDQoHTWVzc2FnZSBmcm9tIHN5c2xvZ2RAcmFzcGJlcnJ5cGkgYXQgU2VwIDI2IDA1OjI1OjA5IC4uLg0NCiBrZXJuZWw6WyAgIDQyLjU5OTQ1NF0gYmZjMDogMDAwMDAwMDAgMDAwMDAwMDAgMDAwMDAwMDAgMDAwMDAwZDAgMDAwMDAwMDAgMDAwMDAwMDAgMDAwMDAwMDAgN2ViZDBiYzQNCg0NDQoHTWVzc2FnZSBmcm9tIHN5c2xvZ2RAcmFzcGJlcnJ5cGkgYXQgU2VwIDI2IDA1OjI1OjA5IC4uLg0NCiBrZXJuZWw6WyAgIDQyLjYxMDA2N10gYmZlMDogNzZmMDU2OTQgN2ViZDBiNzggMDAwMTA5NDAgMDAwMTA3MzggMDAwMDAwMTAgMDAwMDAwMDAgMDAwMDAwMDAgMDAwMDAwMDANCg0NDQoHTWVzc2FnZSBmcm9tIHN5c2xvZ2RAcmFzcGJlcnJ5cGkgYXQgU2VwIDI2IDA1OjI1OjA5IC4uLg0NCiBrZXJuZWw6WyAgIDQyLjY3NzIxOF0gQ29kZTogZTE1YzAwMDMgMGEwMDAwNTAgZTU5NjAzMjggZTM1MDAwMDAgKDBhMDAwMDAzKSANCg1TZWdtZW50YXRpb24gZmF1bHQNCnBpQHJhc3BiZXJyeXBpOn4kIA=='
193,137,b'Li90cnltZQ0KNjI1MDAwMA0KZ3JpOjEwMDAvMTAwMC8xMDAwcGlAcmFzcGJlcnJ5cGk6fiQg'
193,138,b'Li90cnltZQ0KNjI1MDAwMA0KZ3JpOjEwMDAvMTAwMC8xMDAwcGlAcmFzcGJlcnJ5cGk6fiQg'
193,139,b'Li90cnltZQ0KNjI1MDAwMA0KZ3JpOjEwMDAvMTAwMC8xMDAwcGlAcmFzcGJlcnJ5cGk6fiQg'
193,142,b'Li90cnltZQ0KNjI1MDAwMA0KZ3JpOjEwMDAvMTAwMC8xMDAwcGlAcmFzcGJlcnJ5cGk6fiQg'
193,142,b'Li90cnltZQ0KWyAgIDQ2LjE5NDEzM10gVW5hYmxlIHRvIGhhbmRsZSBrZXJuZWwgTlVMTCBwb2ludGVyIGRlcmVmZXJlbmNlIGF0IHZpcnR1YWwgYWRkcmVzcyAwMDAwMDMyOA0KWyAgIDQ2LjE5NDYzN10gVW5hYmxlIHRvIGhhbmRsZSBrZXJuZWwgTlVMTCBwb2ludGVyIGRlcmVmZXJlbmNlIGF0IHZpcnR1YWwgYWRkcmVzcyAwMDAwMDMyOA0KWyAgIDQ2LjIwNTI2OV0gcGdkID0gZWRkYTU4YzQNClsgICA0Ni4yMjE2MzVdIFswMDAwMDMyOF0gKnBnZD0zNTcxMjgzNSwgKnB0ZT0wMDAwMDAwMCwgKnBwdGU9MDAwMDAwMDANClsgICA0Ni4yMzEyMzFdIEludGVybmFsIGVycm9yOiBPb3BzOiAxNyBbIzJdIFNNUCBBUk0NClsgICA0Ni4yMzEzMDRdIFVuYWJsZSB0byBoYW5kbGUga2VybmVsIHBhZ2luZyByZXF1ZXN0IGF0IHZpcnR1YWwgYWRkcmVzcyAwMDBjMDM5YQ0KWyAgIDQ2LjIzOTExMF0gTW9kdWxlcyBsaW5rZWQgaW46DQpbICAgNDYuMjQ5NTU3XSBwZ2QgPSBjMmFmODViNg0KWyAgIDQ2LjI0OTU1OV0gINyBS38oAyhLWFQpDQpbICAgNDYuMjQ5NTc2XSBVbmFibGUgdG8gaGFuZGxlIGtlcm5lbCBwYWdpbmcgcmVxdWVzdCBhdCB2aXJ0dWFsIGFkZHJlc3MgMjAwMDAxOGYNClsgICA0Ni4yNTU2NDhdIFswMDBjMDM5YV0gKnBnZD0wMDAwMDAwMA0KWyAgIDQ2LjI2MTI3Ml0gcGdkID0gZWRkYTU4YzQNClsgICA0Ni4yNzY3MTVdIFsyMDAwMDE4Zl0gKnBnZD0wMDAwMDAwMA0KWyAgIDQ2LjI5NDc0Ml0gSW50ZXJuYWwgZXJyb3I6IE9vcHM6IDUgWyMzXSBTTVAgQVJNDQpbICAgNDYuMzAxOTk0XSBNb2R1bGVzIGxpbmtlZCBpbjog3IFLfygDKEtYVCkNClsgICA0Ni4zMDIwMTBdIFVuYWJsZSB0byBoYW5kbGUga2VybmVsIHBhZ2luZyByZXF1ZXN0IGF0IHZpcnR1YWwgYWRkcmVzcyAyMDAwMDE4Zg0KWyAgIDQ2LjMxODU2MF0gcGdkID0gZWRkYTU4YzQNClsgICA0Ni4zMjM4MTNdIFsyMDAwMDE4Zl0gKnBnZD0wMDAwMDAwMA0KWyAgIDQ2LjMyOTkxOF0gSW50ZXJuYWwgZXJyb3I6IE9vcHM6IDUgWyM0XSBTTVAgQVJNDQpbICAgNDYuMzM3MDMwXSBNb2R1bGVzIGxpbmtlZCBpbjog3IFLfygDKEtYVCkNClsgICA0Ni4zMzcwNDRdIFVuYWJsZSB0byBoYW5kbGUga2VybmVsIHBhZ2luZyByZXF1ZXN0IGF0IHZpcnR1YWwgYWRkcmVzcyAyMDAwMDE4Zg0KWyAgIDQ2LjM1MzI1Nl0gcGdkID0gZWRkYTU4YzQNClsgICA0Ni4zNTgyNjFdIFsyMDAwMDE4Zl0gKnBnZD0wMDAwMDAwMA0KWyAgIDQ2LjM2NDE3NV0gSW50ZXJuYWwgZXJyb3I6IE9vcHM6IDUgWyM1XSBTTVAgQVJNDQpbICAgNDYuMzcxMTI3XSBNb2R1bGVzIGxpbmtlZCBpbjog3IFLfygDKEtYVCkNClsgICA0Ni4zNzExNDJdIFVuYWJsZSB0byBoYW5kbGUga2VybmVsIHBhZ2luZyByZXF1ZXN0IGF0IHZpcnR1YWwgYWRkcmVzcyAyMDAwMDE4Zg0KWyAgIDQ2LjM4NzEyOF0gcGdkID0gZWRkYTU4YzQNClsgICA0Ni4zOTIwNTRdIFsyMDAwMDE4Zl0gKnBnZD0wMDAwMDAwMA0KWyAgIDQ2LjM5NzkwMl0gSW50ZXJuYWwgZXJyb3I6IE9vcHM6IDUgWyM2XSBTTVAgQVJNDQpbICAgNDYuNDA0ODgwXSBNb2R1bGVzIGxpbmtlZCBpbjog3IFLfygDKEtYVCkNClsgICA0Ni40MDQ4OTRdIFVuYWJsZSB0byBoYW5kbGUga2VybmVsIHBhZ2luZyByZXF1ZXN0IGF0IHZpcnR1YWwgYWRkcmVzcyAyMDAwMDE4Zg0KWyAgIDQ2LjQyMDkwOV0gcGdkID0gZWRkYTU4YzQNClsgICA0Ni40MjU5MjNdIFsyMDAwMDE4Zl0gKnBnZD0wMDAwMDAwMA0KWyAgIDQ2LjQzMTg0M10gSW50ZXJuYWwgZXJyb3I6IE9vcHM6IDUgWyM3XSBTTVAgQVJNDQpbICAgNDYuNDM4ODM5XSBNb2R1bGVzIGxpbmtlZCBpbjog3IFLfygDKEtYVCkNClsgICA0Ni40Mzg4NTJdIFVuYWJsZSB0byBoYW5kbGUga2VybmVsIHBhZ2luZyByZXF1ZXN0IGF0IHZpcnR1YWwgYWRkcmVzcyAyMDAwMDE4Zg0KWyAgIDQ2LjQ1NDk5NV0gcGdkID0gZWRkYTU4YzQNClsgICA0Ni40NTk5OThdIFsyMDAwMDE4Zl0gKnBnZD0wMDAwMDAwMA0KWyAgIDQ2LjQ2NTkwNV0gSW50ZXJuYWwgZXJyb3I6IE9vcHM6IDUgWyM4XSBTTVAgQVJNDQpbICAgNDYuNDcyODkwXSBNb2R1bGVzIGxpbmtlZCBpbjog3IFLfygDKEtYVCkNClsgICA0Ni40NzI5MDRdIFVuYWJsZSB0byBoYW5kbGUga2VybmVsIHBhZ2luZyByZXF1ZXN0IGF0IHZpcnR1YWwgYWRkcmVzcyAyMDAwMDE4Zg0KWyAgIDQ2LjQ4OTA0MV0gcGdkID0gZWRkYTU4YzQNClsgICA0Ni40OTQwNDJdIFsyMDAwMDE4Zl0gKnBnZD0wMDAwMDAwMA0KWyAgIDQ2LjQ5OTk1Ml0gSW50ZXJuYWwgZXJyb3I6IE9vcHM6IDUgWyM5XSBTTVAgQVJNDQpbICAgNDYuNTA2OTM0XSBNb2R1bGVzIGxpbmtlZCBpbjog3IFLfygDKEtYVCkNClsgICA0Ni41MDY5NDhdIFVuYWJsZSB0byBoYW5kbGUga2VybmVsIHBhZ2luZyByZXF1ZXN0IGF0IHZpcnR1YWwgYWRkcmVzcyAyMDAwMDE4Zg0KWyAgIDQ2LjUyMzA4NF0gcGdkID0gZWRkYTU4YzQNClsgICA0Ni41MjgwODRdIFsyMDAwMDE4Zl0gKnBnZD0wMDAwMDAwMA0KWyAgIDQ2LjUzMzk4NF0gSW50ZXJuYWwgZXJyb3I6IE9vcHM6IDUgWyMxMF0gU01QIEFSTQ0KWyAgIDQ2LjU0MTA1M10gTW9kdWxlcyBsaW5rZWQgaW46INyBS38oAyhLWFQpDQpbICAgNDYuNTQxMDY2XSBVbmFibGUgdG8gaGFuZGxlIGtlcm5lbCBwYWdpbmcgcmVxdWVzdCBhdCB2aXJ0dWFsIGFkZHJlc3MgMjAwMDAxOGYNClsgICA0Ni41NTcxODddIHBnZCA9IGVkZGE1OGM0DQpbICAgNDYuNTYyMTc5XSBbMjAwMDAxOGZdICpwZ2Q9MDAwMDAwMDANClsgICA0Ni41NjgwODFdIEludGVybmFsIGVycm9yOiBPb3BzOiA1IFsjMTFdIFNNUCBBUk0NClsgICA0Ni41NzUxNTNdIE1vZHVsZXMgbGlua2VkIGluOiDcgUt/KAMoS1hUKQ0KWyAgIDQ2LjU3NTE2N10gVW5hYmxlIHRvIGhhbmRsZSBrZXJuZWwgcGFnaW5nIHJlcXVlc3QgYXQgdmlydHVhbCBhZGRyZXNzIDIwMDAwMThmDQpbICAgNDYuNTkxMzA1XSBwZ2QgPSBlZGRhNThjNA0KWyAgIDQ2LjU5NjMwNl0gWzIwMDAwMThmXSAqcGdkPTAwMDAwMDAwDQpbICAgNDYuNjAyMjE2XSBJbnRlcm5hbCBlcnJvcjogT29wczogNSBbIzEyXSBTTVAgQVJNDQpbICAgNDYuNjA5Mjk3XSBNb2R1bGVzIGxpbmtlZCBpbjog3IFLfygDKEtYVCkNClsgICA0Ni42MDkzMTFdIFVuYWJsZSB0byBoYW5kbGUga2VybmVsIHBhZ2luZyByZXF1ZXN0IGF0IHZpcnR1YWwgYWRkcmVzcyAyMDAwMDE4Zg0KWyAgIDQ2LjYyNTQ1NV0gcGdkID0gZWRkYTU4YzQNClsgICA0Ni42MzA0NTZdIFsyMDAwMDE4Zl0gKnBnZD0wMDAwMDAwMA0KWyAgIDQ2LjYzNjM2N10gSW50ZXJuYWwgZXJyb3I6IE9vcHM6IDUgWyMxM10gU01QIEFSTQ0KWyAgIDQ2LjY0MzQ1MF0gTW9kdWxlcyBsaW5rZWQgaW46INyBS38oAyhLWFQpDQpbICAgNDYuNjQzNDY0XSBVbmFibGUgdG8gaGFuZGxlIGtlcm5lbCBwYWdpbmcgcmVxdWVzdCBhdCB2aXJ0dWFsIGFkZHJlc3MgMjAwMDAxOGYNClsgICA0Ni42NTk2MTldIHBnZCA9IGVkZGE1OGM0DQpbICAgNDYuNjY0NjI2XSBbMjAwMDAxOGZdICpwZ2Q9MDAwMDAwMDANClsgICA0Ni42NzA1NDldIEludGVybmFsIGVycm9yOiBPb3BzOiA1IFsjMTRdIFNNUCBBUk0NCg=='
193,140,b'IC4vdHJ5bWUNCjYyNTAwMDANCmdyaToxMDAwLzEwMDAvMTAwMHBpQHJhc3BiZXJyeXBpOn4kIA=='
193,138,b'Li90cnltZQ0KWyAgIDQyLjQ5NDE4Ml0gS2VybmVsIHBhbmljIC0gbm90IHN5bmNpbmc6IHN0YWNrLXByb3RlY3RvcjogS2VybmVsIHN0YWNrIGlzIGNvcnJ1cHRlZCBpbjogdXBkYXRlX2Jsb2NrZWRfYXZlcmFnZXMrMHhhMDQvMHhhMDQNClsgICA0Mi40OTQxODJdIA0KWyAgIDQyLjUwOTUyOF0gQ1BVOiAxIFBJRDogNDIxIENvbW06IGJhc2ggVGFpbnRlZDogRyAgICAgICAgIEMgICAgICAgIDQuMTkuNzUtdjcrICMxMjcwDQpbICAgNDIuNTE5MTkzXSBIYXJkd2FyZSBuYW1lOiBCQ00yODM1DQpbICAgNDIuNTIzNTY5XSBbPDgwMTExZmNjPl0gKHVud2luZF9iYWNrdHJhY2UpIGZyb20gWzw4MDEwZDU0ND5dIChzaG93X3N0YWNrKzB4MjAvMHgyNCkNClsgICA0Mi41MzMzNDFdIFs8ODAxMGQ1NDQ+XSAoc2hvd19zdGFjaykgZnJvbSBbPDgwODE5YmMwPl0gKGR1bXBfc3RhY2srMHhkNC8weDExOCkNClsgICA0Mi41NDE4MTVdIFs8ODA4MTliYzA+XSAoZHVtcF9zdGFjaykgZnJvbSBbPDgwMTIwY2U0Pl0gKHBhbmljKzB4MTA0LzB4Mjg4KQ0KWyAgIDQyLjU0OTk1MF0gWzw4MDEyMGNlND5dIChwYW5pYykgZnJvbSBbPDgwMTIwN2U0Pl0gKHByaW50X3RhaW50ZWQrMHgwLzB4YTgpDQpbICAgNDIuNTU4MTIzXSBDUFUwOiBzdG9wcGluZw0KWyAgIDQyLjU2MTk3OV0gQ1BVOiAwIFBJRDogMCBDb21tOiBzd2FwcGVyLzAgVGFpbnRlZDogRyAgICAgICAgIEMgICAgICAgIDQuMTkuNzUtdjcrICMxMjcwDQpbICAgNDIuNTcyNDA2XSBIYXJkd2FyZSBuYW1lOiBCQ00yODM1DQpbICAgNDIuNTc3MDA1XSBbPDgwMTExZmNjPl0gKHVud2luZF9iYWNrdHJhY2UpIGZyb20gWzw4MDEwZDU0ND5dIChzaG93X3N0YWNrKzB4MjAvMHgyNCkNClsgICA0Mi41ODcxOThdIFs8ODAxMGQ1NDQ+XSAoc2hvd19zdGFjaykgZnJvbSBbPDgwODE5YmMwPl0gKGR1bXBfc3RhY2srMHhkNC8weDExOCkNClsgICA0Mi41OTU4NTldIFs8ODA4MTliYzA+XSAoZHVtcF9zdGFjaykgZnJvbSBbPDgwMTEwM2U0Pl0gKGhhbmRsZV9JUEkrMHgzODgvMHgzYTgpDQpbICAgNDIuNjA1ODIzXSBbPDgwMTEwM2U0Pl0gKGhhbmRsZV9JUEkpIGZyb20gWzw4MDEwMjFmND5dIChiY20yODM2X2FybV9pcnFjaGlwX2hhbmRsZV9pcnErMHhhMC8weGE0KQ0KWyAgIDQyLjYxNzQyOF0gWzw4MDEwMjFmND5dIChiY20yODM2X2FybV9pcnFjaGlwX2hhbmRsZV9pcnEpIGZyb20gWzw4MDEwMTliYz5dIChfX2lycV9zdmMrMHg1Yy8weDdjKQ0KWyAgIDQyLjYyODk5Nl0gRXhjZXB0aW9uIHN0YWNrKDB4ODBkMDFlZTggdG8gMHg4MGQwMWYzMCkNClsgICA0Mi42MzU0MTVdIDFlZTA6ICAgICAgICAgICAgICAgICAgIDgwMTA5YTg0IDAwMDAwMDAwIDQwMDAwMDkzIDQwMDAwMDkzIDgwZDA0ZDcwIDgwZDAwMDAwDQpbICAgNDIuNjQ2MzM0XSAxZjAwOiA4MGQwNGRiOCAwMDAwMDAwMSA4MGQ4ZWQzZSBiYWJmZjljMCA4MGM2NGEzOCA4MGQwMWY0NCA4MGQwNTE3YyA4MGQwMWYzOA0KWyAgIDQyLjY1NzIzNV0gMWYyMDogMDAwMDAwMDAgODAxMDlhODggNDAwMDAwMTMgZmZmZmZmZmYNClsgICA0Mi42NjM2ODJdIFs8ODAxMDE5YmM+XSAoX19pcnFfc3ZjKSBmcm9tIFs8ODAxMDlhODg+XSAoYXJjaF9jcHVfaWRsZSsweDM0LzB4NGMpDQpbICAgNDIuNjczODM1XSBbPDgwMTA5YTg4Pl0gKGFyY2hfY3B1X2lkbGUpIGZyb20gWzw4MDgzNmMxYz5dIChkZWZhdWx0X2lkbGVfY2FsbCsweDM0LzB4NDgpDQpbICAgNDIuNjg0NzcwXSBbPDgwODM2YzFjPl0gKGRlZmF1bHRfaWRsZV9jYWxsKSBmcm9tIFs8ODAxNTI2ZDg+XSAoZG9faWRsZSsweGVjLzB4MTdjKQ0KWyAgIDQyLjY5NTM2NV0gWzw4MDE1MjZkOD5dIChkb19pZGxlKSBmcm9tIFs8ODAxNTJhMjg+XSAoY3B1X3N0YXJ0dXBfZW50cnkrMHgyOC8weDJjKQ0KWyAgIDQyLjcwNTg3OF0gWzw4MDE1MmEyOD5dIChjcHVfc3RhcnR1cF9lbnRyeSkgZnJvbSBbPDgwODMwMmM4Pl0gKHJlc3RfaW5pdCsweGJjLzB4YzApDQpbICAgNDIuNzE2NjQwXSBbPDgwODMwMmM4Pl0gKHJlc3RfaW5pdCkgZnJvbSBbPDgwYzAwZmIwPl0gKHN0YXJ0X2tlcm5lbCsweDQ4NC8weDRiNCkNClsgICA0Mi43MjcxMzNdIENQVTI6IHN0b3BwaW5nDQpbICAgNDIuNzMxMjc0XSBDUFU6IDIgUElEOiAwIENvbW06IHN3YXBwZXIvMiBUYWludGVkOiBHICAgICAgICAgQyAgICAgICAgNC4xOS43NS12NysgIzEyNzANClsgICA0Mi43NDIxNjFdIEhhcmR3YXJlIG5hbWU6IEJDTTI4MzUNClsgICA0Mi43NDY5NjNdIFs8ODAxMTFmY2M+XSAodW53aW5kX2JhY2t0cmFjZSkgZnJvbSBbPDgwMTBkNTQ0Pl0gKHNob3dfc3RhY2srMHgyMC8weDI0KQ0KWyAgIDQyLjc1NzU1MF0gWzw4MDEwZDU0ND5dIChzaG93X3N0YWNrKSBmcm9tIFs8ODA4MTliYzA+XSAoZHVtcF9zdGFjaysweGQ0LzB4MTE4KQ0KWyAgIDQyLjc2NjM3MF0gWzw4MDgxOWJjMD5dIChkdW1wX3N0YWNrKSBmcm9tIFs8ODAxMTAzZTQ+XSAoaGFuZGxlX0lQSSsweDM4OC8weDNhOCkNClsgICA0Mi43NzY1ODldIFs8ODAxMTAzZTQ+XSAoaGFuZGxlX0lQSSkgZnJvbSBbPDgwMTAyMWY0Pl0gKGJjbTI4MzZfYXJtX2lycWNoaXBfaGFuZGxlX2lycSsweGEwLzB4YTQpDQpbICAgNDIuNzg4NDIwXSBbPDgwMTAyMWY0Pl0gKGJjbTI4MzZfYXJtX2lycWNoaXBfaGFuZGxlX2lycSkgZnJvbSBbPDgwMTAxOWJjPl0gKF9faXJxX3N2YysweDVjLzB4N2MpDQpbICAgNDIuODAwMTU5XSBFeGNlcHRpb24gc3RhY2soMHhiOWQ0ZmYzOCB0byAweGI5ZDRmZjgwKQ0KWyAgIDQyLjgwNjYzNF0gZmYyMDogICAgICAgICAgICAgICAgICAgICAgICAgICAgICAgICAgICAgICAgICAgICAgICAgICAgICAgODAxMDlhODQgMDAwMDAwMDANClsgICA0Mi44MTc1MjJdIGZmNDA6IDQwMDAwMDkzIDQwMDAwMDkzIDgwZDA0ZDcwIGI5ZDRlMDAwIDgwZDA0ZGI4IDAwMDAwMDA0IDgwZDhlZDNlIDQxMGZkMDM0DQpbICAgNDIuODI4MzU5XSBmZjYwOiAwMDAwMDAwMCBiOWQ0ZmY5NCA4MGQwNTE3YyBiOWQ0ZmY4OCAwMDAwMDAwMCA4MDEwOWE4OCA0MDAwMDAxMyBmZmZmZmZmZg0KWyAgIDQyLjgzOTE5M10gWzw4MDEwMTliYz5dIChfX2lycV9zdmMpIGZyb20gWzw4MDEwOWE4OD5dIChhcmNoX2NwdV9pZGxlKzB4MzQvMHg0YykNClsgICA0Mi44NDkzNDBdIFs8ODAxMDlhODg+XSAoYXJjaF9jcHVfaWRsZSkgZnJvbSBbPDgwODM2YzFjPl0gKGRlZmF1bHRfaWRsZV9jYWxsKzB4MzQvMHg0OCkNClsgICA0Mi44NjAyODldIFs8ODA4MzZjMWM+XSAoZGVmYXVsdF9pZGxlX2NhbGwpIGZyb20gWzw4MDE1MjZkOD5dIChkb19pZGxlKzB4ZWMvMHgxN2MpDQpbICAgNDIuODcwODUwXSBbPDgwMTUyNmQ4Pl0gKGRvX2lkbGUpIGZyb20gWzw4MDE1MmEyOD5dIChjcHVfc3RhcnR1cF9lbnRyeSsweDI4LzB4MmMpDQpbICAgNDIuODgxMzU0XSBbPDgwMTUyYTI4Pl0gKGNwdV9zdGFydHVwX2VudHJ5KSBmcm9tIFs8ODAxMGZkZTg+XSAoc2Vjb25kYXJ5X3N0YXJ0X2tlcm5lbCsweDEzNC8weDE0MCkNClsgICA0Mi44OTM0MTFdIFs8ODAxMGZkZTg+XSAoc2Vjb25kYXJ5X3N0YXJ0X2tlcm5lbCkgZnJvbSBbPDAwMTAyNzBjPl0gKDB4MTAyNzBjKQ0K'
193,150,b'IC4vdHJ5bWUNCjYyNTAwMDANCmdyaToxMDAwLzEwMDAvMTAwMHBpQHJhc3BiZXJyeXBpOn4kIA=='
193,139,b'Li90cnltZQ0KWyAgIDQyLjM3NDE3M10gVW5hYmxlIHRvIGhhbmRsZSBrZXJuZWwgcGFnaW5nIHJlcXVlc3QgYXQgdmlydHVhbCBhZGRyZXNzIDM5NmYwMDMwDQpbICAgNDIuMzgyNDQwXSBwZ2QgPSA1NDJlNzRhNg0KWyAgIDQyLjM4NjA0OF0gWzM5NmYwMDMwXSAqcGdkPTAwMDAwMDAwDQpbICAgNDIuMzkwNTMxXSBJbnRlcm5hbCBlcnJvcjogT29wczogNSBbIzFdIFNNUCBBUk0NClsgICA0Mi4zOTYwODVdIE1vZHVsZXMgbGlua2VkIGluOiBibmVwIGhjaV91YXJ0IGJ0YmNtIHNlcmRldiBibHVldG9vdGggZWNkaF9nZW5lcmljIHNoYTI1Nl9nZW5lcmljIGNmZzgwMjExIHJma2lsbCA4MDIxcSBnYXJwIHN0cCBsbGMgcmFzcGJlcnJ5cGlfaHdtb24gaHdtb24gc25kX2JjbTI4MzUoQykgc25kX3BjbSBiY20yODM1X3Y0bDIoQykgYmNtMjgzNV9jb2RlYyhDKSB2NGwyX2NvbW1vbiBzbmRfdGltZXIgdjRsMl9tZW0ybWVtIHZpZGVvYnVmMl92bWFsbG9jIGJjbTI4MzVfbW1hbF92Y2hpcShDKSBzbmQgdmlkZW9idWYyX2RtYV9jb250aWcgdmlkZW9idWYyX21lbW9wcyB2aWRlb2J1ZjJfdjRsMiB2aWRlb2J1ZjJfY29tbW9uIHZpZGVvZGV2IHZjX3NtX2NtYShDKSBtZWRpYSBmaXhlZCB1aW9fcGRydl9nZW5pcnEgdWlvIGlwX3RhYmxlcyB4X3RhYmxlcyBpcHY2DQpbICAgNDIuNDQxMTc4XSBDUFU6IDMgUElEOiA0MzggQ29tbTogdHJ5bWUgVGFpbnRlZDogRyAgICAgICAgIEMgICAgICAgIDQuMTkuNzUtdjcrICMxMjcwDQpbICAgNDIuNDUxMzg5XSBIYXJkd2FyZSBuYW1lOiBCQ00yODM1DQpbICAgNDIuNDU2MDA2XSBQQyBpcyBhdCBfX2NhbGxfcmN1LmNvbnN0cHJvcC4xMSsweDUwLzB4Mjg0DQpbICAgNDIuNDYyNTA2XSBMUiBpcyBhdCAgIChudWxsKQ0KWyAgIDQyLjQ2NjY3MV0gcGMgOiBbPDgwMThlZThjPl0gICAgbHIgOiBbPDAwMDAwMDAwPl0gICAgcHNyOiA0MDAwMDA5Mw0KWyAgIDQyLjQ3NDIxNF0gc3AgOiBiMzhlOWYwMCAgaXAgOiBiMzhlODAwMCAgZnAgOiBiMzhlOWYyYw0KWyAgIDQyLjQ4MDY4Nl0gcjEwOiAwMDAwMDAwMCAgcjkgOiAwMDAwMDAwMCAgcjggOiBiNTQxYTI3MA0KWyAgIDQyLjQ4NzE1N10gcjcgOiA4MGQxMDc4MCAgcjYgOiAzOTZmMDAwMCAgcjUgOiA2MDAwMDAxMyAgcjQgOiA4MDE0NGQ2NA0KWyAgIDQyLjQ5NDk2OF0gcjMgOiAzOTZmMDAwMCAgcjIgOiBiMzhlOWVhMCAgcjEgOiAwMDAwMDAwMCAgcjAgOiAzOTZmMDAwMA0KWyAgIDQyLjUwMjc1OV0gRmxhZ3M6IG5aY3YgIElSUXMgb2ZmICBGSVFzIG9uICBNb2RlIFNWQ18zMiAgSVNBIEFSTSAgU2VnbWVudCB1c2VyDQpbICAgNDIuNTExMjUyXSBDb250cm9sOiAxMGM1MzgzZCAgVGFibGU6IDMzOGNjMDZhICBEQUM6IDAwMDAwMDU1DQpbICAgNDIuNTE4MjMyXSBQcm9jZXNzIHRyeW1lIChwaWQ6IDQzOCwgc3RhY2sgbGltaXQgPSAweDM0YWEzNDk4KQ0KWyAgIDQyLjUyNTMyM10gU3RhY2s6ICgweGIzOGU5ZjAwIHRvIDB4YjM4ZWEwMDApDQpbICAgNDIuNTMwOTE0XSA5ZjAwOiAwMDAwMDAwMCBiNTQxYTIwMCBmZmZmZmZmZiAwMDAwMDAwMCAwMDAwMDAwMCAwMDAwMDAwMCAwMDAwMDAwMCAwMDAwMDAwMA0KWyAgIDQyLjU0MTU1MF0gOWYyMDogYjM4ZTlmM2MgYjM4ZTlmMzAgODAxOGYxMzggODAxOGVlNGMgYjM4ZTlmNGMgYjM4ZTlmNDAgODAxNDRlYzQgODAxOGYxMjANClsgICA0Mi41NTIxODBdIDlmNDA6IGIzOGU5ZjVjIGIzOGU5ZjUwIDgwMTQ1MzIwIDgwMTQ0ZTY4IGIzOGU5Zjk0IGIzOGU5ZjYwIDgwMTM1MTBjIDgwMTQ1MmUwDQpbICAgNDIuNTY0NDc3XSA5ZjYwOiAwMDAwMDAwMyBiNTQxYTAwMCAwMDAwMDAxMCAwMDAwMDAwMCAwMDAwMDAwMCAwMDAwMDAwMCAwMDAwMDBkMCA4MDEwMTFjNA0KWyAgIDQyLjU3ODI4M10gOWY4MDogYjM4ZTgwMDAgMDAwMDAwZDAgYjM4ZTlmYTQgYjM4ZTlmOTggODAxMzUxYjAgODAxMzRmYjAgMDAwMDAwMDAgYjM4ZTlmYTgNClsgICA0Mi41OTIzNTJdIDlmYTA6IDgwMTAxMDAwIDgwMTM1MWE0IDAwMDAwMDAwIDAwMDAwMDAwIDAwMDAwMDAwIDAwMDAwMDAwIDAwMDAwMDAwIDAwMDAwMDAwDQpbICAgNDIuNjA2Njk4XSA5ZmMwOiAwMDAwMDAwMCAwMDAwMDAwMCAwMDAwMDAwMCAwMDAwMDBkMCAwMDAwMDAwMCAwMDAwMDAwMCAwMDAwMDAwMCA3ZWJiOWJjNA0KWyAgIDQyLjYyMTI3NV0gOWZlMDogNzZmMGE2OTQgN2ViYjliNzggMDAwMTA5NDAgMDAwMTA3MzggMDAwMDAwMTAgMDAwMDAwMDAgMDAwMDAwMDAgMDAwMDAwMDANClsgICA0Mi42MzYxODVdIFs8ODAxOGVlOGM+XSAoX19jYWxsX3JjdS5jb25zdHByb3AuMTEpIGZyb20gWzw4MDE4ZjEzOD5dIChyY3Vfcm5wX29ubGluZV9jcHVzKzB4MC8weDFjKQ0KWyAgIDQyLjY1MjEzMl0gWzw4MDE4ZjEzOD5dIChyY3Vfcm5wX29ubGluZV9jcHVzKSBmcm9tIFs8ODAxNDRlYzQ+XSAoX19wdXRfY3JlZCsweDY4LzB4ODApDQpbICAgNDIuNjY3MTc1XSBbPDgwMTQ0ZWM0Pl0gKF9fcHV0X2NyZWQpIGZyb20gWzw4MDE0NTMyMD5dIChhYm9ydF9jcmVkcysweDRjLzB4NTQpDQpbICAgNDIuNjc2MTQ1XSBbPDgwMTQ1MzIwPl0gKGFib3J0X2NyZWRzKSBmcm9tIFs8ODAxMzUxMGM+XSAoX19zeXNfc2V0cmVzdWlkKzB4MTY4LzB4MWY0KQ0KWyAgIDQyLjY4NzE3MF0gWzw4MDEzNTEwYz5dIChfX3N5c19zZXRyZXN1aWQpIGZyb20gWzw4MDEzNTFiMD5dIChzeXNfc2V0cmVzdWlkKzB4MTgvMHgxYykNClsgICA0Mi42OTgyMDJdIFs8ODAxMzUxYjA+XSAoc3lzX3NldHJlc3VpZCkgZnJvbSBbPDgwMTAxMDAwPl0gKHJldF9mYXN0X3N5c2NhbGwrMHgwLzB4MjgpDQpbICAgNDIuNzA5MjM1XSBFeGNlcHRpb24gc3RhY2soMHhiMzhlOWZhOCB0byAweGIzOGU5ZmYwKQ0KWyAgIDQyLjcxNTg1MF0gOWZhMDogICAgICAgICAgICAgICAgICAgMDAwMDAwMDAgMDAwMDAwMDAgMDAwMDAwMDAgMDAwMDAwMDAgMDAwMDAwMDAgMDAwMDAwMDANClsgICA0Mi43MjcwODNdIDlmYzA6IDAwMDAwMDAwIDAwMDAwMDAwIDAwMDAwMDAwIDAwMDAwMGQwIDAwMDAwMDAwIDAwMDAwMDAwIDAwMDAwMDAwIDdlYmI5YmM0DQpbICAgNDIuNzM4Mjk5XSA5ZmUwOiA3NmYwYTY5NCA3ZWJiOWI3OCAwMDAxMDk0MCAwMDAxMDczOA0KWyAgIDQyLjc0NDg3Ml0gQ29kZTogZWIwMWNjM2UgZTU5NzYxNDggZWUxZDNmOTAgZTA4MzYwMDYgKGU1OTYzMDMwKSANClsgICA0Mi43NTI0OTNdIC0tLVsgZW5kIHRyYWNlIGZhNTY2NGNlYmMzM2M2MDIgXS0tLQ0KDQ0KB01lc3NhZ2UgZnJvbSBzeXNsb2dkQHJhc3BiZXJyeXBpIGF0IFNlcCAyNiAwNToyNTowOSAuLi4NDQoga2VybmVsOlsgICA0Mi4zOTA1MzFdIEludGVybmFsIGVycm9yOiBPb3BzOiA1IFsjMV0gU01QIEFSTQ0KDQ0NCgdNZXNzYWdlIGZyb20gc3lzbG9nZEByYXNwYmVycnlwaSBhdCBTZXAgMjYgMDU6MjU6MDkgLi4uDQ0KIGtlcm5lbDpbICAgNDIuNTE4MjMyXSBQcm9jZXNzIHRyeW1lIChwaWQ6IDQzOCwgc3RhY2sgbGltaXQgPSAweDM0YWEzNDk4KQ0KDQ0NCgdNZXNzYWdlIGZyb20gc3lzbG9nZEByYXNwYmVycnlwaSBhdCBTZXAgMjYgMDU6MjU6MDkgLi4uDQ0KIGtlcm5lbDpbICAgNDIuNTI1MzIzXSBTdGFjazogKDB4YjM4ZTlmMDAgdG8gMHhiMzhlYTAwMCkNCg0NDQoHTWVzc2FnZSBmcm9tIHN5c2xvZ2RAcmFzcGJlcnJ5cGkgYXQgU2VwIDI2IDA1OjI1OjA5IC4uLg0NCiBrZXJuZWw6WyAgIDQyLjUzMDkxNF0gOWYwMDogMDAwMDAwMDAgYjU0MWEyMDAgZmZmZmZmZmYgMDAwMDAwMDAgMDAwMDAwMDAgMDAwMDAwMDAgMDAwMDAwMDAgMDAwMDAwMDANCg0NDQoHTWVzc2FnZSBmcm9tIHN5c2xvZ2RAcmFzcGJlcnJ5cGkgYXQgU2VwIDI2IDA1OjI1OjA5IC4uLg0NCiBrZXJuZWw6WyAgIDQyLjU0MTU1MF0gOWYyMDogYjM4ZTlmM2MgYjM4ZTlmMzAgODAxOGYxMzggODAxOGVlNGMgYjM4ZTlmNGMgYjM4ZTlmNDAgODAxNDRlYzQgODAxOGYxMjANCg1TZWdtZW50YXRpb24gZmF1bHQNCg0NCgdNZXNzYWdlIGZyb20gc3lzbG9nZEByYXNwYmVycnlwaSBhdCBTZXAgMjYgMDU6MjU6MDkgLi4uDQ0KIGtlcm5lbDpbICAgNDIuNTUyMTgwXSA5ZjQwOiBiMzhlOWY1YyBiMzhlOWY1MCA4MDE0NTMyMCA4MDE0NGU2OCBiMzhlOWY5NCBiMzhlOWY2MCA4MDEzNTEwYyA4MDE0NTJlMA0KDQ0NCgdNZXNzYWdlIGZyb20gc3lzbG9nZEByYXNwYmVycnlwaSBhdCBTZXAgMjYgMDU6MjU6MDkgLi4uDQ0KIGtlcm5lbDpbICAgNDIuNTY0NDc3XSA5ZjYwOiAwMDAwMDAwMyBiNTQxYTAwMCAwMDAwMDAxMCAwMDAwMDAwMCAwMDAwMDAwMCAwMDAwMDAwMCAwMDAwMDBkMCA4MDEwMTFjNA0KDQ0NCgdNZXNzYWdlIGZyb20gc3lzbG9nZEByYXNwYmVycnlwaSBhdCBTZXAgMjYgMDU6MjU6MDkgLi4uDQ0KIGtlcm5lbDpbICAgNDIuNTc4MjgzXSA5ZjgwOiBiMzhlODAwMCAwMDAwMDBkMCBiMzhlOWZhNCBiMzhlOWY5OCA4MDEzNTFiMCA4MDEzNGZiMCAwMDAwMDAwMCBiMzhlOWZhOA0KDQ0NCgdNZXNzYWdlIGZyb20gc3lzbG9nZEByYXNwYmVycnlwaSBhdCBTZXAgMjYgMDU6MjU6MDkgLi4uDQ0KIGtlcm5lbDpbICAgNDIuNTkyMzUyXSA5ZmEwOiA4MDEwMTAwMCA4MDEzNTFhNCAwMDAwMDAwMCAwMDAwMDAwMCAwMDAwMDAwMCAwMDAwMDAwMCAwMDAwMDAwMCAwMDAwMDAwMA0KDQ0NCgdNZXNzYWdlIGZyb20gc3lzbG9nZEByYXNwYmVycnlwaSBhdCBTZXAgMjYgMDU6MjU6MDkgLi4uDQ0KIGtlcm5lbDpbICAgNDIuNjA2Njk4XSA5ZmMwOiAwMDAwMDAwMCAwMDAwMDAwMCAwMDAwMDAwMCAwMDAwMDBkMCAwMDAwMDAwMCAwMDAwMDAwMCAwMDAwMDAwMCA3ZWJiOWJjNA0KDQ0NCgdNZXNzYWdlIGZyb20gc3lzbG9nZEByYXNwYmVycnlwaSBhdCBTZXAgMjYgMDU6MjU6MDkgLi4uDQ0KIGtlcm5lbDpbICAgNDIuNjIxMjc1XSA5ZmUwOiA3NmYwYTY5NCA3ZWJiOWI3OCAwMDAxMDk0MCAwMDAxMDczOCAwMDAwMDAxMCAwMDAwMDAwMCAwMDAwMDAwMCAwMDAwMDAwMA0KDQ0NCgdNZXNzYWdlIGZyb20gc3lzbG9nZEByYXNwYmVycnlwaSBhdCBTZXAgMjYgMDU6MjU6MDkgLi4uDQ0KIGtlcm5lbDpbICAgNDIuNzQ0ODcyXSBDb2RlOiBlYjAxY2MzZSBlNTk3NjE0OCBlZTFkM2Y5MCBlMDgzNjAwNiAoZTU5NjMwMzApIA0KDXBpQHJhc3BiZXJyeXBpOn4kIA=='
193,141,b'Li90cnltZQ0KNjI1MDAwMA0KZ3JpOjEwMDAvMTAwMC8xMDAwcGlAcmFzcGJlcnJ5cGk6fiQg'
193,154,b'Li90cnltZQ0KNjI1MDAwMA0KZ3JpOjEwMDAvMTAwMC8xMDAwcGlAcmFzcGJlcnJ5cGk6fiQg'
193,153,b'Li90cnltZQ0KNjI1MDAwMA0KZ3JpOjEwMDAvMTAwMC8xMDAwcGlAcmFzcGJlcnJ5cGk6fiQg'
193,141,b'Li90cnltZQ0KNjI1MDAwMA0KZ3JpOjEwMDAvMTAwMC8xMDAwcGlAcmFzcGJlcnJ5cGk6fiQg'
193,149,b'Li90cnltZQ0KNjI1MDAwMA0KZ3JpOjEwMDAvMTAwMC8xMDAwcGlAcmFzcGJlcnJ5cGk6fiQg'
193,151,b'Li90cnltZQ0KWyAgIDQ2LjkyNDA5M10gVW5hYmxlIHRvIGhhbmRsZSBrZXJuZWwgTlVMTCBwb2ludGVyIGRlcmVmZXJlbmNlIGF0IHZpcnR1YWwgYWRkcmVzcyAwMDAwMDMyOA0KWyAgIDQ2LjkzNTIwOV0gcGdkID0gOTBjMDJjMmINClsgICA0Ni45MzkyODBdIFswMDAwMDMyOF0gKnBnZD0zNTU1ZDgzNSwgKnB0ZT0wMDAwMDAwMCwgKnBwdGU9MDAwMDAwMDANCg0NCgdNZXNzYWdlIGZyb21bICAgNDYuOTQ3MDExXSBJbnRlcm5hbCBlcnJvcjogT29wczogMTcgWyMyXSBTTVAgQVJNDQogc3lzbG9nZEByYXNwYmVycnlwaSBhdCBTZXAgMjYgMDU6MjU6MTMgLi4uDQ0KIGtlcm5lbDpbICAgNDYuOTQ3MDExXSBJbnRlcm5hbCBlcnJvcjogT29wczogMTcgWyNbICAgNDYuOTUzNTYwXSBNb2R1bGVzIGxpbmtlZCBpbjogYm5lcCBoY2lfdWFydCBidGJjbSBzZXJkZXYgYmx1ZXRvb3RoIGVjZGhfZ2VuZXJpYyBzaGEyNTZfZ2VuZXJpYyBjZmc4MDIxMSByZmtpbGwgODAyMXEgZ2FycCBzdHAgbGxjIHJhc3BiZXJyeXBpX2h3bW9uIGh3bW9uIHNuZF9iY20yODM1KEMpIHNuZF9wY20gYmNtMjgzNV92NGwyKEMpIGJjbTI4MzVfY29kZWMoQykgdjRsMl9jb21tb24gc25kX3RpbWVyIHY0bDJfbWVtMm1lbSB2aWRlb2J1ZjJfdm1hbGxvYyBiY20yODM1X21tYWxfdmNoaXEoQykgc25kIHZpZGVvYnVmMl9kbWFfY29udGlnIHZpZGVvYnVmMl9tZW1vcHMgdmlkZW9idWYyX3Y0bDIgdmlkZW9idWYyX2NvbW1vbiB2aWRlb2RldiB2Y19zbV9jbWEoQykgbWVkaWEgZml4ZWQgdWlvX3BkcnZfZ2VuaXJxIHVpbyBpcF90YWJsZXMgeF90YWJsZXMgaXB2Ng0KMl0gU01QIEFSTQ0KDVsgICA0Ny4wMDA5ODRdIENQVTogMiBQSUQ6IDQ0NiBDb21tOiB0cnltZSBUYWludGVkOiBHICAgICAgRCAgQyAgICAgICAgNC4xOS43NS12NysgIzEyNzANClsgICA0Ny4wMTQ5MzVdIEhhcmR3YXJlIG5hbWU6IEJDTTI4MzUNClsgICA0Ny4wMjEzMzFdIFBDIGlzIGF0IGNvbW1pdF9jcmVkcysweDkwLzB4MjljDQpbICAgNDcuMDI4NTczXSBMUiBpcyBhdCBfX3N5c19zZXRyZXN1aWQrMHgxNjgvMHgxZjQNClsgICA0Ny4wMzYwNzldIHBjIDogWzw4MDE0NTBjOD5dICAgIGxyIDogWzw4MDEzNTEwYz5dICAgIHBzcjogODAwMDAwMTMNClsgICA0Ny4wNDUyNTNdIHNwIDogYjVkYTFmNjAgIGlwIDogYjVkYTFmNDAgIGZwIDogYjVkYTFmOTQNClsgICA0Ny4wNTMzNDddIHIxMDogMDAwMDAwMDAgIHI5IDogMDAwMDAwMDAgIHI4IDogMDAwMDAwMDANClsgICA0Ny4wNjE0MTJdIHI3IDogMDAwMDAwMDAgIHI2IDogMDAwMDAwMDAgIHI1IDogZmZmZmZmZmYgIHI0IDogYjdlNjg2ODANClsgICA0Ny4wNzA3ODRdIHIzIDogYjdlNjg2MDAgIHIyIDogMDAwMDAzZTggIHIxIDogMDAwMDAwMDEgIHIwIDogYjdlNjg2ODANClsgICA0Ny4wODAwNzZdIEZsYWdzOiBOemN2ICBJUlFzIG9uICBGSVFzIG9uICBNb2RlIFNWQ18zMiAgSVNBIEFSTSAgU2VnbWVudCB1c2VyDQpbICAgNDcuMDg5OTc5XSBDb250cm9sOiAxMGM1MzgzZCAgVGFibGU6IDM1NjBjMDZhICBEQUM6IDAwMDAwMDU1DQpbICAgNDcuMDk4NTE0XSBQcm9jZXNzIHRyeW1lIChwaWQ6IDQ0Niwgc3RhY2sgbGltaXQgPSAweGU4YjEyNzkyKQ0KWyAgIDQ3LjEwNTU5OF0gU3RhY2s6ICgweGI1ZGExZjYwIHRvIDB4YjVkYTIwMDApDQpbICAgNDcuMTExMTY1XSAxZjYwOiAwMDAwMDAwMyBiN2U2ODYwMCAwMDAwMDAxMCAwMDAwMDAwMCAwMDAwMDAwMCAwMDAwMDAwMCAwMDAwMDBkMCA4MDEwMTFjNA0KWyAgIDQ3LjEyMTc1Ml0gMWY4MDogYjVkYTAwMDAgMDAwMDAwZDAgYjVkYTFmYTQgYjVkYTFmOTggODAxMzUxYjAgODAxMzRmYjAgMDAwMDAwMDAgYjVkYTFmYTgNClsgICA0Ny4xMzIzMjldIDFmYTA6IDgwMTAxMDAwIDgwMTM1MWE0IDAwMDAwMDAwIDAwMDAwMDAwIDAwMDAwMDAwIDAwMDAwMDAwIDAwMDAwMDAwIDAwMDAwMDAwDQpbICAgNDcuMTQyOTIxXSAxZmMwOiAwMDAwMDAwMCAwMDAwMDAwMCAwMDAwMDAwMCAwMDAwMDBkMCAwMDAwMDAwMCAwMDAwMDAwMCAwMDAwMDAwMCA3ZWU1MGJjNA0KWyAgIDQ3LjE1MzU0Nl0gMWZlMDogNzZmMjY2OTQgN2VlNTBiNzggMDAwMTA5NDAgMDAwMTA3MzggMDAwMDAwMTAgMDAwMDAwMDAgMDAwMDAwMDAgMDAwMDAwMDANClsgICA0Ny4xNjQzMDRdIFs8ODAxNDUwYzg+XSAoY29tbWl0X2NyZWRzKSBmcm9tIFs8ODAxMzUxYjA+XSAoc3lzX3NldHJlc3VpZCsweDE4LzB4MWMpDQpbICAgNDcuMTc0NjYyXSBbPDgwMTM1MWIwPl0gKHN5c19zZXRyZXN1aWQpIGZyb20gWzw4MDEwMTAwMD5dIChyZXRfZmFzdF9zeXNjYWxsKzB4MC8weDI4KQ0KWyAgIDQ3LjE4NTM4M10gRXhjZXB0aW9uIHN0YWNrKDB4YjVkYTFmYTggdG8gMHhiNWRhMWZmMCkNClsgICA0Ny4xOTE5MDBdIDFmYTA6ICAgICAgICAgICAgICAgICAgIDAwMDAwMDAwIDAwMDAwMDAwIDAwMDAwMDAwIDAwMDAwMDAwIDAwMDAwMDAwIDAwMDAwMDAwDQpbICAgNDcuMjAzMDI4XSAxZmMwOiAwMDAwMDAwMCAwMDAwMDAwMCAwMDAwMDAwMCAwMDAwMDBkMCAwMDAwMDAwMCAwMDAwMDAwMCAwMDAwMDAwMCA3ZWU1MGJjNA0KWyAgIDQ3LjIxNDE4OV0gMWZlMDogNzZmMjY2OTQgN2VlNTBiNzggMDAwMTA5NDAgMDAwMTA3MzgNClsgICA0Ny4yMjA3NjVdIENvZGU6IGUxNWMwMDAzIDBhMDAwMDUwIGU1OTYwMzI4IGUzNTAwMDAwICgwYTAwMDAwMykgDQoNDQoHTWVzc2FnZSBmcm9tWyAgIDQ3LjIyODQ1Nl0gLS0tWyBlbmQgdHJhY2UgZmE1NjY0Y2ViYzMzYzYwMyBdLS0tDQogc3lzbG9nZEByYXNwYmVycnlwaSBhdCBTZXAgMjYgMDU6MjU6MTMgLi4uDQ0KIGtlcm5lbDpbICAgNDcuMDk4NTE0XSBQcm9jZXNzIHRyeW1lIChwaWQ6IDQ0Niwgc3RhY2sgbGltaXQgPSAweGU4YjEyNzkyKQ0KDQ0NCgdNZXNzYWdlIGZyb20gc3lzbG9nZEByYXNwYmVycnlwaSBhdCBTZXAgMjYgMDU6MjU6MTMgLi4uDQ0KIGtlcm5lbDpbICAgNDcuMTA1NTk4XSBTdGFjazogKDB4YjVkYTFmNjAgdG8gMHhiNWRhMjAwMCkNCg0NDQoHTWVzc2FnZSBmcm9tIHN5c2xvZ2RAcmFzcGJlcnJ5cGkgYXQgU2VwIDI2IDA1OjI1OjEzIC4uLg0NCiBrZXJuZWw6WyAgIDQ3LjExMTE2NV0gMWY2MDogMDAwMDAwMDMgYjdlNjg2MDAgMDAwMDAwMTAgMDAwMDAwMDAgMDAwMDAwMDAgMDAwMDAwMDAgMDAwMDAwZDAgODAxMDExYzQNCg0NDQoHTWVzc2FnZSBmcm9tIHN5c2xvZ2RAcmFzcGJlcnJ5cGkgYXQgU2VwIDI2IDA1OjI1OjEzIC4uLg0NCiBrZXJuZWw6WyAgIDQ3LjEyMTc1Ml0gMWY4MDogYjVkYTAwMDAgMDAwMDAwZDAgYjVkYTFmYTQgYjVkYTFmOTggODAxMzUxYjAgODAxMzRmYjAgMDAwMDAwMDAgYjVkYTFmYTgNCg0NDQoHTWVzc2FnZSBmcm9tIHN5c2xvZ2RAcmFzcGJlcnJ5cGkgYXQgU2VwIDI2IDA1OjI1OjEzIC4uLg0NCiBrZXJuZWw6WyAgIDQ3LjEzMjMyOV0gMWZhMDogODAxMDEwMDAgODAxMzUxYTQgMDAwMDAwMDAgMDAwMDAwMDAgMDAwMDAwMDAgMDAwMDAwMDAgMDAwMDAwMDAgMDAwMDAwMDANCg0NDQoHTWVzc2FnZSBmcm9tIHN5c2xvZ2RAcmFzcGJlcnJ5cGkgYXQgU2VwIDI2IDA1OjI1OjEzIC4uLg0NCiBrZXJuZWw6WyAgIDQ3LjE0MjkyMV0gMWZjMDogMDAwMDAwMDAgMDAwMDAwMDAgMDAwMDAwMDAgMDAwMDAwZDAgMDAwMDAwMDAgMDAwMDAwMDAgMDAwMDAwMDAgN2VlNTBiYzQNCg0NDQoHTWVzc2FnZSBmcm9tIHN5c2xvZ2RAcmFzcGJlcnJ5cGkgYXQgU2VwIDI2IDA1OjI1OjEzIC4uLg0NCiBrZXJuZWw6WyAgIDQ3LjE1MzU0Nl0gMWZlMDogNzZmMjY2OTQgN2VlNTBiNzggMDAwMTA5NDAgMDAwMTA3MzggMDAwMDAwMTAgMDAwMDAwMDAgMDAwMDAwMDAgMDAwMDAwMDANCg0NDQoHTWVzc2FnZSBmcm9tIHN5c2xvZ2RAcmFzcGJlcnJ5cGkgYXQgU2VwIDI2IDA1OjI1OjEzIC4uLg0NCiBrZXJuZWw6WyAgIDQ3LjIyMDc2NV0gQ29kZTogZTE1YzAwMDMgMGEwMDAwNTAgZTU5NjAzMjggZTM1MDAwMDAgKDBhMDAwMDAzKSANCg1TZWdtZW50YXRpb24gZmF1bHQNCnBpQHJhc3BiZXJyeXBpOn4kIFsgICA0Ny41OTE4MTZdIFZvbHRhZ2Ugbm9ybWFsaXNlZCAoMHgwMDAwMDAwMCkNCg=='
193,142,b'Li90cnltZQ0KNjI1MDAwMA0KZ3JpOjEwMDAvMTAwMC8xMDAwcGlAcmFzcGJlcnJ5cGk6fiQg'
193,151,b'Li90cnltZQ0KNjI1MDAwMA0KZ3JpOjEwMDAvMTAwMC8xMDAwcGlAcmFzcGJlcnJ5cGk6fiQg'
193,153,b'Li90cnltZQ0K'
193,135,b'IC4vdHJ5bWUNCjYyNTAwMDANCmdyaToxMDAwLzEwMDAvMTAwMHBpQHJhc3BiZXJyeXBpOn4kIA=='
