178,157,b'Li90cnltZQ0KNjI1MDAwMA0KcGlAcmFzcGJlcnJ5cGk6fiQg'
178,167,b'Li90cnltZQ0K'
178,160,b'IC4vdHJ5bWUNCjYyNTAwMDANCnBpQHJhc3BiZXJyeXBpOn4kIA=='
178,167,b'Li90cnltZQ0K'
178,149,b'IC4vdHJ5bWUNCjYyNTAwMDANCnBpQHJhc3BiZXJyeXBpOn4kIA=='
178,182,b'Li90cnltZQ0K'
178,171,b'IC4vdHJ5bWUNCjYyNTAwMDANCnBpQHJhc3BiZXJyeXBpOn4kIA=='
178,178,b'Li90cnltZQ0K'
178,142,b'IC4vdHJ5bWUNCjYyNTAwMDANCnBpQHJhc3BiZXJyeXBpOn4kIA=='
178,173,b'Li90cnltZQ0KWyAgIDQyLjI4NDE1Nl0gVW5hYmxlIHRvIGhhbmRsZSBrZXJuZWwgcGFnaW5nIHJlcXVlc3QgYXQgdmlydHVhbCBhZGRyZXNzIDAwMDI5NGE4DQpbICAgNDIuMjkyNDk4XSBwZ2QgPSA4ZDBlZmM3NQ0KWyAgIDQyLjI5NjExM10gWzAwMDI5NGE4XSAqcGdkPTM0MGRhODM1LCAqcHRlPTAwMDAwMDAwLCAqcHB0ZT0wMDAwMDAwMA0KDQ0KB01lc3NhZ2VbICAgNDIuMzAzNDIwXSBJbnRlcm5hbCBlcnJvcjogT29wczogMTcgWyMxXSBTTVAgQVJNDQogZnJvbSBzeXNsb2dkQHJhc3BiZXJyeXBpIGF0IFNlcCAyNiAwNToyNTowOCAuLi4NDQoga2VybmVsOlsgICA0Mi4zMDM0MjBdIEludGVyblsgICA0Mi4zMDk1NTldIE1vZHVsZXMgbGlua2VkIGluOiBibmVwIGhjaV91YXJ0IGJ0YmNtIHNlcmRldiBibHVldG9vdGggZWNkaF9nZW5lcmljIHNoYTI1Nl9nZW5lcmljIGNmZzgwMjExIHJma2lsbCA4MDIxcSBnYXJwIHN0cCBsbGMgc25kX2JjbTI4MzUoQykgYmNtMjgzNV9jb2RlYyhDKSByYXNwYmVycnlwaV9od21vbiBiY20yODM1X3Y0bDIoQykgaHdtb24gdjRsMl9tZW0ybWVtIHNuZF9wY20gYmNtMjgzNV9tbWFsX3ZjaGlxKEMpIHZpZGVvYnVmMl9kbWFfY29udGlnIHY0bDJfY29tbW9uIHZpZGVvYnVmMl92bWFsbG9jIHZpZGVvYnVmMl9tZW1vcHMgdmlkZW9idWYyX3Y0bDIgc25kX3RpbWVyIHZpZGVvYnVmMl9jb21tb24gc25kIHZpZGVvZGV2IG1lZGlhIHZjX3NtX2NtYShDKSBmaXhlZCB1aW9fcGRydl9nZW5pcnEgdWlvIGlwX3RhYmxlcyB4X3RhYmxlcyBpcHY2DQphbCBlcnJvcjogT29wczogMTcgWyMxXSBTTVAgQVJNDVsgICA0Mi4zNTU1NjddIENQVTogMSBQSUQ6IDQzNiBDb21tOiB0cnltZSBUYWludGVkOiBHICAgICAgICAgQyAgICAgICAgNC4xOS43NS12NysgIzEyNzANCgoNWyAgIDQyLjM2NjMxNF0gSGFyZHdhcmUgbmFtZTogQkNNMjgzNQ0KWyAgIDQyLjM3MDk5M10gUEMgaXMgYXQgbnNfY2FwYWJsZV9jb21tb24rMHg5NC8weGIwDQpbICAgNDIuMzc2OTI5XSBMUiBpcyBhdCAweGI0MTM2MDAwDQpbICAgNDIuMzgxMzI0XSBwYyA6IFs8ODAxMmIzYzQ+XSAgICBsciA6IFs8YjQxMzYwMDA+XSAgICBwc3I6IDIwMDAwMDEzDQpbICAgNDIuMzg4OTIyXSBzcCA6IGI0MTM3ZjQwICBpcCA6IDAwMDAwMDA3ICBmcCA6IGI0MTM3ZjRjDQpbICAgNDIuMzk1NDQ3XSByMTA6IDAwMDAwMDAwICByOSA6IDAwMDAwMDAwICByOCA6IDAwMDAwMDAwDQpbICAgNDIuNDAxOTY5XSByNyA6IDAwMDAwMDAwICByNiA6IDAwMDAwMDAwICByNSA6IDAwMDAwMDAwICByNCA6IGI0MDFkMjgwDQpbICAgNDIuNDA5ODE1XSByMyA6IDAwMDAwMDAxICByMiA6IDAwMDAwMDA3ICByMSA6IDgwZDBkNjQwICByMCA6IDAwMDI5MDAwDQpbICAgNDIuNDE3NjI5XSBGbGFnczogbnpDdiAgSVJRcyBvbiAgRklRcyBvbiAgTW9kZSBTVkNfMzIgIElTQSBBUk0gIFNlZ21lbnQgdXNlcg0KWyAgIDQyLjQyNjA1N10gQ29udHJvbDogMTBjNTM4M2QgIFRhYmxlOiAzNDEzODA2YSAgREFDOiAwMDAwMDA1NQ0KWyAgIDQyLjQzMzA2Ml0gUHJvY2VzcyB0cnltZSAocGlkOiA0MzYsIHN0YWNrIGxpbWl0ID0gMHgxZGRhYzJkYikNClsgICA0Mi40NDAxNTFdIFN0YWNrOiAoMHhiNDEzN2Y0MCB0byAweGI0MTM4MDAwKQ0KWyAgIDQyLjQ0NTcyMl0gN2Y0MDogYjQxMzdmNWMgYjQxMzdmNTAgODAxMmIzZmMgODAxMmIzM2MgYjQxMzdmOTQgYjQxMzdmNjAgODAxMzUwNzAgODAxMmIzZWMNClsgICA0Mi40NTYzMTNdIDdmNjA6IDAwMDAwMDAzIGI0MDFkMjAwIDAwMDAwMDEwIDAwMDAwMDAwIDAwMDAwMDAwIDAwMDAwMDAwIDAwMDAwMGQwIDgwMTAxMWM0DQpbICAgNDIuNDY2ODk3XSA3ZjgwOiBiNDEzNjAwMCAwMDAwMDBkMCBiNDEzN2ZhNCBiNDEzN2Y5OCA4MDEzNTFiMCA4MDEzNGZiMCAwMDAwMDAwMCBiNDEzN2ZhOA0KWyAgIDQyLjQ3NzQ3MV0gN2ZhMDogODAxMDEwMDAgODAxMzUxYTQgMDAwMDAwMDAgMDAwMDAwMDAgMDAwMDAwMDAgMDAwMDAwMDAgMDAwMDAwMDAgMDAwMDAwMDANClsgICA0Mi40ODgwODFdIDdmYzA6IDAwMDAwMDAwIDAwMDAwMDAwIDAwMDAwMDAwIDAwMDAwMGQwIDAwMDAwMDAwIDAwMDAwMDAwIDAwMDAwMDAwIDdlOWY5YmM0DQpbICAgNDIuNDk4ODE2XSA3ZmUwOiA3NmVmNDY5NCA3ZTlmOWI4OCAwMDAxMDg5NCAwMDAxMDcwNCAwMDAwMDAxMCAwMDAwMDAwMCAwMDAwMDAwMCAwMDAwMDAwMA0KWyAgIDQyLjUwOTY5M10gWzw4MDEyYjNjND5dIChuc19jYXBhYmxlX2NvbW1vbikgZnJvbSBbPDgwMTJiM2ZjPl0gKG5zX2NhcGFibGUrMHgxYy8weDIwKQ0KWyAgIDQyLjUyMDMxNl0gWzw4MDEyYjNmYz5dIChuc19jYXBhYmxlKSBmcm9tIFs8ODAxMzUwNzA+XSAoX19zeXNfc2V0cmVzdWlkKzB4Y2MvMHgxZjQpDQpbICAgNDIuNTMxMDM2XSBbPDgwMTM1MDcwPl0gKF9fc3lzX3NldHJlc3VpZCkgZnJvbSBbPDgwMTM1MWIwPl0gKHN5c19zZXRyZXN1aWQrMHgxOC8weDFjKQ0KWyAgIDQyLjU0MjAxMV0gWzw4MDEzNTFiMD5dIChzeXNfc2V0cmVzdWlkKSBmcm9tIFs8ODAxMDEwMDA+XSAocmV0X2Zhc3Rfc3lzY2FsbCsweDAvMHgyOCkNClsgICA0Mi41NTMwNTldIEV4Y2VwdGlvbiBzdGFjaygweGI0MTM3ZmE4IHRvIDB4YjQxMzdmZjApDQpbICAgNDIuNTU5NzAxXSA3ZmEwOiAgICAgICAgICAgICAgICAgICAwMDAwMDAwMCAwMDAwMDAwMCAwMDAwMDAwMCAwMDAwMDAwMCAwMDAwMDAwMCAwMDAwMDAwMA0KWyAgIDQyLjU3MDk4N10gN2ZjMDogMDAwMDAwMDAgMDAwMDAwMDAgMDAwMDAwMDAgMDAwMDAwZDAgMDAwMDAwMDAgMDAwMDAwMDAgMDAwMDAwMDAgN2U5ZjliYzQNClsgICA0Mi41ODIyNTRdIDdmZTA6IDc2ZWY0Njk0IDdlOWY5Yjg4IDAwMDEwODk0IDAwMDEwNzA0DQpbICAgNDIuNTg4ODUzXSBDb2RlOiBlMWEwMTAwMCBlMWEwMjAwYyBlM2EwMzAwMSBlNTllMDAwYyAoZTU5MDA0YTgpIA0KDQ0KB01lc3NhZ2UgZnJvbSBzeVsgICA0Mi41OTY1NTBdIC0tLVsgZW5kIHRyYWNlIDE2YjBiMDkxNTk5MmJmODUgXS0tLQ0Kc2xvZ2RAcmFzcGJlcnJ5cGkgYXQgU2VwIDI2IDA1OjI1OjA5IC4uLg0NCiBrZXJuZWw6WyAgIDQyLjQzMzA2Ml0gUHJvY2VzcyB0cnltZSAocGlkOiA0MzYsIHN0YWNrIGxpbWl0ID0gMHgxZGRhYzJkYikNCg0NDQoHTWVzc2FnZSBmcm9tIHN5c2xvZ2RAcmFzcGJlcnJ5cGkgYXQgU2VwIDI2IDA1OjI1OjA5IC4uLg0NCiBrZXJuZWw6WyAgIDQyLjQ0MDE1MV0gU3RhY2s6ICgweGI0MTM3ZjQwIHRvIDB4YjQxMzgwMDApDQoNDQ0KB01lc3NhZ2UgZnJvbSBzeXNsb2dkQHJhc3BiZXJyeXBpIGF0IFNlcCAyNiAwNToyNTowOSAuLi4NDQoga2VybmVsOlsgICA0Mi40NDU3MjJdIDdmNDA6IGI0MTM3ZjVjIGI0MTM3ZjUwIDgwMTJiM2ZjIDgwMTJiMzNjIGI0MTM3Zjk0IGI0MTM3ZjYwIDgwMTM1MDcwIDgwMTJiM2VjDQoNDQ0KB01lc3NhZ2UgZnJvbSBzeXNsb2dkQHJhc3BiZXJyeXBpIGF0IFNlcCAyNiAwNToyNTowOSAuLi4NDQoga2VybmVsOlsgICA0Mi40NTYzMTNdIDdmNjA6IDAwMDAwMDAzIGI0MDFkMjAwIDAwMDAwMDEwIDAwMDAwMDAwIDAwMDAwMDAwIDAwMDAwMDAwIDAwMDAwMGQwIDgwMTAxMWM0DQoNDQ0KB01lc3NhZ2UgZnJvbSBzeXNsb2dkQHJhc3BiZXJyeXBpIGF0IFNlcCAyNiAwNToyNTowOSAuLi4NDQoga2VybmVsOlsgICA0Mi40NjY4OTddIDdmODA6IGI0MTM2MDAwIDAwMDAwMGQwIGI0MTM3ZmE0IGI0MTM3Zjk4IDgwMTM1MWIwIDgwMTM0ZmIwIDAwMDAwMDAwIGI0MTM3ZmE4DQoNDQ0KB01lc3NhZ2UgZnJvbSBzeXNsb2dkQHJhc3BiZXJyeXBpIGF0IFNlcCAyNiAwNToyNTowOSAuLi4NDQoga2VybmVsOlsgICA0Mi40Nzc0NzFdIDdmYTA6IDgwMTAxMDAwIDgwMTM1MWE0IDAwMDAwMDAwIDAwMDAwMDAwIDAwMDAwMDAwIDAwMDAwMDAwIDAwMDAwMDAwIDAwMDAwMDAwDQoNDQ0KB01lc3NhZ2UgZnJvbSBzeXNsb2dkQHJhc3BiZXJyeXBpIGF0IFNlcCAyNiAwNToyNTowOSAuLi4NDQoga2VybmVsOlsgICA0Mi40ODgwODFdIDdmYzA6IDAwMDAwMDAwIDAwMDAwMDAwIDAwMDAwMDAwIDAwMDAwMGQwIDAwMDAwMDAwIDAwMDAwMDAwIDAwMDAwMDAwIDdlOWY5YmM0DQoNDQ0KB01lc3NhZ2UgZnJvbSBzeXNsb2dkQHJhc3BiZXJyeXBpIGF0IFNlcCAyNiAwNToyNTowOSAuLi4NDQoga2VybmVsOlsgICA0Mi40OTg4MTZdIDdmZTA6IDc2ZWY0Njk0IDdlOWY5Yjg4IDAwMDEwODk0IDAwMDEwNzA0IDAwMDAwMDEwIDAwMDAwMDAwIDAwMDAwMDAwIDAwMDAwMDAwDQoNDQ0KB01lc3NhZ2UgZnJvbSBzeXNsb2dkQHJhc3BiZXJyeXBpIGF0IFNlcCAyNiAwNToyNTowOSAuLi4NDQoga2VybmVsOlsgICA0Mi41ODg4NTNdIENvZGU6IGUxYTAxMDAwIGUxYTAyMDBjIGUzYTAzMDAxIGU1OWUwMDBjIChlNTkwMDRhOCkgDQoN'
178,138,b'IC4vdHJ5bWUNCjYyNTAwMDANCnBpQHJhc3BiZXJyeXBpOn4kIA=='
178,138,b'Li90cnltZQ0KNjI1MDAwMA0KcGlAcmFzcGJlcnJ5cGk6fiQg'
178,146,b'Li90cnltZQ0KNjI1MDAwMA0KcGlAcmFzcGJlcnJ5cGk6fiQg'
178,159,b'Li90cnltZQ0K'
178,140,b'IC4vdHJ5bWUNCjYyNTAwMDANCnBpQHJhc3BiZXJyeXBpOn4kIA=='
178,185,b'Li90cnltZQ0K'
178,138,b'IC4vdHJ5bWUNCjYyNTAwMDANCnBpQHJhc3BiZXJyeXBpOn4kIA=='
