195,128,b'Li90cnltZQ0KNjI1MDAwMA0KZ3JpOjEwMDAvMTAwMC8xMDAwcGlAcmFzcGJlcnJ5cGk6fiQg'
195,128,b'Li90cnltZQ0KWyAgIDc1LjExNDEzMF0gSW50ZXJuYWwgZXJyb3I6IE9vcHMgLSB1bmRlZmluZWQgaW5zdHJ1Y3Rpb246IDAgWyMxXSBTTVAgQVJNDQpbICAgNzUuMTIxODcwXSBNb2R1bGVzIGxpbmtlZCBpbjogYm5lcCBoY2lfdWFydCBidGJjbSBzZXJkZXYgYmx1ZXRvb3RoIGVjZGhfZ2VuZXJpYyBzaGEyNTZfZ2VuZXJpYyBjZmc4MDIxMSByZmtpbGwgODAyMXEgZ2FycCBzdHAgbGxjIHJhc3BiZXJyeXBpX2h3bW9uIGh3bW9uIHNuZF9iY20yODM1KEMpIGJjbTI4MzVfdjRsMihDKSBzbmRfcGNtIGJjbTI4MzVfY29kZWMoQykgc25kX3RpbWVyIHY0bDJfbWVtMm1lbSBzbmQgYmNtMjgzNV9tbWFsX3ZjaGlxKEMpIHY0bDJfY29tbW9uIHZpZGVvYnVmMl9kbWFfY29udGlnIHZpZGVvYnVmMl92bWFsbG9jIHZpZGVvYnVmMl9tZW1vcHMgdmlkZW9idWYyX3Y0bDIgdmlkZW9idWYyX2NvbW1vbiB2aWRlb2RldiBtZWRpYSB2Y19zbV9jbWEoQykgZml4ZWQgdWlvX3BkcnZfZ2VuaXJxIHVpbyBpcF90YWJsZXMgeF90YWJsZXMgaXB2Ng0KNjI1MDAwMA0KZ3JpOjEwMDAvMTAwMC8xMDAwWyAgIDc1LjE2Njg2MV0gQ1BVOiAxIFBJRDogMCBDb21tOiBzd2FwcGVyLzEgVGFpbnRlZDogRyAgICAgICAgIEMgICAgICAgIDQuMTkuNzUtdjcrICMxMjcwDQpbICAgNzUuMTc3MzUyXSBIYXJkd2FyZSBuYW1lOiBCQ00yODM1DQpbICAgNzUuMTgxOTEzXSBQQyBpcyBhdCByY3VfaWRsZV9leGl0KzB4NzgvMHg5OA0KWyAgIDc1LjE4NzM2OV0gTFIgaXMgYXQgICAobnVsbCkNCnBpQHJhc3BiZXJyeXBpOn5bICAgNzUuMTkxNDkyXSBwYyA6IFs8ODAxOTA5MDg+XSAgICBsciA6IFs8MDAwMDAwMDA+XSAgICBwc3I6IDQwMTAwMDEzDQokIFsgICA3NS4xOTk1NDddIHNwIDogYjlkNGRmODggIGlwIDogODBkMDUxN2MgIGZwIDogYjlkNGRmYTQNClsgICA3NS4yMDYwNDZdIHIxMDogODBkMDRkYjggIHI5IDogNDAwMDAwMTMgIHI4IDogMDAwMDAzZTANClsgICA3NS4yMTI1MjRdIHI3IDogYmEzNmIwMzQgIHI2IDogMzk2Y2UwMDAgIHI1IDogMDAwMDAwMDAgIHI0IDogODBjOWQwMzQNClsgICA3NS4yMjE1OThdIHIzIDogMDAwMDAwMDAgIHIyIDogNDAwMDAwOTMgIHIxIDogMDAwMDAwMDAgIHIwIDogODAxOTA4ZjQNClsgICA3NS4yMzA5MDNdIEZsYWdzOiBuWmN2ICBJUlFzIG9uICBGSVFzIG9uICBNb2RlIFNWQ18zMiAgSVNBIEFSTSAgU2VnbWVudCB1c2VyDQpbICAgNzUuMjQwOTA2XSBDb250cm9sOiAxMGM1MzgzZCAgVGFibGU6IDMzNTdjMDZhICBEQUM6IDAwMDAwMDU1DQpbICAgNzUuMjQ5NTI5XSBQcm9jZXNzIHN3YXBwZXIvMSAocGlkOiAwLCBzdGFjayBsaW1pdCA9IDB4NDM2OTI4OTMpDQpbICAgNzUuMjU4Mzk2XSBTdGFjazogKDB4YjlkNGRmODggdG8gMHhiOWQ0ZTAwMCkNClsgICA3NS4yNjU1MTVdIGRmODA6ICAgICAgICAgICAgICAgICAgIDgwZDA0ZDcwIGI5ZDRjMDAwIDgwZDA0ZGI4IDAwMDAwMDAyIGI5ZDRkZmNjIGI5ZDRkZmE4DQpbICAgNzUuMjc5MTQ1XSBkZmEwOiA4MDE1MjZlOCA4MDE5MDg5YyA4MGM4YzI0YyAwMDAwMDA4NyAwMDAwMDAwMSAxMGMwMzg3ZCA4MGQ5ZDkzOCAwMDAwNDA2YQ0KWyAgIDc1LjI5MjczNV0gZGZjMDogYjlkNGRmZGMgYjlkNGRmZDAgODAxNTJhMjggODAxNTI1ZjggYjlkNGRmZjQgYjlkNGRmZTAgODAxMGZkZTggODAxNTJhMGMNClsgICA3NS4zMDYzMjJdIGRmZTA6IDM5ZDM4MDZhIDAwMDAwMDU1IDAwMDAwMDAwIGI5ZDRkZmY4IDAwMTAyNzBjIDgwMTBmY2MwIDAwMDAwMDAwIDAwMDAwMDAwDQpbICAgNzUuMzIwMDA1XSBbPDgwMTkwOTA4Pl0gKHJjdV9pZGxlX2V4aXQpIGZyb20gWzw4MDE1MjZlOD5dIChkb19pZGxlKzB4ZmMvMHgxN2MpDQpbICAgNzUuMzMwMzA4XSBbPDgwMTUyNmU4Pl0gKGRvX2lkbGUpIGZyb20gWzw4MDE1MmEyOD5dIChjcHVfc3RhcnR1cF9lbnRyeSsweDI4LzB4MmMpDQpbICAgNzUuMzQzNzY5XSBbPDgwMTUyYTI4Pl0gKGNwdV9zdGFydHVwX2VudHJ5KSBmcm9tIFs8ODAxMGZkZTg+XSAoc2Vjb25kYXJ5X3N0YXJ0X2tlcm5lbCsweDEzNC8weDE0MCkNClsgICA3NS4zNTkwMjldIFs8ODAxMGZkZTg+XSAoc2Vjb25kYXJ5X3N0YXJ0X2tlcm5lbCkgZnJvbSBbPDAwMTAyNzBjPl0gKDB4MTAyNzBjKQ0KWyAgIDc1LjM2OTU4MV0gQ29kZTogZTEwZjMwMDAgZTIwMzMwNDAgZTE4MzUwMDUgZTEyMWYwMDUgKGU4OWRhOGYwKSANClsgICA3NS4zNzkwMTJdIC0tLVsgZW5kIHRyYWNlIGU3ZmE5NmU2ZmM4NzE1NjIgXS0tLQ0KWyAgIDc1LjM4Njk1MF0gS2VybmVsIHBhbmljIC0gbm90IHN5bmNpbmc6IEF0dGVtcHRlZCB0byBraWxsIHRoZSBpZGxlIHRhc2shDQpbICAgNzUuMzk3MDQ5XSBDUFUwOiBzdG9wcGluZw0KWyAgIDc1LjQwMjk4MF0gQ1BVOiAwIFBJRDogMCBDb21tOiBzd2FwcGVyLzAgVGFpbnRlZDogRyAgICAgIEQgIEMgICAgICAgIDQuMTkuNzUtdjcrICMxMjcwDQpbICAgNzUuNDE3NTA2XSBIYXJkd2FyZSBuYW1lOiBCQ00yODM1DQpbICAgNzUuNDI0MTAwXSBbPDgwMTExZmNjPl0gKHVud2luZF9iYWNrdHJhY2UpIGZyb20gWzw4MDEwZDU0ND5dIChzaG93X3N0YWNrKzB4MjAvMHgyNCkNClsgICA3NS40MzgyODldIFs8ODAxMGQ1NDQ+XSAoc2hvd19zdGFjaykgZnJvbSBbPDgwODE5YmMwPl0gKGR1bXBfc3RhY2srMHhkNC8weDExOCkNClsgICA3NS40NDg5NzFdIFs8ODA4MTliYzA+XSAoZHVtcF9zdGFjaykgZnJvbSBbPDgwMTEwM2U0Pl0gKGhhbmRsZV9JUEkrMHgzODgvMHgzYTgpDQpbICAgNzUuNDYyNjYzXSBbPDgwMTEwM2U0Pl0gKGhhbmRsZV9JUEkpIGZyb20gWzw4MDEwMjFmND5dIChiY20yODM2X2FybV9pcnFjaGlwX2hhbmRsZV9pcnErMHhhMC8weGE0KQ0KWyAgIDc1LjQ3Nzk4M10gWzw4MDEwMjFmND5dIChiY20yODM2X2FybV9pcnFjaGlwX2hhbmRsZV9pcnEpIGZyb20gWzw4MDEwMTliYz5dIChfX2lycV9zdmMrMHg1Yy8weDdjKQ0KWyAgIDc1LjQ5MzI0OV0gRXhjZXB0aW9uIHN0YWNrKDB4ODBkMDFlZTggdG8gMHg4MGQwMWYzMCkNClsgICA3NS41MDE0OTddIDFlZTA6ICAgICAgICAgICAgICAgICAgIDgwMTA5YTg0IDAwMDAwMDAwIDQwMDAwMDkzIDQwMDAwMDkzIDgwZDA0ZDcwIDgwZDAwMDAwDQpbICAgNzUuNTE1OTA0XSAxZjAwOiA4MGQwNGRiOCAwMDAwMDAwMSA4MGQ4ZWQzZSBiYWJmZjljMCA4MGM2NGEzOCA4MGQwMWY0NCA4MGQwNTE3YyA4MGQwMWYzOA0KWyAgIDc1LjUzMDI4M10gMWYyMDogMDAwMDAwMDAgODAxMDlhODggNDAwMDAwMTMgZmZmZmZmZmYNClsgICA3NS41Mzg0ODldIFs8ODAxMDE5YmM+XSAoX19pcnFfc3ZjKSBmcm9tIFs8ODAxMDlhODg+XSAoYXJjaF9jcHVfaWRsZSsweDM0LzB4NGMpDQpbICAgNzUuNTUyMTMwXSBbPDgwMTA5YTg4Pl0gKGFyY2hfY3B1X2lkbGUpIGZyb20gWzw4MDgzNmMxYz5dIChkZWZhdWx0X2lkbGVfY2FsbCsweDM0LzB4NDgpDQpbICAgNzUuNTY2NjQ3XSBbPDgwODM2YzFjPl0gKGRlZmF1bHRfaWRsZV9jYWxsKSBmcm9tIFs8ODAxNTI2ZDg+XSAoZG9faWRsZSsweGVjLzB4MTdjKQ0KWyAgIDc1LjU4MDk1MF0gWzw4MDE1MjZkOD5dIChkb19pZGxlKSBmcm9tIFs8ODAxNTJhMjg+XSAoY3B1X3N0YXJ0dXBfZW50cnkrMHgyOC8weDJjKQ0KWyAgIDc1LjU5NTE4MV0gWzw4MDE1MmEyOD5dIChjcHVfc3RhcnR1cF9lbnRyeSkgZnJvbSBbPDgwODMwMmM4Pl0gKHJlc3RfaW5pdCsweGJjLzB4YzApDQpbICAgNzUuNjA5NzUyXSBbPDgwODMwMmM4Pl0gKHJlc3RfaW5pdCkgZnJvbSBbPDgwYzAwZmIwPl0gKHN0YXJ0X2tlcm5lbCsweDQ4NC8weDRiNCkNClsgICA3NS42MjQwNDhdIENQVTI6IHN0b3BwaW5nDQpbICAgNzUuNjMwMDI3XSBDUFU6IDIgUElEOiAwIENvbW06IHN3YXBwZXIvMiBUYWludGVkOiBHICAgICAgRCAgQyAgICAgICAgNC4xOS43NS12NysgIzEyNzANClsgICA3NS42NDQ1NTddIEhhcmR3YXJlIG5hbWU6IEJDTTI4MzUNClsgICA3NS42NTExNDddIFs8ODAxMTFmY2M+XSAodW53aW5kX2JhY2t0cmFjZSkgZnJvbSBbPDgwMTBkNTQ0Pl0gKHNob3dfc3RhY2srMHgyMC8weDI0KQ0KWyAgIDc1LjY2NTMzMl0gWzw4MDEwZDU0ND5dIChzaG93X3N0YWNrKSBmcm9tIFs8ODA4MTliYzA+XSAoZHVtcF9zdGFjaysweGQ0LzB4MTE4KQ0KWyAgIDc1LjY3NjAxMl0gWzw4MDgxOWJjMD5dIChkdW1wX3N0YWNrKSBmcm9tIFs8ODAxMTAzZTQ+XSAoaGFuZGxlX0lQSSsweDM4OC8weDNhOCkNClsgICA3NS42ODk4MTVdIFs8ODAxMTAzZTQ+XSAoaGFuZGxlX0lQSSkgZnJvbSBbPDgwMTAyMWY0Pl0gKGJjbTI4MzZfYXJtX2lycWNoaXBfaGFuZGxlX2lycSsweGEwLzB4YTQpDQpbICAgNzUuNzA1MjYzXSBbPDgwMTAyMWY0Pl0gKGJjbTI4MzZfYXJtX2lycWNoaXBfaGFuZGxlX2lycSkgZnJvbSBbPDgwMTAxOWJjPl0gKF9faXJxX3N2YysweDVjLzB4N2MpDQpbICAgNzUuNzIwNjE3XSBFeGNlcHRpb24gc3RhY2soMHhiOWQ0ZmYzOCB0byAweGI5ZDRmZjgwKQ0KWyAgIDc1LjcyODg4NF0gZmYyMDogICAgICAgICAgICAgICAgICAgICAgICAgICAgICAgICAgICAgICAgICAgICAgICAgICAgICAgODAxMDlhODQgMDAwMDAwMDANClsgICA3NS43NDMxOTVdIGZmNDA6IDQwMDAwMDkzIDQwMDAwMDkzIDgwZDA0ZDcwIGI5ZDRlMDAwIDgwZDA0ZGI4IDAwMDAwMDA0IDgwZDhlZDNlIDQxMGZkMDM0DQpbICAgNzUuNzU3Mzg4XSBmZjYwOiAwMDAwMDAwMCBiOWQ0ZmY5NCA4MGQwNTE3YyBiOWQ0ZmY4OCAwMDAwMDAwMCA4MDEwOWE4OCA0MDAwMDAxMyBmZmZmZmZmZg0KWyAgIDc1Ljc3MTU3MF0gWzw4MDEwMTliYz5dIChfX2lycV9zdmMpIGZyb20gWzw4MDEwOWE4OD5dIChhcmNoX2NwdV9pZGxlKzB4MzQvMHg0YykNClsgICA3NS43ODUyMDVdIFs8ODAxMDlhODg+XSAoYXJjaF9jcHVfaWRsZSkgZnJvbSBbPDgwODM2YzFjPl0gKGRlZmF1bHRfaWRsZV9jYWxsKzB4MzQvMHg0OCkNClsgICA3NS43OTk3NjBdIFs8ODA4MzZjMWM+XSAoZGVmYXVsdF9pZA=='
195,126,b'IC4vdHJ5bWUNCnBpQHJhc3BiZXJyeXBpOn4kIA=='
195,133,b'Li90cnltZQ0KcGlAcmFzcGJlcnJ5cGk6fiQg'
195,127,b'Li90cnltZQ0KcGlAcmFzcGJlcnJ5cGk6fiQg'
195,131,b'Li90cnltZQ0KcGlAcmFzcGJlcnJ5cGk6fiQg'
195,128,b'Li90cnltZQ0KcGlAcmFzcGJlcnJ5cGk6fiQg'
195,126,b'Li90cnltZQ0KcGlAcmFzcGJlcnJ5cGk6fiQg'
195,132,b'Li90cnltZQ0KcGlAcmFzcGJlcnJ5cGk6fiQg'
195,135,b'Li90cnltZQ0KcGlAcmFzcGJlcnJ5cGk6fiQg'
195,129,b'Li90cnltZQ0KcGlAcmFzcGJlcnJ5cGk6fiQg'
195,131,b'Li90cnltZQ0KcGlAcmFzcGJlcnJ5cGk6fiQg'
195,125,b'Li90cnltZQ0KcGlAcmFzcGJlcnJ5cGk6fiQg'
195,129,b'Li90cnltZQ0KcGlAcmFzcGJlcnJ5cGk6fiQg'
195,128,b'Li90cnltZQ0KcGlAcmFzcGJlcnJ5cGk6fiQg'
195,135,b'Li90cnltZQ0KcGlAcmFzcGJlcnJ5cGk6fiQg'
195,127,b'Li90cnltZQ0KcGlAcmFzcGJlcnJ5cGk6fiQg'
195,133,b'Li90cnltZQ0KcGlAcmFzcGJlcnJ5cGk6fiQg'
