187,154,b'Li90cnltZQ0KNjI1MDAwMA0KZ3JpOjEwMDAvMTAwMC8xMDAwcGlAcmFzcGJlcnJ5cGk6fiQg'
187,142,b'Li90cnltZQ0K'
187,144,b'IC4vdHJ5bWUNCjYyNTAwMDANCmdyaToxMDAwLzEwMDAvMTAwMHBpQHJhc3BiZXJyeXBpOn4kIA=='
187,144,b'Li90cnltZQ0KWyAgIDQyLjI4NDE1Nl0gLS0tLS0tLS0tLS0tWyBjdXQgaGVyZSBdLS0tLS0tLS0tLS0tDQpbICAgNDIuMjg5NzQwXSBrZXJuZWwgQlVHIGF0IGtlcm5lbC9jcmVkLmM6NTIyIQ0KWyAgIDQyLjI5NDkxNl0gSW50ZXJuYWwgZXJyb3I6IE9vcHMgLSBCVUc6IDAgWyMxXSBTTVAgQVJNDQpbICAgNDIuMzAwOTc4XSBNb2R1bGVzIGxpbmtlZCBpbjogYm5lcCBoY2lfdWFydCBidGJjbSBzZXJkZXYgYmx1ZXRvb3RoIGVjZGhfZ2VuZXJpYyBzaGEyNTZfZ2VuZXJpYyBjZmc4MDIxMSByZmtpbGwgODAyMXEgZ2FycCBzdHAgbGxjIHJhc3BiZXJyeXBpX2h3bW9uIHNuZF9iY20yODM1KEMpIGh3bW9uIHNuZF9wY20gc25kX3RpbWVyIHNuZCBiY20yODM1X2NvZGVjKEMpIGJjbTI4MzVfdjRsMihDKSB2NGwyX21lbTJtZW0gYmNtMjgzNV9tbWFsX3ZjaGlxKEMpIHY0bDJfY29tbW9uIHZpZGVvYnVmMl9kbWFfY29udGlnIHZpZGVvYnVmMl92bWFsbG9jIHZpZGVvYnVmMl9tZW1vcHMgdmlkZW9idWYyX3Y0bDIgdmlkZW9idWYyX2NvbW1vbiB2aWRlb2RldiB2Y19zbV9jbWEoQykgbWVkaWEgZml4ZWQgdWlvX3BkcnZfZ2VuaXJxIHVpbyBpcF90YWJsZXMgeF90YWJsZXMgaXB2Ng0KWyAgIDQyLjM0NTk3NF0gQ1BVOiAwIFBJRDogNDM2IENvbW06IHRyeW1lIFRhaW50ZWQ6IEcgICAgICAgICBDICAgICAgICA0LjE5Ljc1LXY3KyAjMTI3MA0KWyAgIDQyLjM1NjE0MF0gSGFyZHdhcmUgbmFtZTogQkNNMjgzNQ0KWyAgIDQyLjM2MDcyOV0gUEMgaXMgYXQgYWJvcnRfY3JlZHMrMHg1MC8weDU0DQpbICAgNDIuMzY2MDQwXSBMUiBpcyBhdCBfX3N5c19zZXRyZXN1aWQrMHgxNjgvMHgxZjQNClsgICA0Mi4zNzE4OTJdIHBjIDogWzw4MDE0NTMyND5dICAgIGxyIDogWzw4MDEzNTEwYz5dICAgIHBzcjogYTAwMDAwMTMNClsgICA0Mi4zNzk0MzBdIHNwIDogYjNjYjlmNTAgIGlwIDogYjNjYjlmNjAgIGZwIDogYjNjYjlmNWMNClsgICA0Mi4zODU4OTZdIHIxMDogMDAwMDAwMDAgIHI5IDogMDAwMDAwMDAgIHI4IDogMDAwMDAwMDANClsgICA0Mi4zOTIzNDZdIHI3IDogMDAwMDAwMDAgIHI2IDogODAxMmIzM2MgIHI1IDogZmZmZmZmZmYgIHI0IDogYjNjYjlmNTANClsgICA0Mi40MDAxMzVdIHIzIDogYjNjN2EwODAgIHIyIDogYjNjYjlmOTQgIHIxIDogODBkMGQ2NDAgIHIwIDogYjNjYjlmNTANClsgICA0Mi40MDc5MjZdIEZsYWdzOiBOekN2ICBJUlFzIG9uICBGSVFzIG9uICBNb2RlIFNWQ18zMiAgSVNBIEFSTSAgU2VnbWVudCB1c2VyDQpbICAgNDIuNDE2MzQxXSBDb250cm9sOiAxMGM1MzgzZCAgVGFibGU6IDMzY2I0MDZhICBEQUM6IDAwMDAwMDU1DQpbICAgNDIuNDIzMzMyXSBQcm9jZXNzIHRyeW1lIChwaWQ6IDQzNiwgc3RhY2sgbGltaXQgPSAweGIyYzU4YjA5KQ0KWyAgIDQyLjQzMDQyM10gU3RhY2s6ICgweGIzY2I5ZjUwIHRvIDB4YjNjYmEwMDApDQpbICAgNDIuNDM2MDA4XSA5ZjQwOiAgICAgICAgICAgICAgICAgICAgICAgICAgICAgICAgICAgICBiM2NiOWY5NCBiM2NiOWY2MCA4MDEzNTEwYyA4MDE0NTJlMA0KWyAgIDQyLjQ0NjU4NF0gOWY2MDogMDAwMDAwMDMgYjNjN2EwODAgMDAwMDAwMTAgMDAwMDAwMDAgMDAwMDAwMDAgMDAwMDAwMDAgMDAwMDAwZDAgODAxMDExYzQNClsgICA0Mi40NTcxMjVdIDlmODA6IGIzY2I4MDAwIDAwMDAwMGQwIGIzY2I5ZmE0IGIzY2I5Zjk4IDgwMTM1MWIwIDgwMTM0ZmIwIDAwMDAwMDAwIGIzY2I5ZmE4DQpbICAgNDIuNDY3NjU4XSA5ZmEwOiA4MDEwMTAwMCA4MDEzNTFhNCAwMDAwMDAwMCAwMDAwMDAwMCAwMDAwMDAwMCAwMDAwMDAwMCAwMDAwMDAwMCAwMDAwMDAwMA0KWyAgIDQyLjQ3ODIyN10gOWZjMDogMDAwMDAwMDAgMDAwMDAwMDAgMDAwMDAwMDAgMDAwMDAwZDAgMDAwMDAwMDAgMDAwMDAwMDAgMDAwMDAwMDAgN2U4YWFiYzQNClsgICA0Mi40ODg5MjRdIDlmZTA6IDc2ZjMxNjk0IDdlOGFhYjc4IDAwMDEwOTQwIDAwMDEwNzM4IDAwMDAwMDEwIDAwMDAwMDAwIDAwMDAwMDAwIDAwMDAwMDAwDQpbICAgNDIuNDk5NzY1XSBbPDgwMTQ1MzI0Pl0gKGFib3J0X2NyZWRzKSBmcm9tIFs8ODAxMzUxMGM+XSAoX19zeXNfc2V0cmVzdWlkKzB4MTY4LzB4MWY0KQ0KWyAgIDQyLjUxMDQzNV0gWzw4MDEzNTEwYz5dIChfX3N5c19zZXRyZXN1aWQpIGZyb20gWzw4MDEzNTFiMD5dIChzeXNfc2V0cmVzdWlkKzB4MTgvMHgxYykNClsgICA0Mi41MjEyNTBdIFs8ODAxMzUxYjA+XSAoc3lzX3NldHJlc3VpZCkgZnJvbSBbPDgwMTAxMDAwPl0gKHJldF9mYXN0X3N5c2NhbGwrMHgwLzB4MjgpDQpbICAgNDIuNTMyMTI4XSBFeGNlcHRpb24gc3RhY2soMHhiM2NiOWZhOCB0byAweGIzY2I5ZmYwKQ0KWyAgIDQyLjUzODY5Ml0gOWZhMDogICAgICAgICAgICAgICAgICAgMDAwMDAwMDAgMDAwMDAwMDAgMDAwMDAwMDAgMDAwMDAwMDAgMDAwMDAwMDAgMDAwMDAwMDANClsgICA0Mi41NDk4ODNdIDlmYzA6IDAwMDAwMDAwIDAwMDAwMDAwIDAwMDAwMDAwIDAwMDAwMGQwIDAwMDAwMDAwIDAwMDAwMDAwIDAwMDAwMDAwIDdlOGFhYmM0DQpbICAgNDIuNTY1MDAyXSA5ZmUwOiA3NmYzMTY5NCA3ZThhYWI3OCAwMDAxMDk0MCAwMDAxMDczOA0KWyAgIDQyLjU3MzUyMF0gQ29kZTogZTM1MjAwMDAgMTg5ZGE4MDAgZWJmZmZlY2UgZTg5ZGE4MDAgKGU3ZjAwMWYyKSANClsgICA0Mi41ODMwNjddIC0tLVsgZW5kIHRyYWNlIGYyMzA1MmRiN2E5MTFkNjAgXS0tLQ0KDQ0KB01lc3NhZ2UgZnJvbSBzeXNsb2dkQHJhc3BiZXJyeXBpIGF0IFNlcCAyNiAwNToyNTowOSAuLi4NDQoga2VybmVsOlsgICA0Mi4yOTQ5MTZdIEludGVybmFsIGVycm9yOiBPb3BzIC0gQlVHOiAwIFsjMV0gU01QIEFSTQ0KDQ0NCgdNZXNzYWdlIGZyb20gc3lzbG9nZEByYXNwYmVycnlwaSBhdCBTZXAgMjYgMDU6MjU6MDkgLi4uDQ0KIGtlcm5lbDpbICAgNDIuNDIzMzMyXSBQcm9jZXNzIHRyeW1lIChwaWQ6IDQzNiwgc3RhY2sgbGltaXQgPSAweGIyYzU4YjA5KQ0KDQ0NCgdNZXNzYWdlIGZyb20gc3lzbG9nZEByYXNwYmVycnlwaSBhdCBTZXAgMjYgMDU6MjU6MDkgLi4uDQ0KIGtlcm5lbDpbICAgNDIuNDMwNDIzXSBTdGFjazogKDB4YjNjYjlmNTAgdG8gMHhiM2NiYTAwMCkNCg0NDQoHTWVzc2FnZSBmcm9tIHN5c2xvZ2RAcmFzcGJlcnJ5cGkgYXQgU2VwIDI2IDA1OjI1OjA5IC4uLg0NCiBrZXJuZWw6WyAgIDQyLjQzNjAwOF0gOWY0MDogICAgICAgICAgICAgICAgICAgICAgICAgICAgICAgICAgICAgYjNjYjlmOTQgYjNjYjlmNjAgODAxMzUxMGMgODAxNDUyZTANCg0NDQoHTWVzc2FnZSBmcm9tIHN5c2xvZ2RAcmFzcGJlcnJ5cGkgYXQgU2VwIDI2IDA1OjI1OjA5IC4uLg0NCiBrZXJuZWw6WyAgIDQyLjQ0NjU4NF0gOWY2MDogMDAwMDAwMDMgYjNjN2EwODAgMDAwMDAwMTAgMDAwMDAwMDAgMDAwMDAwMDAgMDAwMDAwMDAgMDAwMDAwZDAgODAxMDExYzQNCg0NDQoHTWVzc2FnZSBmcm9tIHN5c2xvZ2RAcmFzcGJlcnJ5cGkgYXQgU2VwIDI2IDA1OjI1OjA5IC4uLg0NCiBrZXJuZWw6WyAgIDQyLjQ1NzEyNV0gOWY4MDogYjNjYjgwMDAgMDAwMDAwZDAgYjNjYjlmYTQgYjNjYjlmOTggODAxMzUxYjAgODAxMzRmYjAgMDAwMDAwMDAgYjNjYjlmYTgNCg0NDQoHTWVzc2FnZSBmcm9tIHN5c2xvZ2RAcmFzcGJlcnJ5cGkgYXQgU2VwIDI2IDA1OjI1OjA5IC4uLg0NCiBrZXJuZWw6WyAgIDQyLjQ2NzY1OF0gOWZhMDogODAxMDEwMDAgODAxMzUxYTQgMDAwMDAwMDAgMDAwMDAwMDAgMDAwMDAwMDAgMDAwMDAwMDAgMDAwMDAwMDAgMDAwMDAwMDANCg0NDQoHTWVzc2FnZSBmcm9tIHN5c2xvZ2RAcmFzcGJlcnJ5cGkgYXQgU2VwIDI2IDA1OjI1OjA5IC4uLg0NCiBrZXJuZWw6WyAgIDQyLjQ3ODIyN10gOWZjMDogMDAwMDAwMDAgMDAwMDAwMDAgMDAwMDAwMDAgMDAwMDAwZDAgMDAwMDAwMDAgMDAwMDAwMDAgMDAwMDAwMDAgN2U4YWFiYzQNCg0NDQoHTWVzc2FnZSBmcm9tIHN5c2xvZ2RAcmFzcGJlcnJ5cGkgYXQgU2VwIDI2IDA1OjI1OjA5IC4uLg0NCiBrZXJuZWw6WyAgIDQyLjQ4ODkyNF0gOWZlMDogNzZmMzE2OTQgN2U4YWFiNzggMDAwMTA5NDAgMDAwMTA3MzggMDAwMDAwMTAgMDAwMDAwMDAgMDAwMDAwMDAgMDAwMDAwMDANCg0NDQoHTWVzc2FnZSBmcm9tIHN5c2xvZ2RAcmFzcGJlcnJ5cGkgYXQgU2VwIDI2IDA1OjI1OjA5IC4uLg0NCiBrZXJuZWw6WyAgIDQyLjU3MzUyMF0gQ29kZTogZTM1MjAwMDAgMTg5ZGE4MDAgZWJmZmZlY2UgZTg5ZGE4MDAgKGU3ZjAwMWYyKSANCg1TZWdtZW50YXRpb24gZmF1bHQNCnBpQHJhc3BiZXJyeXBpOn4kIA=='
187,135,b'Li90cnltZQ0KNjI1MDAwMA0KZ3JpOjEwMDAvMTAwMC8xMDAwcGlAcmFzcGJlcnJ5cGk6fiQg'
187,147,b'Li90cnltZQ0KNjI1MDAwMA0KZ3JpOjEwMDAvMTAwMC8xMDAwcGlAcmFzcGJlcnJ5cGk6fiQg'
187,155,b'Li90cnltZQ0KWyAgIDQ0LjU2NDA5NF0gVW5hYmxlIHRvIGhhbmRsZSBrZXJuZWwgTlVMTCBwb2ludGVyIGRlcmVmZXJlbmNlIGF0IHZpcnR1YWwgYWRkcmVzcyAwMDAwMDMyOA0KWyAgIDQ0LjU3NTI0Ml0gcGdkID0gNGU4MzI0ZTUNClsgICA0NC41NzkzMzRdIFswMDAwMDMyOF0gKnBnZD0zNjJjZDgzNSwgKnB0ZT0wMDAwMDAwMCwgKnBwdGU9MDAwMDAwMDANClsgICA0NC41ODcxMDhdIEludGVybmFsIGVycm9yOiBPb3BzOiAxNyBbIzJdIFNNUCBBUk0NClsgICA0NC41OTMyMzRdIE1vZHVsZXMgbGlua2VkIGluOiBibmVwIGhjaV91YXJ0IGJ0YmNtIHNlcmRldiBibHVldG9vdGggZWNkaF9nZW5lcmljIHNoYTI1Nl9nZW5lcmljIGNmZzgwMjExIHJma2lsbCA4MDIxcSBnYXJwIHN0cCBsbGMgcmFzcGJlcnJ5cGlfaHdtb24gc25kX2JjbTI4MzUoQykgaHdtb24gc25kX3BjbSBzbmRfdGltZXIgc25kIGJjbTI4MzVfY29kZWMoQykgYmNtMjgzNV92NGwyKEMpIHY0bDJfbWVtMm1lbSBiY20yODM1X21tYWxfdmNoaXEoQykgdjRsMl9jb21tb24gdmlkZW9idWYyX2RtYV9jb250aWcgdmlkZW9idWYyX3ZtYWxsb2MgdmlkZW9idWYyX21lbW9wcyB2aWRlb2J1ZjJfdjRsMiB2aWRlb2J1ZjJfY29tbW9uIHZpZGVvZGV2IHZjX3NtX2NtYShDKSBtZWRpYSBmaXhlZCB1aW9fcGRydl9nZW5pcnEgdWlvIGlwX3RhYmxlcyB4X3RhYmxlcyBpcHY2DQpbICAgNDQuNjQwMzcyXSBDUFU6IDAgUElEOiA0MzkgQ29tbTogdHJ5bWUgVGFpbnRlZDogRyAgICAgIEQgIEMgICAgICAgIDQuMTkuNzUtdjcrICMxMjcwDQpbICAgNDQuNjUwOTM5XSBIYXJkd2FyZSBuYW1lOiBCQ00yODM1DQpbICAgNDQuNjU1Njc4XSBQQyBpcyBhdCBjb21taXRfY3JlZHMrMHg5MC8weDI5Yw0KWyAgIDQ0LjY2MTI3OV0gTFIgaXMgYXQgX19zeXNfc2V0cmVzdWlkKzB4MTY4LzB4MWY0DQpbICAgNDQuNjY3MTkzXSBwYyA6IFs8ODAxNDUwYzg+XSAgICBsciA6IFs8ODAxMzUxMGM+XSAgICBwc3I6IDgwMDAwMDEzDQpbICAgNDQuNjc0NzgwXSBzcCA6IGIzY2I5ZjYwICBpcCA6IGIzY2I5ZjQwICBmcCA6IGIzY2I5Zjk0DQpbICAgNDQuNjgxMjk5XSByMTA6IDAwMDAwMDAwICByOSA6IDAwMDAwMDAwICByOCA6IDAwMDAwMDAwDQpbICAgNDQuNjg3ODA0XSByNyA6IDAwMDAwMDAwICByNiA6IDAwMDAwMDAwICByNSA6IGZmZmZmZmZmICByNCA6IGIzYzdhMzAwDQpbICAgNDQuNjk1NjIyXSByMyA6IGIzYzdhMjgwICByMiA6IDAwMDAwM2U4ICByMSA6IDAwMDAwMDAxICByMCA6IGIzYzdhMzAwDQpbICAgNDQuNzAzNDA3XSBGbGFnczogTnpjdiAgSVJRcyBvbiAgRklRcyBvbiAgTW9kZSBTVkNfMzIgIElTQSBBUk0gIFNlZ21lbnQgdXNlcg0KWyAgIDQ0LjcxMTgwOF0gQ29udHJvbDogMTBjNTM4M2QgIFRhYmxlOiAzM2MxMDA2YSAgREFDOiAwMDAwMDA1NQ0KWyAgIDQ0LjcxODgxOV0gUHJvY2VzcyB0cnltZSAocGlkOiA0MzksIHN0YWNrIGxpbWl0ID0gMHhiMmM1OGIwOSkNClsgICA0NC43MjU5MTRdIFN0YWNrOiAoMHhiM2NiOWY2MCB0byAweGIzY2JhMDAwKQ0KWyAgIDQ0LjczMTQ5Ml0gOWY2MDogMDAwMDAwMDMgYjNjN2EyODAgMDAwMDAwMTAgMDAwMDAwMDAgMDAwMDAwMDAgMDAwMDAwMDAgMDAwMDAwZDAgODAxMDExYzQNClsgICA0NC43NDIxMDBdIDlmODA6IGIzY2I4MDAwIDAwMDAwMGQwIGIzY2I5ZmE0IGIzY2I5Zjk4IDgwMTM1MWIwIDgwMTM0ZmIwIDAwMDAwMDAwIGIzY2I5ZmE4DQpbICAgNDQuNzUyNjk4XSA5ZmEwOiA4MDEwMTAwMCA4MDEzNTFhNCAwMDAwMDAwMCAwMDAwMDAwMCAwMDAwMDAwMCAwMDAwMDAwMCAwMDAwMDAwMCAwMDAwMDAwMA0KWyAgIDQ0Ljc2MzI5MV0gOWZjMDogMDAwMDAwMDAgMDAwMDAwMDAgMDAwMDAwMDAgMDAwMDAwZDAgMDAwMDAwMDAgMDAwMDAwMDAgMDAwMDAwMDAgN2VkOWRiYzQNClsgICA0NC43NzM5MTddIDlmZTA6IDc2ZWU3Njk0IDdlZDlkYjc4IDAwMDEwOTQwIDAwMDEwNzM4IDAwMDAwMDEwIDAwMDAwMDAwIDAwMDAwMDAwIDAwMDAwMDAwDQpbICAgNDQuNzg0Njc1XSBbPDgwMTQ1MGM4Pl0gKGNvbW1pdF9jcmVkcykgZnJvbSBbPDgwMTM1MWIwPl0gKHN5c19zZXRyZXN1aWQrMHgxOC8weDFjKQ0KWyAgIDQ0Ljc5NTAzNV0gWzw4MDEzNTFiMD5dIChzeXNfc2V0cmVzdWlkKSBmcm9tIFs8ODAxMDEwMDA+XSAocmV0X2Zhc3Rfc3lzY2FsbCsweDAvMHgyOCkNClsgICA0NC44MDU3NTZdIEV4Y2VwdGlvbiBzdGFjaygweGIzY2I5ZmE4IHRvIDB4YjNjYjlmZjApDQpbICAgNDQuODEyMjc1XSA5ZmEwOiAgICAgICAgICAgICAgICAgICAwMDAwMDAwMCAwMDAwMDAwMCAwMDAwMDAwMCAwMDAwMDAwMCAwMDAwMDAwMCAwMDAwMDAwMA0KWyAgIDQ0LjgyMzQwM10gOWZjMDogMDAwMDAwMDAgMDAwMDAwMDAgMDAwMDAwMDAgMDAwMDAwZDAgMDAwMDAwMDAgMDAwMDAwMDAgMDAwMDAwMDAgN2VkOWRiYzQNClsgICA0NC44MzQ1NjRdIDlmZTA6IDc2ZWU3Njk0IDdlZDlkYjc4IDAwMDEwOTQwIDAwMDEwNzM4DQpbICAgNDQuODQxMTQyXSBDb2RlOiBlMTVjMDAwMyAwYTAwMDA1MCBlNTk2MDMyOCBlMzUwMDAwMCAoMGEwMDAwMDMpIA0KWyAgIDQ0Ljg0ODg5M10gLS0tWyBlbmQgdHJhY2UgZjIzMDUyZGI3YTkxMWQ2MSBdLS0tDQoNDQoHTWVzc2FnZSBmcm9tIHN5c2xvZ2RAcmFzcGJlcnJ5cGkgYXQgU2VwIDI2IDA1OjI1OjExIC4uLg0NCiBrZXJuZWw6WyAgIDQ0LjU4NzEwOF0gSW50ZXJuYWwgZXJyb3I6IE9vcHM6IDE3IFsjMl0gU01QIEFSTQ0KDQ0NCgdNZXNzYWdlIGZyb20gc3lzbG9nZEByYXNwYmVycnlwaSBhdCBTZXAgMjYgMDU6MjU6MTEgLi4uDQ0KIGtlcm5lbDpbICAgNDQuNzE4ODE5XSBQcm9jZXNzIHRyeW1lIChwaWQ6IDQzOSwgc3RhY2sgbGltaXQgPSAweGIyYzU4YjA5KQ0KDQ0NCgdNZXNzYWdlIGZyb20gc3lzbG9nZEByYXNwYmVycnlwaSBhdCBTZXAgMjYgMDU6MjU6MTEgLi4uDQ0KIGtlcm5lbDpbICAgNDQuNzI1OTE0XSBTdGFjazogKDB4YjNjYjlmNjAgdG8gMHhiM2NiYTAwMCkNCg0NDQoHTWVzc2FnZSBmcm9tIHN5c2xvZ2RAcmFzcGJlcnJ5cGkgYXQgU2VwIDI2IDA1OjI1OjExIC4uLg0NCiBrZXJuZWw6WyAgIDQ0LjczMTQ5Ml0gOWY2MDogMDAwMDAwMDMgYjNjN2EyODAgMDAwMDAwMTAgMDAwMDAwMDAgMDAwMDAwMDAgMDAwMDAwMDAgMDAwMDAwZDAgODAxMDExYzQNCg0NDQoHTWVzc2FnZSBmcm9tIHN5c2xvZ2RAcmFzcGJlcnJ5cGkgYXQgU2VwIDI2IDA1OjI1OjExIC4uLg0NCiBrZXJuZWw6WyAgIDQ0Ljc0MjEwMF0gOWY4MDogYjNjYjgwMDAgMDAwMDAwZDAgYjNjYjlmYTQgYjNjYjlmOTggODAxMzUxYjAgODAxMzRmYjAgMDAwMDAwMDAgYjNjYjlmYTgNCg0NDQoHTWVzc2FnZSBmcm9tIHN5c2xvZ2RAcmFzcGJlcnJ5cGkgYXQgU2VwIDI2IDA1OjI1OjExIC4uLg0NCiBrZXJuZWw6WyAgIDQ0Ljc1MjY5OF0gOWZhMDogODAxMDEwMDAgODAxMzUxYTQgMDAwMDAwMDAgMDAwMDAwMDAgMDAwMDAwMDAgMDAwMDAwMDAgMDAwMDAwMDAgMDAwMDAwMDANCg0NDQoHTWVzc2FnZSBmcm9tIHN5c2xvZ2RAcmFzcGJlcnJ5cGkgYXQgU2VwIDI2IDA1OjI1OjExIC4uLg0NCiBrZXJuZWw6WyAgIDQ0Ljc2MzI5MV0gOWZjMDogMDAwMDAwMDAgMDAwMDAwMDAgMDAwMDAwMDAgMDAwMDAwZDAgMDAwMDAwMDAgMDAwMDAwMDAgMDAwMDAwMDAgN2VkOWRiYzQNCg0NDQoHTWVzc2FnZSBmcm9tIHN5c2xvZ2RAcmFzcGJlcnJ5cGkgYXQgU2VwIDI2IDA1OjI1OjExIC4uLg0NCiBrZXJuZWw6WyAgIDQ0Ljc3MzkxN10gOWZlMDogNzZlZTc2OTQgN2VkOWRiNzggMDAwMTA5NDAgMDAwMTA3MzggMDAwMDAwMTAgMDAwMDAwMDAgMDAwMDAwMDAgMDAwMDAwMDANCg0NDQoHTWVzc2FnZSBmcm9tIHN5c2xvZ2RAcmFzcGJlcnJ5cGkgYXQgU2VwIDI2IDA1OjI1OjExIC4uLg0NCiBrZXJuZWw6WyAgIDQ0Ljg0MTE0Ml0gQ29kZTogZTE1YzAwMDMgMGEwMDAwNTAgZTU5NjAzMjggZTM1MDAwMDAgKDBhMDAwMDAzKSANCg1TZWdtZW50YXRpb24gZmF1bHQNCnBpQHJhc3BiZXJyeXBpOn4kIA=='
187,142,b'Li90cnltZQ0KNjI1MDAwMA0KZ3JpOjEwMDAvMTAwMC8xMDAwcGlAcmFzcGJlcnJ5cGk6fiQg'
187,151,b'Li90cnltZQ0KNjI1MDAwMA0KZ3JpOjEwMDAvMTAwMC8xMDAwcGlAcmFzcGJlcnJ5cGk6fiQg'
187,145,b'Li90cnltZQ0KNjI1MDAwMA0KZ3JpOjEwMDAvMTAwMC8xMDAwcGlAcmFzcGJlcnJ5cGk6fiQg'
187,148,b'Li90cnltZQ0KNjI1MDAwMA0KZ3JpOjEwMDAvMTAwMC8xMDAwcGlAcmFzcGJlcnJ5cGk6fiQg'
187,140,b'Li90cnltZQ0KNjI1MDAwMA0KZ3JpOjEwMDAvMTAwMC8xMDAwcGlAcmFzcGJlcnJ5cGk6fiQg'
187,138,b'Li90cnltZQ0KNjI1MDAwMA0KZ3JpOjEwMDAvMTAwMC8xMDAwcGlAcmFzcGJlcnJ5cGk6fiQg'
187,146,b'WyAgIDQ5LjgzMTc3NF0gVm9sdGFnZSBub3JtYWxpc2VkICgweDAwMDAwMDAwKQ0KLi90cnltZQ0KNjI1MDAwMA0KZ3JpOjEwMDAvMTAwMC8xMDAwcGlAcmFzcGJlcnJ5cGk6fiQg'
187,136,b'Li90cnltZQ0KNjI1MDAwMA0KZ3JpOjEwMDAvMTAwMC8xMDAwcGlAcmFzcGJlcnJ5cGk6fiQg'
187,145,b'Li90cnltZQ0KNjI1MDAwMA0KZ3JpOjEwMDAvMTAwMC8xMDAwcGlAcmFzcGJlcnJ5cGk6fiQg'
187,141,b'Li90cnltZQ0KNjI1MDAwMA0KZ3JpOjEwMDAvMTAwMC8xMDAwcGlAcmFzcGJlcnJ5cGk6fiQg'
187,148,b'Li90cnltZQ0KWyAgIDUyLjg5NDExN10gVW5hYmxlIHRvIGhhbmRsZSBrZXJuZWwgTlVMTCBwb2ludGVyIGRlcmVmZXJlbmNlIGF0IHZpcnR1YWwgYWRkcmVzcyAwMDAwMDMyOA0KWyAgIDUyLjkwNTE5NF0gcGdkID0gNTQ5ZTAyOWQNClsgICA1Mi45MDkyNTJdIFswMDAwMDMyOF0gKnBnZD0zNmY2NzgzNSwgKnB0ZT0wMDAwMDAwMCwgKnBwdGU9MDAwMDAwMDANClsgICA1Mi45MTY5NzNdIEludGVybmFsIGVycm9yOiBPb3BzOiAxNyBbIzNdIFNNUCBBUk0NClsgICA1Mi45MjMwNjddIE1vZHVsZXMgbGlua2VkIGluOiBibmVwIGhjaV91YXJ0IGJ0YmNtIHNlcmRldiBibHVldG9vdGggZWNkaF9nZW5lcmljIHNoYTI1Nl9nZW5lcmljIGNmZzgwMjExIHJma2lsbCA4MDIxcSBnYXJwIHN0cCBsbGMgcmFzcGJlcnJ5cGlfaHdtb24gc25kX2JjbTI4MzUoQykgaHdtb24gc25kX3BjbSBzbmRfdGltZXIgc25kIGJjbTI4MzVfY29kZWMoQykgYmNtMjgzNV92NGwyKEMpIHY0bDJfbWVtMm1lbSBiY20yODM1X21tYWxfdmNoaXEoQykgdjRsMl9jb21tb24gdmlkZW9idWYyX2RtYV9jb250aWcgdmlkZW9idWYyX3ZtYWxsb2MgdmlkZW9idWYyX21lbW9wcyB2aWRlb2J1ZjJfdjRsMiB2aWRlb2J1ZjJfY29tbW9uIHZpZGVvZGV2IHZjX3NtX2NtYShDKSBtZWRpYSBmaXhlZCB1aW9fcGRydl9nZW5pcnEgdWlvIGlwX3RhYmxlcyB4X3RhYmxlcyBpcHY2DQpbICAgNTIuOTcwMDI1XSBDUFU6IDAgUElEOiA0NTIgQ29tbTogdHJ5bWUgVGFpbnRlZDogRyAgICAgIEQgIEMgICAgICAgIDQuMTkuNzUtdjcrICMxMjcwDQpbICAgNTIuOTgzOTYxXSBIYXJkd2FyZSBuYW1lOiBCQ00yODM1DQpbICAgNTIuOTkwMzUyXSBQQyBpcyBhdCBjb21taXRfY3JlZHMrMHg5MC8weDI5Yw0KWyAgIDUyLjk5NzU1NV0gTFIgaXMgYXQgX19zeXNfc2V0cmVzdWlkKzB4MTY4LzB4MWY0DQpbICAgNTMuMDA1MDIwXSBwYyA6IFs8ODAxNDUwYzg+XSAgICBsciA6IFs8ODAxMzUxMGM+XSAgICBwc3I6IDgwMDAwMDEzDQpbICAgNTMuMDE0MjExXSBzcCA6IGI2MWNiZjYwICBpcCA6IGI2MWNiZjQwICBmcCA6IGI2MWNiZjk0DQpbICAgNTMuMDIyMzIxXSByMTA6IDAwMDAwMDAwICByOSA6IDAwMDAwMDAwICByOCA6IDAwMDAwMDAwDQpbICAgNTMuMDMwMzk2XSByNyA6IDAwMDAwMDAwICByNiA6IDAwMDAwMDAwICByNSA6IGZmZmZmZmZmICByNCA6IGIzYzdhNjgwDQpbICAgNTMuMDM5ODAzXSByMyA6IGIzYzdhNjAwICByMiA6IDAwMDAwM2U4ICByMSA6IDAwMDAwMDAxICByMCA6IGIzYzdhNjgwDQpbICAgNTMuMDQ5MTIwXSBGbGFnczogTnpjdiAgSVJRcyBvbiAgRklRcyBvbiAgTW9kZSBTVkNfMzIgIElTQSBBUk0gIFNlZ21lbnQgdXNlcg0KWyAgIDUzLjA1OTA1MF0gQ29udHJvbDogMTBjNTM4M2QgIFRhYmxlOiAzM2NmNDA2YSAgREFDOiAwMDAwMDA1NQ0KWyAgIDUzLjA2NzYxN10gUHJvY2VzcyB0cnltZSAocGlkOiA0NTIsIHN0YWNrIGxpbWl0ID0gMHg5OWM0ZWFhYSkNClsgICA1My4wNzYyNjVdIFN0YWNrOiAoMHhiNjFjYmY2MCB0byAweGI2MWNjMDAwKQ0KWyAgIDUzLjA4MzM3MV0gYmY2MDogMDAwMDAwMDMgYjNjN2E2MDAgMDAwMDAwMTAgMDAwMDAwMDAgMDAwMDAwMDAgMDAwMDAwMDAgMDAwMDAwZDAgODAxMDExYzQNClsgICA1My4wOTcwMDddIGJmODA6IGI2MWNhMDAwIDAwMDAwMGQwIGI2MWNiZmE0IGI2MWNiZjk4IDgwMTM1MWIwIDgwMTM0ZmIwIDAwMDAwMDAwIGI2MWNiZmE4DQpbICAgNTMuMTEwNjI1XSBiZmEwOiA4MDEwMTAwMCA4MDEzNTFhNCAwMDAwMDAwMCAwMDAwMDAwMCAwMDAwMDAwMCAwMDAwMDAwMCAwMDAwMDAwMCAwMDAwMDAwMA0KWyAgIDUzLjEyNDIyN10gYmZjMDogMDAwMDAwMDAgMDAwMDAwMDAgMDAwMDAwMDAgMDAwMDAwZDAgMDAwMDAwMDAgMDAwMDAwMDAgMDAwMDAwMDAgN2VhOTZiYzQNClsgICA1My4xMzc5MDVdIGJmZTA6IDc2ZWU0Njk0IDdlYTk2Yjc4IDAwMDEwOTQwIDAwMDEwNzM4IDAwMDAwMDEwIDAwMDAwMDAwIDAwMDAwMDAwIDAwMDAwMDAwDQpbICAgNTMuMTUxODgwXSBbPDgwMTQ1MGM4Pl0gKGNvbW1pdF9jcmVkcykgZnJvbSBbPDgwMTM1MWIwPl0gKHN5c19zZXRyZXN1aWQrMHgxOC8weDFjKQ0KWyAgIDUzLjE2NTYzMV0gWzw4MDEzNTFiMD5dIChzeXNfc2V0cmVzdWlkKSBmcm9tIFs8ODAxMDEwMDA+XSAocmV0X2Zhc3Rfc3lzY2FsbCsweDAvMHgyOCkNClsgICA1My4xNzk4NjhdIEV4Y2VwdGlvbiBzdGFjaygweGI2MWNiZmE4IHRvIDB4YjYxY2JmZjApDQpbICAgNTMuMTg4MjIwXSBiZmEwOiAgICAgICAgICAgICAgICAgICAwMDAwMDAwMCAwMDAwMDAwMCAwMDAwMDAwMCAwMDAwMDAwMCAwMDAwMDAwMCAwMDAwMDAwMA0KWyAgIDUzLjIwMzA2OV0gYmZjMDogMDAwMDAwMDAgMDAwMDAwMDAgMDAwMDAwMDAgMDAwMDAwZDAgMDAwMDAwMDAgMDAwMDAwMDAgMDAwMDAwMDAgN2VhOTZiYzQNClsgICA1My4yMTc5OTFdIGJmZTA6IDc2ZWU0Njk0IDdlYTk2Yjc4IDAwMDEwOTQwIDAwMDEwNzM4DQpbICAgNTMuMjI2NDg0XSBDb2RlOiBlMTVjMDAwMyAwYTAwMDA1MCBlNTk2MDMyOCBlMzUwMDAwMCAoMGEwMDAwMDMpIA0KDQ0KB01lc3NbICAgNTMuMjM2MTc5XSAtLS1bIGVuZCB0cmFjZSBmMjMwNTJkYjdhOTExZDYyIF0tLS0NCmFnZSBmcm9tIHN5c2xvZ2RAcmFzcGJlcnJ5cGkgYXQgU2VwIDI2IDA1OjI1OjE5IC4uLg0NCiBrZXJuZWw6WyAgIDUyLjkxNjk3M10gSW50ZXJuYWwgZXJyb3I6IE9vcHM6IDE3IFsjM10gU01QIEFSTQ0KDQ0NCgdNZXNzYWdlIGZyb20gc3lzbG9nZEByYXNwYmVycnlwaSBhdCBTZXAgMjYgMDU6MjU6MTkgLi4uDQ0KIGtlcm5lbDpbICAgNTMuMDY3NjE3XSBQcm9jZXNzIHRyeW1lIChwaWQ6IDQ1Miwgc3RhY2sgbGltaXQgPSAweDk5YzRlYWFhKQ0KDQ0NCgdNZXNzYWdlIGZyb20gc3lzbG9nZEByYXNwYmVycnlwaSBhdCBTZXAgMjYgMDU6MjU6MTkgLi4uDQ0KIGtlcm5lbDpbICAgNTMuMDc2MjY1XSBTdGFjazogKDB4YjYxY2JmNjAgdG8gMHhiNjFjYzAwMCkNCg0NDQoHTWVzc2FnZSBmcm9tIHN5c2xvZ2RAcmFzcGJlcnJ5cGkgYXQgU2VwIDI2IDA1OjI1OjE5IC4uLg0NCiBrZXJuZWw6WyAgIDUzLjA4MzM3MV0gYmY2MDogMDAwMDAwMDMgYjNjN2E2MDAgMDAwMDAwMTAgMDAwMDAwMDAgMDAwMDAwMDAgMDAwMDAwMDAgMDAwMDAwZDAgODAxMDExYzQNCg0NDQoHTWVzc2FnZSBmcm9tIHN5c2xvZ2RAcmFzcGJlcnJ5cGkgYXQgU2VwIDI2IDA1OjI1OjE5IC4uLg0NCiBrZXJuZWw6WyAgIDUzLjA5NzAwN10gYmY4MDogYjYxY2EwMDAgMDAwMDAwZDAgYjYxY2JmYTQgYjYxY2JmOTggODAxMzUxYjAgODAxMzRmYjAgMDAwMDAwMDAgYjYxY2JmYTgNCg0NDQoHTWVzc2FnZSBmcm9tIHN5c2xvZ2RAcmFzcGJlcnJ5cGkgYXQgU2VwIDI2IDA1OjI1OjE5IC4uLg0NCiBrZXJuZWw6WyAgIDUzLjExMDYyNV0gYmZhMDogODAxMDEwMDAgODAxMzUxYTQgMDAwMDAwMDAgMDAwMDAwMDAgMDAwMDAwMDAgMDAwMDAwMDAgMDAwMDAwMDAgMDAwMDAwMDANCg0NDQoHTWVzc2FnZSBmcm9tIHN5c2xvZ2RAcmFzcGJlcnJ5cGkgYXQgU2VwIDI2IDA1OjI1OjE5IC4uLg0NCiBrZXJuZWw6WyAgIDUzLjEyNDIyN10gYmZjMDogMDAwMDAwMDAgMDAwMDAwMDAgMDAwMDAwMDAgMDAwMDAwZDAgMDAwMDAwMDAgMDAwMDAwMDAgMDAwMDAwMDAgN2VhOTZiYzQNCg0NDQoHTWVzc2FnZSBmcm9tIHN5c2xvZ2RAcmFzcGJlcnJ5cGkgYXQgU2VwIDI2IDA1OjI1OjE5IC4uLg0NCiBrZXJuZWw6WyAgIDUzLjEzNzkwNV0gYmZlMDogNzZlZTQ2OTQgN2VhOTZiNzggMDAwMTA5NDAgMDAwMTA3MzggMDAwMDAwMTAgMDAwMDAwMDAgMDAwMDAwMDAgMDAwMDAwMDANCg0NDQoHTWVzc2FnZSBmcm9tIHN5c2xvZ2RAcmFzcGJlcnJ5cGkgYXQgU2VwIDI2IDA1OjI1OjE5IC4uLg0NCiBrZXJuZWw6WyAgIDUzLjIyNjQ4NF0gQ29kZTogZTE1YzAwMDMgMGEwMDAwNTAgZTU5NjAzMjggZTM1MDAwMDAgKDBhMDAwMDAzKSANCg1TZWdtZW50YXRpb24gZmF1bHQNCnBpQHJhc3BiZXJyeXBpOn4kIA=='
187,152,b'Li90cnltZQ0K'
187,142,b'IC4vdHJ5bWUNCjYyNTAwMDANCmdyaToxMDAwLzEwMDAvMTAwMHBpQHJhc3BiZXJyeXBpOn4kIA=='
187,138,b'Li90cnltZQ0KWyAgIDQyLjM3NDE2M10gVW5hYmxlIHRvIGhhbmRsZSBrZXJuZWwgTlVMTCBwb2ludGVyIGRlcmVmZXJlbmNlIGF0IHZpcnR1YWwgYWRkcmVzcyAwMDAwMDMyOA0KWyAgIDQyLjM4NDI3NF0gcGdkID0gMmY2NWEyMjYNClsgICA0Mi4zODc4NzNdIFswMDAwMDMyOF0gKnBnZD0zNjg3ZTgzNSwgKnB0ZT0wMDAwMDAwMCwgKnBwdGU9MDAwMDAwMDANCg0NCgdNZXNzYWdlWyAgIDQyLjM5NTE4MF0gSW50ZXJuYWwgZXJyb3I6IE9vcHM6IDE3IFsjMV0gU01QIEFSTQ0KIGZyb20gc3lzbG9nZEByYXNwYmVycnlwaSBhdCBTZXAgMjYgMDU6MjU6MDggLi4uDQ0KIGtlcm5lbDpbICAgNDIuMzk1MTgwXSBJbnRlcm5bICAgNDIuNDAxMzMwXSBNb2R1bGVzIGxpbmtlZCBpbjogYm5lcCBoY2lfdWFydCBidGJjbSBzZXJkZXYgYmx1ZXRvb3RoIGVjZGhfZ2VuZXJpYyBzaGEyNTZfZ2VuZXJpYyBjZmc4MDIxMSByZmtpbGwgODAyMXEgZ2FycCBzdHAgbGxjIHJhc3BiZXJyeXBpX2h3bW9uIGh3bW9uIHNuZF9iY20yODM1KEMpIHNuZF9wY20gc25kX3RpbWVyIHNuZCBiY20yODM1X2NvZGVjKEMpIGJjbTI4MzVfdjRsMihDKSB2NGwyX21lbTJtZW0gYmNtMjgzNV9tbWFsX3ZjaGlxKEMpIHY0bDJfY29tbW9uIHZpZGVvYnVmMl92bWFsbG9jIHZpZGVvYnVmMl9kbWFfY29udGlnIHZpZGVvYnVmMl9tZW1vcHMgdmlkZW9idWYyX3Y0bDIgdmlkZW9idWYyX2NvbW1vbiB2aWRlb2RldiBtZWRpYSB2Y19zbV9jbWEoQykgZml4ZWQgdWlvX3BkcnZfZ2VuaXJxIHVpbyBpcF90YWJsZXMgeF90YWJsZXMgaXB2Ng0KYWwgZXJyb3I6IE9vcHM6IDE3IFsjMV0gU01QIEFSTQ1bICAgNDIuNDQ3MzM4XSBDUFU6IDIgUElEOiA0MzkgQ29tbTogdHJ5bWUgVGFpbnRlZDogRyAgICAgICAgIEMgICAgICAgIDQuMTkuNzUtdjcrICMxMjcwDQoKDVsgICA0Mi40NTgwODVdIEhhcmR3YXJlIG5hbWU6IEJDTTI4MzUNClsgICA0Mi40NjI3NzNdIFBDIGlzIGF0IGNvbW1pdF9jcmVkcysweDkwLzB4MjljDQpbICAgNDIuNDY4MzIyXSBMUiBpcyBhdCBfX3N5c19zZXRyZXN1aWQrMHgxNjgvMHgxZjQNClsgICA0Mi40NzQyMDBdIHBjIDogWzw4MDE0NTBjOD5dICAgIGxyIDogWzw4MDEzNTEwYz5dICAgIHBzcjogODAwMDAwMTMNClsgICA0Mi40ODE3NzBdIHNwIDogYjM4M2ZmNjAgIGlwIDogYjM4M2ZmNDAgIGZwIDogYjM4M2ZmOTQNClsgICA0Mi40ODgyODddIHIxMDogMDAwMDAwMDAgIHI5IDogMDAwMDAwMDAgIHI4IDogMDAwMDAwMDANClsgICA0Mi40OTQ4MDRdIHI3IDogMDAwMDAwMDAgIHI2IDogMDAwMDAwMDAgIHI1IDogZmZmZmZmZmYgIHI0IDogYjdlNTQyODANClsgICA0Mi41MDI2MjddIHIzIDogYjdlNTQwMDAgIHIyIDogMDAwMDAzZTggIHIxIDogMDAwMDAwMDEgIHIwIDogMDAwMDAwMDANClsgICA0Mi41MTA0MTVdIEZsYWdzOiBOemN2ICBJUlFzIG9uICBGSVFzIG9uICBNb2RlIFNWQ18zMiAgSVNBIEFSTSAgU2VnbWVudCB1c2VyDQpbICAgNDIuNTE4ODE3XSBDb250cm9sOiAxMGM1MzgzZCAgVGFibGU6IDMzOGM4MDZhICBEQUM6IDAwMDAwMDU1DQpbICAgNDIuNTI1ODMyXSBQcm9jZXNzIHRyeW1lIChwaWQ6IDQzOSwgc3RhY2sgbGltaXQgPSAweDdkNzA3OTEzKQ0KWyAgIDQyLjUzMjkzMV0gU3RhY2s6ICgweGIzODNmZjYwIHRvIDB4YjM4NDAwMDApDQpbICAgNDIuNTM4NTExXSBmZjYwOiAwMDAwMDAwMyBiN2U1NDAwMCAwMDAwMDAxMCAwMDAwMDAwMCAwMDAwMDAwMCAwMDAwMDAwMCAwMDAwMDBkMCA4MDEwMTFjNA0KWyAgIDQyLjU0OTEyNl0gZmY4MDogYjM4M2UwMDAgMDAwMDAwZDAgYjM4M2ZmYTQgYjM4M2ZmOTggODAxMzUxYjAgODAxMzRmYjAgMDAwMDAwMDAgYjM4M2ZmYTgNClsgICA0Mi41NjI3NDBdIGZmYTA6IDgwMTAxMDAwIDgwMTM1MWE0IDAwMDAwMDAwIDAwMDAwMDAwIDAwMDAwMDAwIDAwMDAwMDAwIDAwMDAwMDAwIDAwMDAwMDAwDQpbICAgNDIuNTc2MzM1XSBmZmMwOiAwMDAwMDAwMCAwMDAwMDAwMCAwMDAwMDAwMCAwMDAwMDBkMCAwMDAwMDAwMCAwMDAwMDAwMCAwMDAwMDAwMCA3ZWRhNWJjNA0KWyAgIDQyLjU5MDAxOV0gZmZlMDogNzZlNDA2OTQgN2VkYTViNzggMDAwMTA5NDAgMDAwMTA3MzggMDAwMDAwMTAgMDAwMDAwMDAgMDAwMDAwMDAgMDAwMDAwMDANClsgICA0Mi42MDQwMDddIFs8ODAxNDUwYzg+XSAoY29tbWl0X2NyZWRzKSBmcm9tIFs8ODAxMzUxYjA+XSAoc3lzX3NldHJlc3VpZCsweDE4LzB4MWMpDQpbICAgNDIuNjE3NzcwXSBbPDgwMTM1MWIwPl0gKHN5c19zZXRyZXN1aWQpIGZyb20gWzw4MDEwMTAwMD5dIChyZXRfZmFzdF9zeXNjYWxsKzB4MC8weDI4KQ0KWyAgIDQyLjYzMjAzMF0gRXhjZXB0aW9uIHN0YWNrKDB4YjM4M2ZmYTggdG8gMHhiMzgzZmZmMCkNClsgICA0Mi42NDAzOTJdIGZmYTA6ICAgICAgICAgICAgICAgICAgIDAwMDAwMDAwIDAwMDAwMDAwIDAwMDAwMDAwIDAwMDAwMDAwIDAwMDAwMDAwIDAwMDAwMDAwDQpbICAgNDIuNjU1MjIzXSBmZmMwOiAwMDAwMDAwMCAwMDAwMDAwMCAwMDAwMDAwMCAwMDAwMDBkMCAwMDAwMDAwMCAwMDAwMDAwMCAwMDAwMDAwMCA3ZWRhNWJjNA0KWyAgIDQyLjY3MDEzMV0gZmZlMDogNzZlNDA2OTQgN2VkYTViNzggMDAwMTA5NDAgMDAwMTA3MzgNClsgICA0Mi42NzgzNjJdIENvZGU6IGUxNWMwMDAzIDBhMDAwMDUwIGU1OTYwMzI4IGUzNTAwMDAwICgwYTAwMDAwMykgDQpbICAgNDIuNjg2MDQxXSAtLS1bIGVuZCB0cmFjZSAwMDIxZmI5ZTJmODYwYjYxIF0tLS0NCg0NCgdNZXNzYWdlIGZyb20gc3lzbG9nZEByYXNwYmVycnlwaSBhdCBTZXAgMjYgMDU6MjU6MDkgLi4uDQ0KIGtlcm5lbDpbICAgNDIuNTI1ODMyXSBQcm9jZXNzIHRyeW1lIChwaWQ6IDQzOSwgc3RhY2sgbGltaXQgPSAweDdkNzA3OTEzKQ0KDQ0NCgdNZXNzYWdlIGZyb20gc3lzbG9nZEByYXNwYmVycnlwaSBhdCBTZXAgMjYgMDU6MjU6MDkgLi4uDQ0KIGtlcm5lbDpbICAgNDIuNTMyOTMxXSBTdGFjazogKDB4YjM4M2ZmNjAgdG8gMHhiMzg0MDAwMCkNCg0NDQoHTWVzc2FnZSBmcm9tIHN5c2xvZ2RAcmFzcGJlcnJ5cGkgYXQgU2VwIDI2IDA1OjI1OjA5IC4uLg0NCiBrZXJuZWw6WyAgIDQyLjUzODUxMV0gZmY2MDogMDAwMDAwMDMgYjdlNTQwMDAgMDAwMDAwMTAgMDAwMDAwMDAgMDAwMDAwMDAgMDAwMDAwMDAgMDAwMDAwZDAgODAxMDExYzQNCg0NDQoHTWVzc2FnZSBmcm9tIHN5c2xvZ2RAcmFzcGJlcnJ5cGkgYXQgU2VwIDI2IDA1OjI1OjA5IC4uLg0NCiBrZXJuZWw6WyAgIDQyLjU0OTEyNl0gZmY4MDogYjM4M2UwMDAgMDAwMDAwZDAgYjM4M2ZmYTQgYjM4M2ZmOTggODAxMzUxYjAgODAxMzRmYjAgMDAwMDAwMDAgYjM4M2ZmYTgNCg0NDQoHTWVzc2FnZSBmcm9tIHN5c2xvZ2RAcmFzcGJlcnJ5cGkgYXQgU2VwIDI2IDA1OjI1OjA5IC4uLg0NCiBrZXJuZWw6WyAgIDQyLjU2Mjc0MF0gZmZhMDogODAxMDEwMDAgODAxMzUxYTQgMDAwMDAwMDAgMDAwMDAwMDAgMDAwMDAwMDAgMDAwMDAwMDAgMDAwMDAwMDAgMDAwMDAwMDANCg0NDQoHTWVzc2FnZSBmcm9tIHN5c2xvZ2RAcmFzcGJlcnJ5cGkgYXQgU2VwIDI2IDA1OjI1OjA5IC4uLg0NCiBrZXJuZWw6WyAgIDQyLjU3NjMzNV0gZmZjMDogMDAwMDAwMDAgMDAwMDAwMDAgMDAwMDAwMDAgMDAwMDAwZDAgMDAwMDAwMDAgMDAwMDAwMDAgMDAwMDAwMDAgN2VkYTViYzQNCg0NDQoHTWVzc2FnZSBmcm9tIHN5c2xvZ2RAcmFzcGJlcnJ5cGkgYXQgU2VwIDI2IDA1OjI1OjA5IC4uLg0NCiBrZXJuZWw6WyAgIDQyLjU5MDAxOV0gZmZlMDogNzZlNDA2OTQgN2VkYTViNzggMDAwMTA5NDAgMDAwMTA3MzggMDAwMDAwMTAgMDAwMDAwMDAgMDAwMDAwMDAgMDAwMDAwMDANCg0NDQoHTWVzc2FnZSBmcm9tIHN5c2xvZ2RAcmFzcGJlcnJ5cGkgYXQgU2VwIDI2IDA1OjI1OjA5IC4uLg0NCiBrZXJuZWw6WyAgIDQyLjY3ODM2Ml0gQ29kZTogZTE1YzAwMDMgMGEwMDAwNTAgZTU5NjAzMjggZTM1MDAwMDAgKDBhMDAwMDAzKSANCg1TZWdtZW50YXRpb24gZmF1bHQNCnBpQHJhc3BiZXJyeXBpOn4kIA=='
187,146,b'Li90cnltZQ0KNjI1MDAwMA0KZ3JpOjEwMDAvMTAwMC8xMDAwcGlAcmFzcGJlcnJ5cGk6fiQg'
187,139,b'Li90cnltZQ0KNjI1MDAwMA0KZ3JpOjEwMDAvMTAwMC8xMDAwcGlAcmFzcGJlcnJ5cGk6fiQg'
187,155,b'Li90cnltZQ0KNjI1MDAwMA0KZ3JpOjEwMDAvMTAwMC8xMDAwcGlAcmFzcGJlcnJ5cGk6fiQg'
187,142,b'Li90cnltZQ0KNjI1MDAwMA0KZ3JpOjEwMDAvMTAwMC8xMDAwcGlAcmFzcGJlcnJ5cGk6fiQgWyAgIDQ1LjY3MTgyMl0gVm9sdGFnZSBub3JtYWxpc2VkICgweDAwMDAwMDAwKQ0K'
187,154,b'Li90cnltZQ0KNjI1MDAwMA0KZ3JpOjEwMDAvMTAwMC8xMDAwcGlAcmFzcGJlcnJ5cGk6fiQg'
187,148,b'Li90cnltZQ0KNjI1MDAwMA0KZ3JpOjEwMDAvMTAwMC8xMDAwcGlAcmFzcGJlcnJ5cGk6fiQg'
187,149,b'Li90cnltZQ0KNjI1MDAwMA0KZ3JpOjEwMDAvMTAwMC8xMDAwcGlAcmFzcGJlcnJ5cGk6fiQg'
187,138,b'Li90cnltZQ0KNjI1MDAwMA0KZ3JpOjEwMDAvMTAwMC8xMDAwcGlAcmFzcGJlcnJ5cGk6fiQg'
187,151,b'Li90cnltZQ0KWyAgIDQ5LjE5NDEyM10gSW50ZXJuYWwgZXJyb3I6IE9vcHMgLSB1bmRlZmluZWQgaW5zdHJ1Y3Rpb246IDAgWyMyXSBTTVAgQVJNDQpbICAgNDkuMjAyMzUzXSBNb2R1bGVzIGxpbmtlZCBpbjogYm5lcCBoY2lfdWFydCBidGJjbSBzZXJkZXYgYmx1ZXRvb3RoIGVjZGhfZ2VuZXJpYyBzaGEyNTZfZ2VuZXJpYyBjZmc4MDIxMSByZmtpbGwgODAyMXEgZ2FycCBzdHAgbGxjIHJhc3BiZXJyeXBpX2h3bW9uIGh3bW9uIHNuZF9iY20yODM1KEMpIHNuZF9wY20gc25kX3RpbWVyIHNuZCBiY20yODM1X2NvZGVjKEMpIGJjbTI4MzVfdjRsMihDKSB2NGwyX21lbTJtZW0gYmNtMjgzNV9tbWFsX3ZjaGlxKEMpIHY0bDJfY29tbW9uIHZpZGVvYnVmMl92bWFsbG9jIHZpZGVvYnVmMl9kbWFfY29udGlnIHZpZGVvYnVmMl9tZW1vcHMgdmlkZW9idWYyX3Y0bDIgdmlkZW9idWYyX2NvbW1vbiB2aWRlb2RldiBtZWRpYSB2Y19zbV9jbWEoQykgZml4ZWQgdWlvX3BkcnZfZ2VuaXJxIHVpbyBpcF90YWJsZXMgeF90YWJsZXMgaXB2Ng0KWyAgIDQ5LjI0OTczM10gQ1BVOiAyIFBJRDogNDUwIENvbW06IHRyeW1lIFRhaW50ZWQ6IEcgICAgICBEICBDICAgICAgICA0LjE5Ljc1LXY3KyAjMTI3MA0KWyAgIDQ5LjI2MDM2N10gSGFyZHdhcmUgbmFtZTogQkNNMjgzNQ0KWyAgIDQ5LjI2NTExOF0gUEMgaXMgYXQgbnNfY2FwYWJsZV9jb21tb24rMHg5NC8weGIwDQpbICAgNDkuMjcxMDczXSBMUiBpcyBhdCAweGIzODNlMDAwDQpbICAgNDkuMjc1NTAwXSBwYyA6IFs8ODAxMmIzYzQ+XSAgICBsciA6IFs8YjM4M2UwMDA+XSAgICBwc3I6IDIwMDAwMDEzDQpbICAgNDkuMjg0NzY1XSBzcCA6IGIzODNmZjQwICBpcCA6IDAwMDAwMDA3ICBmcCA6IGIzODNmZjRjDQpbICAgNDkuMjkyOTM3XSByMTA6IDAwMDAwMDAwICByOSA6IDAwMDAwMDAwICByOCA6IDAwMDAwMDAwDQpbICAgNDkuMzAxMDE1XSByNyA6IDAwMDAwMDAwICByNiA6IDAwMDAwMDAwICByNSA6IDAwMDAwMDAwICByNCA6IGI3ZTU0NjAwDQpbICAgNDkuMzEwMzM3XSByMyA6IDAwMDAwMDAxICByMiA6IDAwMDAwMDA3ICByMSA6IDgwZDBkNjQwICByMCA6IDAxMDAwMDAwDQpbICAgNDkuMzE5NjA5XSBGbGFnczogbnpDdiAgSVJRcyBvbiAgRklRcyBvbiAgTW9kZSBTVkNfMzIgIElTQSBBUk0gIFNlZ21lbnQgdXNlcg0KWyAgIDQ5LjMyOTU0M10gQ29udHJvbDogMTBjNTM4M2QgIFRhYmxlOiAzMzkyODA2YSAgREFDOiAwMDAwMDA1NQ0KWyAgIDQ5LjMzODA2MF0gUHJvY2VzcyB0cnltZSAocGlkOiA0NTAsIHN0YWNrIGxpbWl0ID0gMHg3ZDcwNzkxMykNClsgICA0OS4zNDY2OTBdIFN0YWNrOiAoMHhiMzgzZmY0MCB0byAweGIzODQwMDAwKQ0KWyAgIDQ5LjM1Mzc2NV0gZmY0MDogYjM4M2ZmNWMgYjM4M2ZmNTAgODAxMmIzZmMgODAxMmIzM2MgYjM4M2ZmOTQgYjM4M2ZmNjAgODAxMzUwNzAgODAxMmIzZWMNClsgICA0OS4zNjczMzldIGZmNjA6IDAwMDAwMDAzIGI3ZTU0NTgwIDAwMDAwMDEwIDAwMDAwMDAwIDAwMDAwMDAwIDAwMDAwMDAwIDAwMDAwMGQwIDgwMTAxMWM0DQpbICAgNDkuMzgwODkxXSBmZjgwOiBiMzgzZTAwMCAwMDAwMDBkMCBiMzgzZmZhNCBiMzgzZmY5OCA4MDEzNTFiMCA4MDEzNGZiMCAwMDAwMDAwMCBiMzgzZmZhOA0KWyAgIDQ5LjM5NDQyOF0gZmZhMDogODAxMDEwMDAgODAxMzUxYTQgMDAwMDAwMDAgMDAwMDAwMDAgMDAwMDAwMDAgMDAwMDAwMDAgMDAwMDAwMDAgMDAwMDAwMDANClsgICA0OS40MDgwNDFdIGZmYzA6IDAwMDAwMDAwIDAwMDAwMDAwIDAwMDAwMDAwIDAwMDAwMGQwIDAwMDAwMDAwIDAwMDAwMDAwIDAwMDAwMDAwIDdlYzNmYmM0DQpbICAgNDkuNDIxOTM1XSBmZmUwOiA3NmU0YzY5NCA3ZWMzZmI3OCAwMDAxMDk0MCAwMDAxMDczOCAwMDAwMDAxMCAwMDAwMDAwMCAwMDAwMDAwMCAwMDAwMDAwMA0KWyAgIDQ5LjQzNjE1Ml0gWzw4MDEyYjNjND5dIChuc19jYXBhYmxlX2NvbW1vbikgZnJvbSBbPDgwMTJiM2ZjPl0gKG5zX2NhcGFibGUrMHgxYy8weDIwKQ0KWyAgIDQ5LjQ1MDI1MV0gWzw4MDEyYjNmYz5dIChuc19jYXBhYmxlKSBmcm9tIFs8ODAxMzUwNzA+XSAoX19zeXNfc2V0cmVzdWlkKzB4Y2MvMHgxZjQpDQpbICAgNDkuNDY0Njk0XSBbPDgwMTM1MDcwPl0gKF9fc3lzX3NldHJlc3VpZCkgZnJvbSBbPDgwMTM1MWIwPl0gKHN5c19zZXRyZXN1aWQrMHgxOC8weDFjKQ0KWyAgIDQ5LjQ3OTUwMl0gWzw4MDEzNTFiMD5dIChzeXNfc2V0cmVzdWlkKSBmcm9tIFs8ODAxMDEwMDA+XSAocmV0X2Zhc3Rfc3lzY2FsbCsweDAvMHgyOCkNClsgICA0OS40OTI4NjVdIEV4Y2VwdGlvbiBzdGFjaygweGIzODNmZmE4IHRvIDB4YjM4M2ZmZjApDQpbICAgNDkuNDk5NDk2XSBmZmEwOiAgICAgICAgICAgICAgICAgICAwMDAwMDAwMCAwMDAwMDAwMCAwMDAwMDAwMCAwMDAwMDAwMCAwMDAwMDAwMCAwMDAwMDAwMA0KWyAgIDQ5LjUxMDc2MV0gZmZjMDogMDAwMDAwMDAgMDAwMDAwMDAgMDAwMDAwMDAgMDAwMDAwZDAgMDAwMDAwMDAgMDAwMDAwMDAgMDAwMDAwMDAgN2VjM2ZiYzQNClsgICA0OS41MjIwMDldIGZmZTA6IDc2ZTRjNjk0IDdlYzNmYjc4IDAwMDEwOTQwIDAwMDEwNzM4DQpbICAgNDkuNTI4NTk4XSBDb2RlOiBlMWEwMTAwMCBlMWEwMjAwYyBlM2EwMzAwMSBlNTllMDAwYyAoZTU5MDA0YTgpIA0KWyAgIDQ5LjUzNjIzNF0gLS0tWyBlbmQgdHJhY2UgMDAyMWZiOWUyZjg2MGI2MiBdLS0tDQpTZWdtZW50YXRpb24gZmF1bHQNCg0NCgdNZXNzYWdlIGZyb20gc3lzbG9nZEByYXNwYmVycnlwaSBhdCBTZXAgMjYgMDU6MjU6MTYgLi4uDQ0KIGtlcm5lbDpbICAgNDkuMTk0MTIzXSBJbnRlcm5hbCBlcnJvcjogT29wcyAtIHVuZGVmaW5lZCBpbnN0cnVjdGlvbjogMCBbIzJdIFNNUCBBUk0NCg0NDQoHTWVzc2FnZSBmcm9tIHN5c2xvZ2RAcmFzcGJlcnJ5cGkgYXQgU2VwIDI2IDA1OjI1OjE2IC4uLg0NCiBrZXJuZWw6WyAgIDQ5LjMzODA2MF0gUHJvY2VzcyB0cnltZSAocGlkOiA0NTAsIHN0YWNrIGxpbWl0ID0gMHg3ZDcwNzkxMykNCg0NDQoHTWVzc2FnZSBmcm9tIHN5c2xvZ2RAcmFzcGJlcnJ5cGkgYXQgU2VwIDI2IDA1OjI1OjE2IC4uLg0NCiBrZXJuZWw6WyAgIDQ5LjM0NjY5MF0gU3RhY2s6ICgweGIzODNmZjQwIHRvIDB4YjM4NDAwMDApDQoNDQ0KB01lc3NhZ2UgZnJvbSBzeXNsb2dkQHJhc3BiZXJyeXBpIGF0IFNlcCAyNiAwNToyNToxNiAuLi4NDQoga2VybmVsOlsgICA0OS4zNTM3NjVdIGZmNDA6IGIzODNmZjVjIGIzODNmZjUwIDgwMTJiM2ZjIDgwMTJiMzNjIGIzODNmZjk0IGIzODNmZjYwIDgwMTM1MDcwIDgwMTJiM2VjDQoNDQ0KB01lc3NhZ2UgZnJvbSBzeXNsb2dkQHJhc3BiZXJyeXBpIGF0IFNlcCAyNiAwNToyNToxNiAuLi4NDQoga2VybmVsOlsgICA0OS4zNjczMzldIGZmNjA6IDAwMDAwMDAzIGI3ZTU0NTgwIDAwMDAwMDEwIDAwMDAwMDAwIDAwMDAwMDAwIDAwMDAwMDAwIDAwMDAwMGQwIDgwMTAxMWM0DQoNDQ0KB01lc3NhZ2UgZnJvbSBzeXNsb2dkQHJhc3BiZXJyeXBpIGF0IFNlcCAyNiAwNToyNToxNiAuLi4NDQoga2VybmVsOlsgICA0OS4zODA4OTFdIGZmODA6IGIzODNlMDAwIDAwMDAwMGQwIGIzODNmZmE0IGIzODNmZjk4IDgwMTM1MWIwIDgwMTM0ZmIwIDAwMDAwMDAwIGIzODNmZmE4DQoNDQ0KB01lc3NhZ2UgZnJvbSBzeXNsb2dkQHJhc3BiZXJyeXBpIGF0IFNlcCAyNiAwNToyNToxNiAuLi4NDQoga2VybmVsOlsgICA0OS4zOTQ0MjhdIGZmYTA6IDgwMTAxMDAwIDgwMTM1MWE0IDAwMDAwMDAwIDAwMDAwMDAwIDAwMDAwMDAwIDAwMDAwMDAwIDAwMDAwMDAwIDAwMDAwMDAwDQoNDQ0KB01lc3NhZ2UgZnJvbSBzeXNsb2dkQHJhc3BiZXJyeXBpIGF0IFNlcCAyNiAwNToyNToxNiAuLi4NDQoga2VybmVsOlsgICA0OS40MDgwNDFdIGZmYzA6IDAwMDAwMDAwIDAwMDAwMDAwIDAwMDAwMDAwIDAwMDAwMGQwIDAwMDAwMDAwIDAwMDAwMDAwIDAwMDAwMDAwIDdlYzNmYmM0DQoNDQ0KB01lc3NhZ2UgZnJvbSBzeXNsb2dkQHJhc3BiZXJyeXBpIGF0IFNlcCAyNiAwNToyNToxNiAuLi4NDQoga2VybmVsOlsgICA0OS40MjE5MzVdIGZmZTA6IDc2ZTRjNjk0IDdlYzNmYjc4IDAwMDEwOTQwIDAwMDEwNzM4IDAwMDAwMDEwIDAwMDAwMDAwIDAwMDAwMDAwIDAwMDAwMDAwDQoNDQ0KB01lc3NhZ2UgZnJvbSBzeXNsb2dkQHJhc3BiZXJyeXBpIGF0IFNlcCAyNiAwNToyNToxNiAuLi4NDQoga2VybmVsOlsgICA0OS41Mjg1OThdIENvZGU6IGUxYTAxMDAwIGUxYTAyMDBjIGUzYTAzMDAxIGU1OWUwMDBjIChlNTkwMDRhOCkgDQoNcGlAcmFzcGJlcnJ5cGk6fiQg'
187,145,b'Li90cnltZQ0KNjI1MDAwMA0KZ3JpOjEwMDAvMTAwMC8xMDAwcGlAcmFzcGJlcnJ5cGk6fiQg'
187,149,b'Li90cnltZQ0KNjI1MDAwMA0KZ3JpOjEwMDAvMTAwMC8xMDAwcGlAcmFzcGJlcnJ5cGk6fiQg'
187,143,b'Li90cnltZQ0KNjI1MDAwMA0KZ3JpOjEwMDAvMTAwMC8xMDAwcGlAcmFzcGJlcnJ5cGk6fiQg'
187,146,b'Li90cnltZQ0KWyAgIDUyLjIyNDEwNl0gVW5hYmxlIHRvIGhhbmRsZSBrZXJuZWwgTlVMTCBwb2ludGVyIGRlcmVmZXJlbmNlIGF0IHZpcnR1YWwgYWRkcmVzcyAwMDAwMDAwYw0KWyAgIDUyLjIzNTIxOV0gcGdkID0gZjg5NzI1OTQNClsgICA1Mi4yMzkzMTZdIFswMDAwMDAwY10gKnBnZD0zNjk5NTgzNSwgKnB0ZT0wMDAwMDAwMCwgKnBwdGU9MDAwMDAwMDANClsgICA1Mi4yNDcwNzddIEludGVybmFsIGVycm9yOiBPb3BzOiAxNyBbIzNdIFNNUCBBUk0NClsgICA1Mi4yNTMyMTNdIE1vZHVsZXMgbGlua2VkIGluOiBibmVwIGhjaV91YXJ0IGJ0YmNtIHNlcmRldiBibHVldG9vdGggZWNkaF9nZW5lcmljIHNoYTI1Nl9nZW5lcmljIGNmZzgwMjExIHJma2lsbCA4MDIxcSBnYXJwIHN0cCBsbGMgcmFzcGJlcnJ5cGlfaHdtb24gaHdtb24gc25kX2JjbTI4MzUoQykgc25kX3BjbSBzbmRfdGltZXIgc25kIGJjbTI4MzVfY29kZWMoQykgYmNtMjgzNV92NGwyKEMpIHY0bDJfbWVtMm1lbSBiY20yODM1X21tYWxfdmNoaXEoQykgdjRsMl9jb21tb24gdmlkZW9idWYyX3ZtYWxsb2MgdmlkZW9idWYyX2RtYV9jb250aWcgdmlkZW9idWYyX21lbW9wcyB2aWRlb2J1ZjJfdjRsMiB2aWRlb2J1ZjJfY29tbW9uIHZpZGVvZGV2IG1lZGlhIHZjX3NtX2NtYShDKSBmaXhlZCB1aW9fcGRydl9nZW5pcnEgdWlvIGlwX3RhYmxlcyB4X3RhYmxlcyBpcHY2DQpbICAgNTIuMzAwMzY1XSBDUFU6IDAgUElEOiA0NTQgQ29tbTogdHJ5bWUgVGFpbnRlZDogRyAgICAgIEQgIEMgICAgICAgIDQuMTkuNzUtdjcrICMxMjcwDQpbICAgNTIuMzEwOTM1XSBIYXJkd2FyZSBuYW1lOiBCQ00yODM1DQpbICAgNTIuMzE1NjcyXSBQQyBpcyBhdCBuc19jYXBhYmxlX2NvbW1vbisweDkwLzB4YjANClsgICA1Mi4zMjE2MjldIExSIGlzIGF0ICAgKG51bGwpDQpbICAgNTIuMzI1ODU2XSBwYyA6IFs8ODAxMmIzYzA+XSAgICBsciA6IFs8MDAwMDAwMDA+XSAgICBwc3I6IDIwMDAwMDEzDQpbICAgNTIuMzMzNDQ0XSBzcCA6IGIzOTQ3ZjQwICBpcCA6IDAwMDAwMDA3ICBmcCA6IGIzOTQ3ZjRjDQpbICAgNTIuMzM5OTY3XSByMTA6IDAwMDAwMDAwICByOSA6IDAwMDAwMDAwICByOCA6IDAwMDAwMDAwDQpbICAgNTIuMzQ2NDY5XSByNyA6IDAwMDAwMDAwICByNiA6IDAwMDAwMDAwICByNSA6IDAwMDAwMDAwICByNCA6IGIzODViMjAwDQpbICAgNTIuMzU0Mjc4XSByMyA6IDAwMDAwMDAxICByMiA6IDAwMDAwMDA3ICByMSA6IDgwZDBkNjQwICByMCA6IDgwZDBkNjQwDQpbICAgNTIuMzYyMDQ5XSBGbGFnczogbnpDdiAgSVJRcyBvbiAgRklRcyBvbiAgTW9kZSBTVkNfMzIgIElTQSBBUk0gIFNlZ21lbnQgdXNlcg0KWyAgIDUyLjM3MDQzNV0gQ29udHJvbDogMTBjNTM4M2QgIFRhYmxlOiAzNTA2NDA2YSAgREFDOiAwMDAwMDA1NQ0KWyAgIDUyLjM3NzQzMl0gUHJvY2VzcyB0cnltZSAocGlkOiA0NTQsIHN0YWNrIGxpbWl0ID0gMHhjZDZmOGU3MCkNClsgICA1Mi4zODQ1MTJdIFN0YWNrOiAoMHhiMzk0N2Y0MCB0byAweGIzOTQ4MDAwKQ0KWyAgIDUyLjM5MDA3NV0gN2Y0MDogYjM5NDdmNWMgYjM5NDdmNTAgODAxMmIzZmMgODAxMmIzM2MgYjM5NDdmOTQgYjM5NDdmNjAgODAxMzUwNzAgODAxMmIzZWMNClsgICA1Mi40MDA2NTJdIDdmNjA6IDAwMDAwMDAzIGIzODViMTgwIDAwMDAwMDEwIDAwMDAwMDAwIDAwMDAwMDAwIDAwMDAwMDAwIDAwMDAwMGQwIDgwMTAxMWM0DQpbICAgNTIuNDExMjE5XSA3ZjgwOiBiMzk0NjAwMCAwMDAwMDBkMCBiMzk0N2ZhNCBiMzk0N2Y5OCA4MDEzNTFiMCA4MDEzNGZiMCAwMDAwMDAwMCBiMzk0N2ZhOA0KWyAgIDUyLjQyMTc3OV0gN2ZhMDogODAxMDEwMDAgODAxMzUxYTQgMDAwMDAwMDAgMDAwMDAwMDAgMDAwMDAwMDAgMDAwMDAwMDAgMDAwMDAwMDAgMDAwMDAwMDANClsgICA1Mi40MzIzNzNdIDdmYzA6IDAwMDAwMDAwIDAwMDAwMDAwIDAwMDAwMDAwIDAwMDAwMGQwIDAwMDAwMDAwIDAwMDAwMDAwIDAwMDAwMDAwIDdlYmY1YmM0DQpbICAgNTIuNDQzMDg4XSA3ZmUwOiA3NmVmYjY5NCA3ZWJmNWI3OCAwMDAxMDk0MCAwMDAxMDczOCAwMDAwMDAxMCAwMDAwMDAwMCAwMDAwMDAwMCAwMDAwMDAwMA0KWyAgIDUyLjQ1Mzk0NV0gWzw4MDEyYjNjMD5dIChuc19jYXBhYmxlX2NvbW1vbikgZnJvbSBbPDgwMTJiM2ZjPl0gKG5zX2NhcGFibGUrMHgxYy8weDIwKQ0KWyAgIDUyLjQ2NDU0OV0gWzw4MDEyYjNmYz5dIChuc19jYXBhYmxlKSBmcm9tIFs8ODAxMzUwNzA+XSAoX19zeXNfc2V0cmVzdWlkKzB4Y2MvMHgxZjQpDQpbICAgNTIuNDc1MjUxXSBbPDgwMTM1MDcwPl0gKF9fc3lzX3NldHJlc3VpZCkgZnJvbSBbPDgwMTM1MWIwPl0gKHN5c19zZXRyZXN1aWQrMHgxOC8weDFjKQ0KWyAgIDUyLjQ4NjIwN10gWzw4MDEzNTFiMD5dIChzeXNfc2V0cmVzdWlkKSBmcm9tIFs8ODAxMDEwMDA+XSAocmV0X2Zhc3Rfc3lzY2FsbCsweDAvMHgyOCkNClsgICA1Mi40OTcyMzhdIEV4Y2VwdGlvbiBzdGFjaygweGIzOTQ3ZmE4IHRvIDB4YjM5NDdmZjApDQpbICAgNTIuNTAzODcxXSA3ZmEwOiAgICAgICAgICAgICAgICAgICAwMDAwMDAwMCAwMDAwMDAwMCAwMDAwMDAwMCAwMDAwMDAwMCAwMDAwMDAwMCAwMDAwMDAwMA0KWyAgIDUyLjUxNTEzOV0gN2ZjMDogMDAwMDAwMDAgMDAwMDAwMDAgMDAwMDAwMDAgMDAwMDAwZDAgMDAwMDAwMDAgMDAwMDAwMDAgMDAwMDAwMDAgN2ViZjViYzQNClsgICA1Mi41MjYzOTJdIDdmZTA6IDc2ZWZiNjk0IDdlYmY1Yjc4IDAwMDEwOTQwIDAwMDEwNzM4DQpbICAgNTIuNTMyOTg0XSBDb2RlOiBlM2NlZTAzZiBlMWEwMTAwMCBlMWEwMjAwYyBlM2EwMzAwMSAoZTU5ZTAwMGMpIA0KDQ0KB01lc3NbICAgNTIuNTQwNzQxXSAtLS1bIGVuZCB0cmFjZSAwMDIxZmI5ZTJmODYwYjYzIF0tLS0NCmFnZSBmcm9tIHN5c2xvZ2RAcmFzcGJlcnJ5cGkgYXQgU2VwIDI2IDA1OjI1OjE4IC4uLg0NCiBrZXJuZWw6WyAgIDUyLjI0NzA3N10gSW50ZXJuYWwgZXJyb3I6IE9vcHM6IDE3IFsjM10gU01QIEFSTQ0KDQ0NCgdNZXNzYWdlIGZyb20gc3lzbG9nZEByYXNwYmVycnlwaSBhdCBTZXAgMjYgMDU6MjU6MTkgLi4uDQ0KIGtlcm5lbDpbICAgNTIuMzc3NDMyXSBQcm9jZXNzIHRyeW1lIChwaWQ6IDQ1NCwgc3RhY2sgbGltaXQgPSAweGNkNmY4ZTcwKQ0KDQ0NCgdNZXNzYWdlIGZyb20gc3lzbG9nZEByYXNwYmVycnlwaSBhdCBTZXAgMjYgMDU6MjU6MTkgLi4uDQ0KIGtlcm5lbDpbICAgNTIuMzg0NTEyXSBTdGFjazogKDB4YjM5NDdmNDAgdG8gMHhiMzk0ODAwMCkNCg0NDQoHTWVzc2FnZSBmcm9tIHN5c2xvZ2RAcmFzcGJlcnJ5cGkgYXQgU2VwIDI2IDA1OjI1OjE5IC4uLg0NCiBrZXJuZWw6WyAgIDUyLjM5MDA3NV0gN2Y0MDogYjM5NDdmNWMgYjM5NDdmNTAgODAxMmIzZmMgODAxMmIzM2MgYjM5NDdmOTQgYjM5NDdmNjAgODAxMzUwNzAgODAxMmIzZWMNCg0NDQoHTWVzc2FnZSBmcm9tIHN5c2xvZ2RAcmFzcGJlcnJ5cGkgYXQgU2VwIDI2IDA1OjI1OjE5IC4uLg0NCiBrZXJuZWw6WyAgIDUyLjQwMDY1Ml0gN2Y2MDogMDAwMDAwMDMgYjM4NWIxODAgMDAwMDAwMTAgMDAwMDAwMDAgMDAwMDAwMDAgMDAwMDAwMDAgMDAwMDAwZDAgODAxMDExYzQNCg0NDQoHTWVzc2FnZSBmcm9tIHN5c2xvZ2RAcmFzcGJlcnJ5cGkgYXQgU2VwIDI2IDA1OjI1OjE5IC4uLg0NCiBrZXJuZWw6WyAgIDUyLjQxMTIxOV0gN2Y4MDogYjM5NDYwMDAgMDAwMDAwZDAgYjM5NDdmYTQgYjM5NDdmOTggODAxMzUxYjAgODAxMzRmYjAgMDAwMDAwMDAgYjM5NDdmYTgNCg0NDQoHTWVzc2FnZSBmcm9tIHN5c2xvZ2RAcmFzcGJlcnJ5cGkgYXQgU2VwIDI2IDA1OjI1OjE5IC4uLg0NCiBrZXJuZWw6WyAgIDUyLjQyMTc3OV0gN2ZhMDogODAxMDEwMDAgODAxMzUxYTQgMDAwMDAwMDAgMDAwMDAwMDAgMDAwMDAwMDAgMDAwMDAwMDAgMDAwMDAwMDAgMDAwMDAwMDANCg0NDQoHTWVzc2FnZSBmcm9tIHN5c2xvZ2RAcmFzcGJlcnJ5cGkgYXQgU2VwIDI2IDA1OjI1OjE5IC4uLg0NCiBrZXJuZWw6WyAgIDUyLjQzMjM3M10gN2ZjMDogMDAwMDAwMDAgMDAwMDAwMDAgMDAwMDAwMDAgMDAwMDAwZDAgMDAwMDAwMDAgMDAwMDAwMDAgMDAwMDAwMDAgN2ViZjViYzQNCg0NDQoHTWVzc2FnZSBmcm9tIHN5c2xvZ2RAcmFzcGJlcnJ5cGkgYXQgU2VwIDI2IDA1OjI1OjE5IC4uLg0NCiBrZXJuZWw6WyAgIDUyLjQ0MzA4OF0gN2ZlMDogNzZlZmI2OTQgN2ViZjViNzggMDAwMTA5NDAgMDAwMTA3MzggMDAwMDAwMTAgMDAwMDAwMDAgMDAwMDAwMDAgMDAwMDAwMDANCg0NDQoHTWVzc2FnZSBmcm9tIHN5c2xvZ2RAcmFzcGJlcnJ5cGkgYXQgU2VwIDI2IDA1OjI1OjE5IC4uLg0NCiBrZXJuZWw6WyAgIDUyLjUzMjk4NF0gQ29kZTogZTNjZWUwM2YgZTFhMDEwMDAgZTFhMDIwMGMgZTNhMDMwMDEgKGU1OWUwMDBjKSANCg1TZWdtZW50YXRpb24gZmF1bHQNCnBpQHJhc3BiZXJyeXBpOn4kIA=='
187,146,b'Li90cnltZQ0KNjI1MDAwMA0KZ3JpOjEwMDAvMTAwMC8xMDAwcGlAcmFzcGJlcnJ5cGk6fiQg'
187,142,b'Li90cnltZQ0KNjI1MDAwMA0KZ3JpOjEwMDAvMTAwMC8xMDAwcGlAcmFzcGJlcnJ5cGk6fiQg'
187,141,b'Li90cnltZQ0KNjI1MDAwMA0KZ3JpOjEwMDAvMTAwMC8xMDAwcGlAcmFzcGJlcnJ5cGk6fiQg'
187,142,b'Li90cnltZQ0KNjI1MDAwMA0KZ3JpOjEwMDAvMTAwMC8xMDAwcGlAcmFzcGJlcnJ5cGk6fiQg'
187,152,b'Li90cnltZQ0KWyAgIDU2LjAxNDEyMV0gVW5hYmxlIHRvIGhhbmRsZSBrZXJuZWwgcGFnaW5nIHJlcXVlc3QgYXQgdmlydHVhbCBhZGRyZXNzIGUzNTEwMGNhDQpbICAgNTYuMDIyOTM1XSBwZ2QgPSA4YWM0YTFkYg0KWyAgIDU2LjAyNzA2NF0gW2UzNTEwMGNhXSAqcGdkPTAwMDAwMDAwDQpbICAgNTYuMDMyMDQ1XSBJbnRlcm5hbCBlcnJvcjogT29wczogNSBbIzRdIFNNUCBBUk0NClsgICA1Ni4wMzgwNThdIE1vZHVsZXMgbGlua2VkIGluOiBibmVwIGhjaV91YXJ0IGJ0YmNtIHNlcmRldiBibHVldG9vdGggZWNkaF9nZW5lcmljIHNoYTI1Nl9nZW5lcmljIGNmZzgwMjExIHJma2lsbCA4MDIxcSBnYXJwIHN0cCBsbGMgcmFzcGJlcnJ5cGlfaHdtb24gaHdtb24gc25kX2JjbTI4MzUoQykgc25kX3BjbSBzbmRfdGltZXIgc25kIGJjbTI4MzVfY29kZWMoQykgYmNtMjgzNV92NGwyKEMpIHY0bDJfbWVtMm1lbSBiY20yODM1X21tYWxfdmNoaXEoQykgdjRsMl9jb21tb24gdmlkZW9idWYyX3ZtYWxsb2MgdmlkZW9idWYyX2RtYV9jb250aWcgdmlkZW9idWYyX21lbW9wcyB2aWRlb2J1ZjJfdjRsMiB2aWRlb2J1ZjJfY29tbW9uIHZpZGVvZGV2IG1lZGlhIHZjX3NtX2NtYShDKSBmaXhlZCB1aW9fcGRydl9nZW5pcnEgdWlvIGlwX3RhYmxlcyB4X3RhYmxlcyBpcHY2DQpbICAgNTYuMDg5NTYxXSBDUFU6IDIgUElEOiA0NTkgQ29tbTogdHJ5bWUgVGFpbnRlZDogRyAgICAgIEQgIEMgICAgICAgIDQuMTkuNzUtdjcrICMxMjcwDQpbICAgNTYuMTAzNDg5XSBIYXJkd2FyZSBuYW1lOiBCQ00yODM1DQpbICAgNTYuMTA5ODgyXSBQQyBpcyBhdCBjYXBfY2FwYWJsZSsweDJjLzB4OGMNClsgICA1Ni4xMTY5MDVdIExSIGlzIGF0ICAgKG51bGwpDQpbICAgNTYuMTIyNjkwXSBwYyA6IFs8ODA0YTE2ODQ+XSAgICBsciA6IFs8MDAwMDAwMDA+XSAgICBwc3I6IDgwMDAwMDEzDQpbICAgNTYuMTMxODUyXSBzcCA6IGIzODcxZjMwICBpcCA6IGIzODcxZjQwICBmcCA6IGIzODcxZjNjDQpbICAgNTYuMTM5ODg3XSByMTA6IDAwMDAwMDAwICByOSA6IDAwMDAwMDAwICByOCA6IDAwMDAwMDAwDQpbICAgNTYuMTQ3ODg3XSByNyA6IDAwMDAwMDAwICByNiA6IDAwMDAwMDAwICByNSA6IDAwMDAwMDAwICByNCA6IGI3ZTU0NzgwDQpbICAgNTYuMTU3MTcyXSByMyA6IGUzNTEwMDAyICByMiA6IDAwMDAwMDA3ICByMSA6IDgwZDBkNjQwICByMCA6IGI1ZTU0NzAwDQpbICAgNTYuMTY2NDAxXSBGbGFnczogTnpjdiAgSVJRcyBvbiAgRklRcyBvbiAgTW9kZSBTVkNfMzIgIElTQSBBUk0gIFNlZ21lbnQgdXNlcg0KWyAgIDU2LjE3NjI2MF0gQ29udHJvbDogMTBjNTM4M2QgIFRhYmxlOiAzMzkyODA2YSAgREFDOiAwMDAwMDA1NQ0KWyAgIDU2LjE4NDY3Ml0gUHJvY2VzcyB0cnltZSAocGlkOiA0NTksIHN0YWNrIGxpbWl0ID0gMHhiOTNhMjcxMSkNClsgICA1Ni4xOTMyMjddIFN0YWNrOiAoMHhiMzg3MWYzMCB0byAweGIzODcyMDAwKQ0KWyAgIDU2LjIwMDI3OV0gMWYyMDogICAgICAgICAgICAgICAgICAgICAgICAgICAgICAgICAgICAgYjM4NzFmNGMgYjM4NzFmNDAgODAxMmIzY2MgODA0YTE2NjQNClsgICA1Ni4yMTM3MjJdIDFmNDA6IGIzODcxZjVjIGIzODcxZjUwIDgwMTJiM2ZjIDgwMTJiMzNjIGIzODcxZjk0IGIzODcxZjYwIDgwMTM1MDcwIDgwMTJiM2VjDQpbICAgNTYuMjI3MDc3XSAxZjYwOiAwMDAwMDAwMyBiN2U1NDcwMCAwMDAwMDAxMCAwMDAwMDAwMCAwMDAwMDAwMCAwMDAwMDAwMCAwMDAwMDBkMCA4MDEwMTFjNA0KWyAgIDU2LjI0MDQxNV0gMWY4MDogYjM4NzAwMDAgMDAwMDAwZDAgYjM4NzFmYTQgYjM4NzFmOTggODAxMzUxYjAgODAxMzRmYjAgMDAwMDAwMDAgYjM4NzFmYTgNClsgICA1Ni4yNTM4MjZdIDFmYTA6IDgwMTAxMDAwIDgwMTM1MWE0IDAwMDAwMDAwIDAwMDAwMDAwIDAwMDAwMDAwIDAwMDAwMDAwIDAwMDAwMDAwIDAwMDAwMDAwDQpbICAgNTYuMjY3NTM0XSAxZmMwOiAwMDAwMDAwMCAwMDAwMDAwMCAwMDAwMDAwMCAwMDAwMDBkMCAwMDAwMDAwMCAwMDAwMDAwMCAwMDAwMDAwMCA3ZWQxNGJjNA0KWyAgIDU2LjI4MTU4NV0gMWZlMDogNzZlZWY2OTQgN2VkMTRiNzggMDAwMTA5NDAgMDAwMTA3MzggMDAwMDAwMTAgMDAwMDAwMDAgMDAwMDAwMDAgMDAwMDAwMDANClsgICA1Ni4yOTU4NjldIFs8ODA0YTE2ODQ+XSAoY2FwX2NhcGFibGUpIGZyb20gWzw4MDEyYjNjYz5dIChuc19jYXBhYmxlX2NvbW1vbisweDljLzB4YjApDQpbICAgNTYuMzA2Njc1XSBbPDgwMTJiM2NjPl0gKG5zX2NhcGFibGVfY29tbW9uKSBmcm9tIFs8ODAxMmIzZmM+XSAobnNfY2FwYWJsZSsweDFjLzB4MjApDQpbICAgNTYuMzE3NDY4XSBbPDgwMTJiM2ZjPl0gKG5zX2NhcGFibGUpIGZyb20gWzw4MDEzNTA3MD5dIChfX3N5c19zZXRyZXN1aWQrMHhjYy8weDFmNCkNClsgICA1Ni4zMjgyNDhdIFs8ODAxMzUwNzA+XSAoX19zeXNfc2V0cmVzdWlkKSBmcm9tIFs8ODAxMzUxYjA+XSAoc3lzX3NldHJlc3VpZCsweDE4LzB4MWMpDQpbICAgNTYuMzM5MjkyXSBbPDgwMTM1MWIwPl0gKHN5c19zZXRyZXN1aWQpIGZyb20gWzw4MDEwMTAwMD5dIChyZXRfZmFzdF9zeXNjYWxsKzB4MC8weDI4KQ0KWyAgIDU2LjM1MDM2N10gRXhjZXB0aW9uIHN0YWNrKDB4YjM4NzFmYTggdG8gMHhiMzg3MWZmMCkNClsgICA1Ni4zNTcwMDRdIDFmYTA6ICAgICAgICAgICAgICAgICAgIDAwMDAwMDAwIDAwMDAwMDAwIDAwMDAwMDAwIDAwMDAwMDAwIDAwMDAwMDAwIDAwMDAwMDAwDQpbICAgNTYuMzY4Mjc3XSAxZmMwOiAwMDAwMDAwMCAwMDAwMDAwMCAwMDAwMDAwMCAwMDAwMDBkMCAwMDAwMDAwMCAwMDAwMDAwMCAwMDAwMDAwMCA3ZWQxNGJjNA0KWyAgIDU2LjM3OTUzM10gMWZlMDogNzZlZWY2OTQgN2VkMTRiNzggMDAwMTA5NDAgMDAwMTA3MzgNClsgICA1Ni4zODYxMjZdIENvZGU6IGUxYTAxMDBjIGUxNTEwMDAzIDBhMDAwMDBkIGU1OTFlMGM4IChlNTkzYzBjOCkgDQpbICAgNTYuMzkzNzY0XSAtLS1bIGVuZCB0cmFjZSAwMDIxZmI5ZTJmODYwYjY0IF0tLS0NClNlZ21lbnRhdGlvbiBmYXVsdA0KDQ0KB01lc3NhZ2UgZnJvbSBzeXNsb2dkQHJhc3BiZXJyeXBpIGF0IFNlcCAyNiAwNToyNToyMiAuLi4NDQoga2VybmVsOlsgICA1Ni4wMzIwNDVdIEludGVybmFsIGVycm9yOiBPb3BzOiA1IFsjNF0gU01QIEFSTQ0KDQ0NCgdNZXNzYWdlIGZyb20gc3lzbG9nZEByYXNwYmVycnlwaSBhdCBTZXAgMjYgMDU6MjU6MjIgLi4uDQ0KIGtlcm5lbDpbICAgNTYuMTg0NjcyXSBQcm9jZXNzIHRyeW1lIChwaWQ6IDQ1OSwgc3RhY2sgbGltaXQgPSAweGI5M2EyNzExKQ0KDQ0NCgdNZXNzYWdlIGZyb20gc3lzbG9nZEByYXNwYmVycnlwaSBhdCBTZXAgMjYgMDU6MjU6MjIgLi4uDQ0KIGtlcm5lbDpbICAgNTYuMTkzMjI3XSBTdGFjazogKDB4YjM4NzFmMzAgdG8gMHhiMzg3MjAwMCkNCg0NDQoHTWVzc2FnZSBmcm9tIHN5c2xvZ2RAcmFzcGJlcnJ5cGkgYXQgU2VwIDI2IDA1OjI1OjIyIC4uLg0NCiBrZXJuZWw6WyAgIDU2LjIwMDI3OV0gMWYyMDogICAgICAgICAgICAgICAgICAgICAgICAgICAgICAgICAgICAgYjM4NzFmNGMgYjM4NzFmNDAgODAxMmIzY2MgODA0YTE2NjQNCg0NDQoHTWVzc2FnZSBmcm9tIHN5c2xvZ2RAcmFzcGJlcnJ5cGkgYXQgU2VwIDI2IDA1OjI1OjIyIC4uLg0NCiBrZXJuZWw6WyAgIDU2LjIxMzcyMl0gMWY0MDogYjM4NzFmNWMgYjM4NzFmNTAgODAxMmIzZmMgODAxMmIzM2MgYjM4NzFmOTQgYjM4NzFmNjAgODAxMzUwNzAgODAxMmIzZWMNCg0NDQoHTWVzc2FnZSBmcm9tIHN5c2xvZ2RAcmFzcGJlcnJ5cGkgYXQgU2VwIDI2IDA1OjI1OjIyIC4uLg0NCiBrZXJuZWw6WyAgIDU2LjIyNzA3N10gMWY2MDogMDAwMDAwMDMgYjdlNTQ3MDAgMDAwMDAwMTAgMDAwMDAwMDAgMDAwMDAwMDAgMDAwMDAwMDAgMDAwMDAwZDAgODAxMDExYzQNCg0NDQoHTWVzc2FnZSBmcm9tIHN5c2xvZ2RAcmFzcGJlcnJ5cGkgYXQgU2VwIDI2IDA1OjI1OjIyIC4uLg0NCiBrZXJuZWw6WyAgIDU2LjI0MDQxNV0gMWY4MDogYjM4NzAwMDAgMDAwMDAwZDAgYjM4NzFmYTQgYjM4NzFmOTggODAxMzUxYjAgODAxMzRmYjAgMDAwMDAwMDAgYjM4NzFmYTgNCg0NDQoHTWVzc2FnZSBmcm9tIHN5c2xvZ2RAcmFzcGJlcnJ5cGkgYXQgU2VwIDI2IDA1OjI1OjIyIC4uLg0NCiBrZXJuZWw6WyAgIDU2LjI1MzgyNl0gMWZhMDogODAxMDEwMDAgODAxMzUxYTQgMDAwMDAwMDAgMDAwMDAwMDAgMDAwMDAwMDAgMDAwMDAwMDAgMDAwMDAwMDAgMDAwMDAwMDANCg0NDQoHTWVzc2FnZSBmcm9tIHN5c2xvZ2RAcmFzcGJlcnJ5cGkgYXQgU2VwIDI2IDA1OjI1OjIyIC4uLg0NCiBrZXJuZWw6WyAgIDU2LjI2NzUzNF0gMWZjMDogMDAwMDAwMDAgMDAwMDAwMDAgMDAwMDAwMDAgMDAwMDAwZDAgMDAwMDAwMDAgMDAwMDAwMDAgMDAwMDAwMDAgN2VkMTRiYzQNCg0NDQoHTWVzc2FnZSBmcm9tIHN5c2xvZ2RAcmFzcGJlcnJ5cGkgYXQgU2VwIDI2IDA1OjI1OjIyIC4uLg0NCiBrZXJuZWw6WyAgIDU2LjI4MTU4NV0gMWZlMDogNzZlZWY2OTQgN2VkMTRiNzggMDAwMTA5NDAgMDAwMTA3MzggMDAwMDAwMTAgMDAwMDAwMDAgMDAwMDAwMDAgMDAwMDAwMDANCg0NDQoHTWVzc2FnZSBmcm9tIHN5c2xvZ2RAcmFzcGJlcnJ5cGkgYXQgU2VwIDI2IDA1OjI1OjIyIC4uLg0NCiBrZXJuZWw6WyAgIDU2LjM4NjEyNl0gQ29kZTogZTFhMDEwMGMgZTE1MTAwMDMgMGEwMDAwMGQgZTU5MWUwYzggKGU1OTNjMGM4KSANCg1waUByYXNwYmVycnlwaTp+JCA='
187,153,b'Li90cnltZQ0KNjI1MDAwMA0KZ3JpOjEwMDAvMTAwMC8xMDAwcGlAcmFzcGJlcnJ5cGk6fiQg'
187,151,b'Li90cnltZQ0KNjI1MDAwMA0KZ3JpOjEwMDAvMTAwMC8xMDAwcGlAcmFzcGJlcnJ5cGk6fiQg'
187,146,b'Li90cnltZQ0KWyAgIDU4LjI4NDE0M10gQmFkIG1vZGUgaW4gZGF0YSBhYm9ydCBoYW5kbGVyIGRldGVjdGVkDQpbICAgNTguMjg0MTQ3XSBVbmFibGUgdG8gaGFuZGxlIGtlcm5lbCBwYWdpbmcgcmVxdWVzdCBhdCB2aXJ0dWFsIGFkZHJlc3MgM2NjYzcwZTANClsgICA1OC4yODQxNTBdIFVuYWJsZSB0byBoYW5kbGUga2VybmVsIHBhZ2luZyByZXF1ZXN0IGF0IHZpcnR1YWwgYWRkcmVzcyBlYjAwMDA4YQ0KWyAgIDU4LjI4NDE2MV0gcGdkID0gOGFjNGExZGINClsgICA1OC4yODQxNjJdIHBnZCA9IGY2ODNkNTM1DQpbICAgNTguMjg0MTY1XSBbM2NjYzcwZTBdICpwZ2Q9MDAwMDAwMDANClsgICA1OC4yODQxNzVdIEludGVybmFsIGVycm9yOiBPb3BzOiA4MDAwMDAwNSBbIzVdIFNNUCBBUk0NClsgICA1OC4yODQxNzldIE1vZHVsZXMgbGlua2VkIGluOiBibmVwIGhjaV91YXJ0IGJ0YmNtIHNlcmRldiBibHVldG9vdGggZWNkaF9nZW5lcmljIHNoYTI1Nl9nZW5lcmljIGNmZzgwMjExIHJma2lsbCA4MDIxcSBnYXJwIHN0cCBsbGMgcmFzcGJlcnJ5cGlfaHdtb24gaHdtb24gc25kX2JjbTI4MzUoQykgc25kX3BjbSBzbmRfdGltZXIgc25kIGJjbTI4MzVfY29kZWMoQykgYmNtMjgzNV92NGwyKEMpIHY0bDJfbWVtMm1lbSBiY20yODM1X21tYWxfdmNoaXEoQykgdjRsMl9jb21tb24gdmlkZW9idWYyX3ZtYWxsb2MgdmlkZW9idWYyX2RtYV9jb250aWcgdmlkZW9idWYyX21lbW9wcyB2aWRlb2J1ZjJfdjRsMiB2aWRlb2J1ZjJfY29tbW9uIHZpZGVvZGV2IG1lZGlhIHZjX3NtX2NtYShDKSBmaXhlZCB1aW9fcGRydl9nZW5pcnEgdWlvIGlwX3RhYmxlcyB4X3RhYmxlcyBpcHY2DQpbICAgNTguMjg0MjUzXSBDUFU6IDAgUElEOiAwIENvbW06IHN3YXBwZXIvMCBUYWludGVkOiBHICAgICAgRCAgQyAgICAgICAgNC4xOS43NS12NysgIzEyNzANClsgICA1OC4yODQyNTVdIEhhcmR3YXJlIG5hbWU6IEJDTTI4MzUNClsgICA1OC4yODQyNjJdIFBDIGlzIGF0IDB4M2NjYzcwZTANClsgICA1OC4yODQyNzFdIExSIGlzIGF0IF9faXJxX3N2YysweDVjLzB4N2MNClsgICA1OC4yODQyNzRdIHBjIDogWzwzY2NjNzBlMD5dICAgIGxyIDogWzw4MDEwMTliYz5dICAgIHBzcjogNDAwMDAxOTMNClsgICA1OC4yODQyNzZdIHNwIDogODBkMDFlZTggIGlwIDogODBkMDAwMDAgIGZwIDogODBkMDFmNDQNClsgICA1OC4yODQyNzldIHIxMDogODBjNjRhMzggIHI5IDogODBkMDAwMDAgIHI4IDogODBkOGVkM2UNClsgICA1OC4yODQyODJdIHI3IDogODBkMDFmMWMgIHI2IDogZmZmZmZmZmYgIHI1IDogNDAwMDAwMTMgIHI0IDogODAxMDlhODgNClsgICA1OC4yODQyODRdIHIzIDogMDAwMDAwMDAgIHIyIDogODBkMDFlODggIHIxIDogODBhNTgyMDggIHIwIDogODBkMDFlZTgNClsgICA1OC4yODQyODldIEZsYWdzOiBuWmN2ICBJUlFzIG9mZiAgRklRcyBvbiAgTW9kZSBTVkNfMzIgIElTQSBBUk0gIFNlZ21lbnQgdXNlcg0KWyAgIDU4LjI4NDI5MV0gQ29udHJvbDogMTBjNTM4M2QgIFRhYmxlOiAzMzg4YzA2YSAgREFDOiAwMDAwMDA1NQ0KWyAgIDU4LjI4NDI5NF0gUHJvY2VzcyBzd2FwcGVyLzAgKHBpZDogMCwgc3RhY2sgbGltaXQgPSAweDJhNDgwM2ZkKQ0KWyAgIDU4LjI4NDI5OF0gU3RhY2s6ICgweDgwZDAxZWU4IHRvIDB4ODBkMDIwMDApDQpbICAgNTguMjg0MzAzXSAxZWUwOiAgICAgICAgICAgICAgICAgICA4MDEwOWE4NCAwMDAwMDAwMCA0MDAwMDA5MyA0MDAwMDA5MyA4MGQwNGQ3MCA4MGQwMDAwMA0KWyAgIDU4LjI4NDMwOF0gMWYwMDogODBkMDRkYjggMDAwMDAwMDEgODBkOGVkM2UgYmFiZmY5YzAgODBjNjRhMzggODBkMDFmNDQgODBkMDUxN2MgODBkMDFmMzgNClsgICA1OC4yODQzMTNdIDFmMjA6IDAwMDAwMDAwIDgwMTA5YTg4IDQwMDAwMDEzIGZmZmZmZmZmIDgwMTA5YTg0IDAwMDAwMDAwIDgwZDAxZjU0IDgwZDAxZjQ4DQpbICAgNTguMjg0MzE5XSAxZjQwOiA4MDgzNmMxYyA4MDEwOWE2MCA4MGQwMWY3YyA4MGQwMWY1OCA4MDE1MjZkOCA4MDgzNmJmNCA4MGM4YzI0YyAwMDAwMDBjNw0KWyAgIDU4LjI4NDMyNF0gMWY2MDogODBkOWQ1YzAgODBkMDRkNDAgZmZmZmZmZmYgODBkOWQ1YzAgODBkMDFmOGMgODBkMDFmODAgODAxNTJhMjggODAxNTI1ZjgNClsgICA1OC4yODQzMjldIDFmODA6IDgwZDAxZmE0IDgwZDAxZjkwIDgwODMwMmM4IDgwMTUyYTBjIDgwYzhjMjMwIDgwZDlkNjFjIDgwZDAxZmY0IDgwZDAxZmE4DQpbICAgNTguMjg0MzM0XSAxZmEwOiA4MGMwMGZiMCA4MDgzMDIxOCBmZmZmZmZmZiBmZmZmZmZmZiAwMDAwMDAwMCA4MGMwMDg1OCAwMDAwMDAwMCA4MGM2NGEzOA0KWyAgIDU4LjI4NDMzOV0gMWZjMDogYjY3MzU3NzcgMDAwMDAwMDAgMDAwMDAwMDAgODBjMDAzMzAgMDAwMDAwNTUgMTBjMDM4N2QgMDAwMDBjNDIgMmVmZjkyMDANClsgICA1OC4yODQzNDRdIDFmZTA6IDQxMGZkMDM0IDEwYzUzODdkIDAwMDAwMDAwIDgwZDAxZmY4IDAwMDAwMDAwIDgwYzAwYjM4IDAwMDAwMDAwIDAwMDAwMDAwDQpbICAgNTguMjg0MzYzXSBbPDgwMTAxOWJjPl0gKF9faXJxX3N2YykgZnJvbSBbPDgwMTA5YTg4Pl0gKGFyY2hfY3B1X2lkbGUrMHgzNC8weDRjKQ0KWyAgIDU4LjI4NDM3M10gWzw4MDEwOWE4OD5dIChhcmNoX2NwdV9pZGxlKSBmcm9tIFs8ODA4MzZjMWM+XSAoZGVmYXVsdF9pZGxlX2NhbGwrMHgzNC8weDQ4KQ0KWyAgIDU4LjI4NDM4NF0gWzw4MDgzNmMxYz5dIChkZWZhdWx0X2lkbGVfY2FsbCkgZnJvbSBbPDgwMTUyNmQ4Pl0gKGRvX2lkbGUrMHhlYy8weDE3YykNClsgICA1OC4yODQzOTJdIFs8ODAxNTI2ZDg+XSAoZG9faWRsZSkgZnJvbSBbPDgwMTUyYTI4Pl0gKGNwdV9zdGFydHVwX2VudHJ5KzB4MjgvMHgyYykNClsgICA1OC4yODQ0MDBdIFs8ODAxNTJhMjg+XSAoY3B1X3N0YXJ0dXBfZW50cnkpIGZyb20gWzw4MDgzMDJjOD5dIChyZXN0X2luaXQrMHhiYy8weGMwKQ0KWyAgIDU4LjI4NDQxMl0gWzw4MDgzMDJjOD5dIChyZXN0X2luaXQpIGZyb20gWzw4MGMwMGZiMD5dIChzdGFydF9rZXJuZWwrMHg0ODQvMHg0YjQpDQpbICAgNTguMjg0NDE2XSBDb2RlOiBiYWQgUEMgdmFsdWUNClsgICA1OC4yODQ0MjFdIC0tLVsgZW5kIHRyYWNlIDAwMjFmYjllMmY4NjBiNjUgXS0tLQ0KWyAgIDU4LjI4NDQyN10gS2VybmVsIHBhbmljIC0gbm90IHN5bmNpbmc6IEF0dGVtcHRlZCB0byBraWxsIHRoZSBpZGxlIHRhc2shDQpbICAgNTguMjg0NDM2XSBDUFUzOiBzdG9wcGluZw0KWyAgIDU4LjI4NDQ0Ml0gQ1BVOiAzIFBJRDogMCBDb21tOiBzd2FwcGVyLzMgVGFpbnRlZDogRyAgICAgIEQgIEMgICAgICAgIDQuMTkuNzUtdjcrICMxMjcwDQpbICAgNTguMjg0NDQ0XSBIYXJkd2FyZSBuYW1lOiBCQ00yODM1DQpbICAgNTguMjg0NDU1XSBbPDgwMTExZmNjPl0gKHVud2luZF9iYWNrdHJhY2UpIGZyb20gWzw4MDEwZDU0ND5dIChzaG93X3N0YWNrKzB4MjAvMHgyNCkNClsgICA1OC4yODQ0NjNdIFs8ODAxMGQ1NDQ+XSAoc2hvd19zdGFjaykgZnJvbSBbPDgwODE5YmMwPl0gKGR1bXBfc3RhY2srMHhkNC8weDExOCkNClsgICA1OC4yODQ0NzFdIFs8ODA4MTliYzA+XSAoZHVtcF9zdGFjaykgZnJvbSBbPDgwMTEwM2U0Pl0gKGhhbmRsZV9JUEkrMHgzODgvMHgzYTgpDQpbICAgNTguMjg0NDc5XSBbPDgwMTEwM2U0Pl0gKGhhbmRsZV9JUEkpIGZyb20gWzw4MDEwMjFmND5dIChiY20yODM2X2FybV9pcnFjaGlwX2hhbmRsZV9pcnErMHhhMC8weGE0KQ0KWyAgIDU4LjI4NDQ4NV0gWzw4MDEwMjFmND5dIChiY20yODM2X2FybV9pcnFjaGlwX2hhbmRsZV9pcnEpIGZyb20gWzw4MDEwMTliYz5dIChfX2lycV9zdmMrMHg1Yy8weDdjKQ0KWyAgIDU4LjI4NDQ4N10gRXhjZXB0aW9uIHN0YWNrKDB4YjlkNTFmMzggdG8gMHhiOWQ1MWY4MCkNClsgICA1OC4yODQ0OTFdIDFmMjA6ICAgICAgICAgICAgICAgICAgICAgICAgICAgICAgICAgICAgICAgICAgICAgICAgICAgICAgIDgwMTA5YTg0IDAwMDAwMDAwDQpbICAgNTguMjg0NDk2XSAxZjQwOiA0MDAwMDA5MyA0MDAwMDA5MyA4MGQwNGQ3MCBiOWQ1MDAwMCA4MGQwNGRiOCAwMDAwMDAwOCA4MGQ4ZWQzZSA0MTBmZDAzNA0KWyAgIDU4LjI4NDUwMV0gMWY2MDogMDAwMDAwMDAgYjlkNTFmOTQgODBkMDUxN2MgYjlkNTFmODggMDAwMDAwMDAgODAxMDlhODggNDAwMDAwMTMgZmZmZmZmZmYNClsgICA1OC4yODQ1MDddIFs8ODAxMDE5YmM+XSAoX19pcnFfc3ZjKSBmcm9tIFs8ODAxMDlhODg+XSAoYXJjaF9jcHVfaWRsZSsweDM0LzB4NGMpDQpbICAgNTguMjg0NTE0XSBbPDgwMTA5YTg4Pl0gKGFyY2hfY3B1X2lkbGUpIGZyb20gWzw4MDgzNmMxYz5dIChkZWZhdWx0X2lkbGVfY2FsbCsweDM0LzB4NDgpDQpbICAgNTguMjg0NTIwXSBbPDgwODM2YzFjPl0gKGRlZmF1bHRfaWRsZV9jYWxsKSBmcm9tIFs8ODAxNTI2ZDg+XSAoZG9faWRsZSsweGVjLzB4MTdjKQ0KWyAgIDU4LjI4NDUyOF0gWzw4MDE1MjZkOD5dIChkb19pZGxlKSBmcm9tIFs8ODAxNTJhMjg+XSAoY3B1X3N0YXJ0dXBfZW50cnkrMHgyOC8weDJjKQ0KWyAgIDU4LjI4NDUzNF0gWzw4MDE1MmEyOD5dIChjcHVfc3RhcnR1cF9lbnRyeSkgZnJvbSBbPDgwMTBmZGU4Pl0gKHNlY29uZGFyeV9zdGFydF9rZXJuZWwrMHgxMzQvMHgxNDApDQpbICAgNTguMjg0NTQwXSBbPDgwMTBmZGU4Pl0gKHNlY29uZGFyeV9zdGFydF9rZXJuZWwpIGZyb20gWzwwMDEwMjcwYz5dICgweDEwMjcwYykNClsgICA1OC4yOTA1MzJdIEludGVybmFsIGVycm9yOiBPb3BzIC0gYmFkIG1vZGU6IDAgWyM2XSBTTVAgQVJNDQpbICAgNTguMjk5MjY4XSBbZWIwMDAwOGFdICpwZ2Q9MDAwMDAwMDANClsgICA1OC4zMDc5MzhdIE1vZHVsZXMgbGlua2VkIGluOg0KWyAgIDU4LjMxNTkzMF0gIGJuZXAgaGNpX3VhcnQ='
187,148,b'IC4vdHJ5bWUNCjYyNTAwMDANCmdyaToxMDAwLzEwMDAvMTAwMHBpQHJhc3BiZXJyeXBpOn4kIA=='
187,136,b'Li90cnltZQ0KWyAgIDQyLjM4NDE2Nl0gVW5hYmxlIHRvIGhhbmRsZSBrZXJuZWwgTlVMTCBwb2ludGVyIGRlcmVmZXJlbmNlIGF0IHZpcnR1YWwgYWRkcmVzcyAwMDAwMDBjOA0KWyAgIDQyLjM5NDI0NV0gcGdkID0gNDRlNTViYmINClsgICA0Mi4zOTc4NDJdIFswMDAwMDBjOF0gKnBnZD0zNmQ5ZjgzNSwgKnB0ZT0wMDAwMDAwMCwgKnBwdGU9MDAwMDAwMDANCg0NCgdNZXNzYWdlWyAgIDQyLjQwNTE0Nl0gSW50ZXJuYWwgZXJyb3I6IE9vcHM6IDE3IFsjMV0gU01QIEFSTQ0KIGZyb20gc3lzbG9nZEByYXNwYmVycnlwaSBhdCBTZXAgMjYgMDU6MjU6MDkgLi4uDQ0KIGtlcm5lbDpbICAgNDIuNDA1MTQ2XSBJbnRlcm5bICAgNDIuNDExMzE2XSBNb2R1bGVzIGxpbmtlZCBpbjogYm5lcCBoY2lfdWFydCBidGJjbSBzZXJkZXYgYmx1ZXRvb3RoIGVjZGhfZ2VuZXJpYyBzaGEyNTZfZ2VuZXJpYyBjZmc4MDIxMSByZmtpbGwgODAyMXEgZ2FycCBzdHAgbGxjIHJhc3BiZXJyeXBpX2h3bW9uIGh3bW9uIHNuZF9iY20yODM1KEMpIGJjbTI4MzVfY29kZWMoQykgc25kX3BjbSBiY20yODM1X3Y0bDIoQykgdjRsMl9tZW0ybWVtIGJjbTI4MzVfbW1hbF92Y2hpcShDKSBzbmRfdGltZXIgdmlkZW9idWYyX2RtYV9jb250aWcgdjRsMl9jb21tb24gc25kIHZpZGVvYnVmMl92bWFsbG9jIHZpZGVvYnVmMl9tZW1vcHMgdmlkZW9idWYyX3Y0bDIgdmlkZW9idWYyX2NvbW1vbiB2aWRlb2RldiBtZWRpYSB2Y19zbV9jbWEoQykgZml4ZWQgdWlvX3BkcnZfZ2VuaXJxIHVpbyBpcF90YWJsZXMgeF90YWJsZXMgaXB2Ng0KYWwgZXJyb3I6IE9vcHM6IDE3IFsjMV0gU01QIEFSTQ1bICAgNDIuNDU3MzI0XSBDUFU6IDMgUElEOiA0MzkgQ29tbTogdHJ5bWUgVGFpbnRlZDogRyAgICAgICAgIEMgICAgICAgIDQuMTkuNzUtdjcrICMxMjcwDQoKDVsgICA0Mi40NjgwNzJdIEhhcmR3YXJlIG5hbWU6IEJDTTI4MzUNClsgICA0Mi40NzI3NTRdIFBDIGlzIGF0IGNhcF9jYXBhYmxlKzB4MjgvMHg4Yw0KWyAgIDQyLjQ3ODExNV0gTFIgaXMgYXQgICAobnVsbCkNClsgICA0Mi40ODIyOTJdIHBjIDogWzw4MDRhMTY4MD5dICAgIGxyIDogWzwwMDAwMDAwMD5dICAgIHBzcjogMDAwMDAwMTMNClsgICA0Mi40ODk4NDddIHNwIDogYjkzMTlmMzAgIGlwIDogMDAwMDAwMDAgIGZwIDogYjkzMTlmM2MNClsgICA0Mi40OTYzNTFdIHIxMDogMDAwMDAwMDAgIHI5IDogMDAwMDAwMDAgIHI4IDogMDAwMDAwMDANClsgICA0Mi41MDI4NDldIHI3IDogMDAwMDAwMDAgIHI2IDogMDAwMDAwMDAgIHI1IDogMDAwMDAwMDAgIHI0IDogYjQwNjMzODANClsgICA0Mi41MTA2NDddIHIzIDogODA1MGQ2NDAgIHIyIDogMDAwMDAwMDcgIHIxIDogMDAwMDAwMDAgIHIwIDogYjQwNjMwMDANClsgICA0Mi41MTg0MDJdIEZsYWdzOiBuemN2ICBJUlFzIG9uICBGSVFzIG9uICBNb2RlIFNWQ18zMiAgSVNBIEFSTSAgU2VnbWVudCB1c2VyDQpbICAgNDIuNTI4MjQ0XSBDb250cm9sOiAxMGM1MzgzZCAgVGFibGU6IDM0MGY0MDZhICBEQUM6IDAwMDAwMDU1DQpbICAgNDIuNTM2NzI1XSBQcm9jZXNzIHRyeW1lIChwaWQ6IDQzOSwgc3RhY2sgbGltaXQgPSAweDVmOGM3ZDgwKQ0KWyAgIDQyLjU0NTI4N10gU3RhY2s6ICgweGI5MzE5ZjMwIHRvIDB4YjkzMWEwMDApDQpbICAgNDIuNTUyMzAzXSA5ZjIwOiAgICAgICAgICAgICAgICAgICAgICAgICAgICAgICAgICAgICBiOTMxOWY0YyBiOTMxOWY0MCA4MDEyYjNjYyA4MDRhMTY2NA0KWyAgIDQyLjU2NTY3M10gOWY0MDogYjkzMTlmNWMgYjkzMTlmNTAgODAxMmIzZmMgODAxMmIzM2MgYjkzMTlmOTQgYjkzMTlmNjAgODAxMzUwNzAgODAxMmIzZWMNClsgICA0Mi41Nzg5NTJdIDlmNjA6IDAwMDAwMDAzIGI0MDYzMDAwIDAwMDAwMDEwIDAwMDAwMDAwIDAwMDAwMDAwIDAwMDAwMDAwIDAwMDAwMGQwIDgwMTAxMWM0DQpbICAgNDIuNTkyMjIzXSA5ZjgwOiBiOTMxODAwMCAwMDAwMDBkMCBiOTMxOWZhNCBiOTMxOWY5OCA4MDEzNTFiMCA4MDEzNGZiMCAwMDAwMDAwMCBiOTMxOWZhOA0KWyAgIDQyLjYwNTU3OF0gOWZhMDogODAxMDEwMDAgODAxMzUxYTQgMDAwMDAwMDAgMDAwMDAwMDAgMDAwMDAwMDAgMDAwMDAwMDAgMDAwMDAwMDAgMDAwMDAwMDANClsgICA0Mi42MTkyMjBdIDlmYzA6IDAwMDAwMDAwIDAwMDAwMDAwIDAwMDAwMDAwIDAwMDAwMGQwIDAwMDAwMDAwIDAwMDAwMDAwIDAwMDAwMDAwIDdlZTdlYmM0DQpbICAgNDIuNjI5OTgyXSA5ZmUwOiA3NmViZTY5NCA3ZWU3ZWI3OCAwMDAxMDk0MCAwMDAxMDczOCAwMDAwMDAxMCAwMDAwMDAwMCAwMDAwMDAwMCAwMDAwMDAwMA0KWyAgIDQyLjY0MDg2MV0gWzw4MDRhMTY4MD5dIChjYXBfY2FwYWJsZSkgZnJvbSBbPDgwMTJiM2NjPl0gKG5zX2NhcGFibGVfY29tbW9uKzB4OWMvMHhiMCkNClsgICA0Mi42NTE2NTNdIFs8ODAxMmIzY2M+XSAobnNfY2FwYWJsZV9jb21tb24pIGZyb20gWzw4MDEyYjNmYz5dIChuc19jYXBhYmxlKzB4MWMvMHgyMCkNClsgICA0Mi42NjI0NDNdIFs8ODAxMmIzZmM+XSAobnNfY2FwYWJsZSkgZnJvbSBbPDgwMTM1MDcwPl0gKF9fc3lzX3NldHJlc3VpZCsweGNjLzB4MWY0KQ0KWyAgIDQyLjY3MzIyMF0gWzw4MDEzNTA3MD5dIChfX3N5c19zZXRyZXN1aWQpIGZyb20gWzw4MDEzNTFiMD5dIChzeXNfc2V0cmVzdWlkKzB4MTgvMHgxYykNClsgICA0Mi42ODQyNjJdIFs8ODAxMzUxYjA+XSAoc3lzX3NldHJlc3VpZCkgZnJvbSBbPDgwMTAxMDAwPl0gKHJldF9mYXN0X3N5c2NhbGwrMHgwLzB4MjgpDQpbICAgNDIuNjk1MzM1XSBFeGNlcHRpb24gc3RhY2soMHhiOTMxOWZhOCB0byAweGI5MzE5ZmYwKQ0KWyAgIDQyLjcwMTk3Ml0gOWZhMDogICAgICAgICAgICAgICAgICAgMDAwMDAwMDAgMDAwMDAwMDAgMDAwMDAwMDAgMDAwMDAwMDAgMDAwMDAwMDAgMDAwMDAwMDANClsgICA0Mi43MTMyNDVdIDlmYzA6IDAwMDAwMDAwIDAwMDAwMDAwIDAwMDAwMDAwIDAwMDAwMGQwIDAwMDAwMDAwIDAwMDAwMDAwIDAwMDAwMDAwIDdlZTdlYmM0DQpbICAgNDIuNzI0NTA2XSA5ZmUwOiA3NmViZTY5NCA3ZWU3ZWI3OCAwMDAxMDk0MCAwMDAxMDczOA0KWyAgIDQyLjczMTEwMV0gQ29kZTogZWEwMDAwMDAgZTFhMDEwMGMgZTE1MTAwMDMgMGEwMDAwMGQgKGU1OTFlMGM4KSANCg0NCgdNZXNzYWdlWyAgIDQyLjczODc5Nl0gLS0tWyBlbmQgdHJhY2UgODM2YTgzMTg5NmM0ZDg0YyBdLS0tDQogZnJvbSBzeXNsb2dkQHJhc3BiZXJyeXBpIGF0IFNlcCAyNiAwNToyNTowOSAuLi4NDQoga2VybmVsOlsgICA0Mi41MzY3MjVdIFByb2Nlc3MgdHJ5bWUgKHBpZDogNDM5LCBzdGFjayBsaW1pdCA9IDB4NWY4YzdkODApDQoNDQ0KB01lc3NhZ2UgZnJvbSBzeXNsb2dkQHJhc3BiZXJyeXBpIGF0IFNlcCAyNiAwNToyNTowOSAuLi4NDQoga2VybmVsOlsgICA0Mi41NDUyODddIFN0YWNrOiAoMHhiOTMxOWYzMCB0byAweGI5MzFhMDAwKQ0KDQ0NCgdNZXNzYWdlIGZyb20gc3lzbG9nZEByYXNwYmVycnlwaSBhdCBTZXAgMjYgMDU6MjU6MDkgLi4uDQ0KIGtlcm5lbDpbICAgNDIuNTUyMzAzXSA5ZjIwOiAgICAgICAgICAgICAgICAgICAgICAgICAgICAgICAgICAgICBiOTMxOWY0YyBiOTMxOWY0MCA4MDEyYjNjYyA4MDRhMTY2NA0KDQ0NCgdNZXNzYWdlIGZyb20gc3lzbG9nZEByYXNwYmVycnlwaSBhdCBTZXAgMjYgMDU6MjU6MDkgLi4uDQ0KIGtlcm5lbDpbICAgNDIuNTY1NjczXSA5ZjQwOiBiOTMxOWY1YyBiOTMxOWY1MCA4MDEyYjNmYyA4MDEyYjMzYyBiOTMxOWY5NCBiOTMxOWY2MCA4MDEzNTA3MCA4MDEyYjNlYw0KDQ0NCgdNZXNzYWdlIGZyb20gc3lzbG9nZEByYXNwYmVycnlwaSBhdCBTZXAgMjYgMDU6MjU6MDkgLi4uDQ0KIGtlcm5lbDpbICAgNDIuNTc4OTUyXSA5ZjYwOiAwMDAwMDAwMyBiNDA2MzAwMCAwMDAwMDAxMCAwMDAwMDAwMCAwMDAwMDAwMCAwMDAwMDAwMCAwMDAwMDBkMCA4MDEwMTFjNA0KDQ0NCgdNZXNzYWdlIGZyb20gc3lzbG9nZEByYXNwYmVycnlwaSBhdCBTZXAgMjYgMDU6MjU6MDkgLi4uDQ0KIGtlcm5lbDpbICAgNDIuNTkyMjIzXSA5ZjgwOiBiOTMxODAwMCAwMDAwMDBkMCBiOTMxOWZhNCBiOTMxOWY5OCA4MDEzNTFiMCA4MDEzNGZiMCAwMDAwMDAwMCBiOTMxOWZhOA0KDQ0NCgdNZXNzYWdlIGZyb20gc3lzbG9nZEByYXNwYmVycnlwaSBhdCBTZXAgMjYgMDU6MjU6MDkgLi4uDQ0KIGtlcm5lbDpbICAgNDIuNjA1NTc4XSA5ZmEwOiA4MDEwMTAwMCA4MDEzNTFhNCAwMDAwMDAwMCAwMDAwMDAwMCAwMDAwMDAwMCAwMDAwMDAwMCAwMDAwMDAwMCAwMDAwMDAwMA0KDQ0NCgdNZXNzYWdlIGZyb20gc3lzbG9nZEByYXNwYmVycnlwaSBhdCBTZXAgMjYgMDU6MjU6MDkgLi4uDQ0KIGtlcm5lbDpbICAgNDIuNjE5MjIwXSA5ZmMwOiAwMDAwMDAwMCAwMDAwMDAwMCAwMDAwMDAwMCAwMDAwMDBkMCAwMDAwMDAwMCAwMDAwMDAwMCAwMDAwMDAwMCA3ZWU3ZWJjNA0KDQ0NCgdNZXNzYWdlIGZyb20gc3lzbG9nZEByYXNwYmVycnlwaSBhdCBTZXAgMjYgMDU6MjU6MDkgLi4uDQ0KIGtlcm5lbDpbICAgNDIuNjI5OTgyXSA5ZmUwOiA3NmViZTY5NCA3ZWU3ZWI3OCAwMDAxMDk0MCAwMDAxMDczOCAwMDAwMDAxMCAwMDAwMDAwMCAwMDAwMDAwMCAwMDAwMDAwMA0KDQ0NCgdNZXNzYWdlIGZyb20gc3lzbG9nZEByYXNwYmVycnlwaSBhdCBTZXAgMjYgMDU6MjU6MDkgLi4uDQ0KIGtlcm5lbDpbICAgNDIuNzMxMTAxXSBDb2RlOiBlYTAwMDAwMCBlMWEwMTAwYyBlMTUxMDAwMyAwYTAwMDAwZCAoZTU5MWUwYzgpIA0KDVNlZ21lbnRhdGlvbiBmYXVsdA0KcGlAcmFzcGJlcnJ5cGk6fiQg'
187,142,b'Li90cnltZQ0KNjI1MDAwMA0KZ3JpOjEwMDAvMTAwMC8xMDAwcGlAcmFzcGJlcnJ5cGk6fiQg'
187,147,b'Li90cnltZQ0KNjI1MDAwMA0KZ3JpOjEwMDAvMTAwMC8xMDAwcGlAcmFzcGJlcnJ5cGk6fiQg'
187,148,b'Li90cnltZQ0KNjI1MDAwMA0KZ3JpOjEwMDAvMTAwMC8xMDAwcGlAcmFzcGJlcnJ5cGk6fiQg'
187,152,b'Li90cnltZQ0KNjI1MDAwMA0KZ3JpOjEwMDAvMTAwMC8xMDAwcGlAcmFzcGJlcnJ5cGk6fiQg'
187,138,b'Li90cnltZQ0KNjI1MDAwMA0KZ3JpOjEwMDAvMTAwMC8xMDAwcGlAcmFzcGJlcnJ5cGk6fiQg'
187,148,b'Li90cnltZQ0KWyAgIDQ2LjkyNDEwOF0gSW50ZXJuYWwgZXJyb3I6IE9vcHMgLSB1bmRlZmluZWQgaW5zdHJ1Y3Rpb246IDAgWyMyXSBTTVAgQVJNDQpbICAgNDYuOTMyMzgzXSBNb2R1bGVzIGxpbmtlZCBpbjogYm5lcCBoY2lfdWFydCBidGJjbSBzZXJkZXYgYmx1ZXRvb3RoIGVjZGhfZ2VuZXJpYyBzaGEyNTZfZ2VuZXJpYyBjZmc4MDIxMSByZmtpbGwgODAyMXEgZ2FycCBzdHAgbGxjIHJhc3BiZXJyeXBpX2h3bW9uIGh3bW9uIHNuZF9iY20yODM1KEMpIGJjbTI4MzVfY29kZWMoQykgc25kX3BjbSBiY20yODM1X3Y0bDIoQykgdjRsMl9tZW0ybWVtIGJjbTI4MzVfbW1hbF92Y2hpcShDKSBzbmRfdGltZXIgdmlkZW9idWYyX2RtYV9jb250aWcgdjRsMl9jb21tb24gc25kIHZpZGVvYnVmMl92bWFsbG9jIHZpZGVvYnVmMl9tZW1vcHMgdmlkZW9idWYyX3Y0bDIgdmlkZW9idWYyX2NvbW1vbiB2aWRlb2RldiBtZWRpYSB2Y19zbV9jbWEoQykgZml4ZWQgdWlvX3BkcnZfZ2VuaXJxIHVpbyBpcF90YWJsZXMgeF90YWJsZXMgaXB2Ng0KWyAgIDQ2Ljk3OTk4MV0gQ1BVOiAzIFBJRDogNDQ3IENvbW06IHRyeW1lIFRhaW50ZWQ6IEcgICAgICBEICBDICAgICAgICA0LjE5Ljc1LXY3KyAjMTI3MA0KWyAgIDQ2Ljk5MDY3M10gSGFyZHdhcmUgbmFtZTogQkNNMjgzNQ0KWyAgIDQ2Ljk5NTQ1M10gUEMgaXMgYXQgbnNfY2FwYWJsZV9jb21tb24rMHg5NC8weGIwDQpbICAgNDcuMDAxNDM2XSBMUiBpcyBhdCAweGI1YjZlMDAwDQpbICAgNDcuMDA1ODY1XSBwYyA6IFs8ODAxMmIzYzQ+XSAgICBsciA6IFs8YjViNmUwMDA+XSAgICBwc3I6IDIwMDAwMDEzDQpbICAgNDcuMDEzNDk5XSBzcCA6IGI1YjZmZjQwICBpcCA6IDAwMDAwMDA3ICBmcCA6IGI1YjZmZjRjDQpbICAgNDcuMDIwMDUxXSByMTA6IDAwMDAwMDAwICByOSA6IDAwMDAwMDAwICByOCA6IDAwMDAwMDAwDQpbICAgNDcuMDI2NTc4XSByNyA6IDAwMDAwMDAwICByNiA6IDAwMDAwMDAwICByNSA6IDAwMDAwMDAwICByNCA6IGI0MDYzNjAwDQpbICAgNDcuMDM0MzkzXSByMyA6IDAwMDAwMDAxICByMiA6IDAwMDAwMDA3ICByMSA6IDgwZDBkNjQwICByMCA6IGI0MDM5YTAwDQpbICAgNDcuMDQyMTYyXSBGbGFnczogbnpDdiAgSVJRcyBvbiAgRklRcyBvbiAgTW9kZSBTVkNfMzIgIElTQSBBUk0gIFNlZ21lbnQgdXNlcg0KWyAgIDQ3LjA1MDU2N10gQ29udHJvbDogMTBjNTM4M2QgIFRhYmxlOiAzNTkyMDA2YSAgREFDOiAwMDAwMDA1NQ0KWyAgIDQ3LjA1NzU2M10gUHJvY2VzcyB0cnltZSAocGlkOiA0NDcsIHN0YWNrIGxpbWl0ID0gMHgwNmExY2I2NikNClsgICA0Ny4wNjQ2NDNdIFN0YWNrOiAoMHhiNWI2ZmY0MCB0byAweGI1YjcwMDAwKQ0KWyAgIDQ3LjA3MDIwMl0gZmY0MDogYjViNmZmNWMgYjViNmZmNTAgODAxMmIzZmMgODAxMmIzM2MgYjViNmZmOTQgYjViNmZmNjAgODAxMzUwNzAgODAxMmIzZWMNClsgICA0Ny4wODA3NjldIGZmNjA6IDAwMDAwMDAzIGI0MDYzNTgwIDAwMDAwMDEwIDAwMDAwMDAwIDAwMDAwMDAwIDAwMDAwMDAwIDAwMDAwMGQwIDgwMTAxMWM0DQpbICAgNDcuMDkxMzMzXSBmZjgwOiBiNWI2ZTAwMCAwMDAwMDBkMCBiNWI2ZmZhNCBiNWI2ZmY5OCA4MDEzNTFiMCA4MDEzNGZiMCAwMDAwMDAwMCBiNWI2ZmZhOA0KWyAgIDQ3LjEwMTg5M10gZmZhMDogODAxMDEwMDAgODAxMzUxYTQgMDAwMDAwMDAgMDAwMDAwMDAgMDAwMDAwMDAgMDAwMDAwMDAgMDAwMDAwMDAgMDAwMDAwMDANClsgICA0Ny4xMTQyODVdIGZmYzA6IDAwMDAwMDAwIDAwMDAwMDAwIDAwMDAwMDAwIDAwMDAwMGQwIDAwMDAwMDAwIDAwMDAwMDAwIDAwMDAwMDAwIDdlYTY1YmM0DQpbICAgNDcuMTI4MTY4XSBmZmUwOiA3NmYwMzY5NCA3ZWE2NWI3OCAwMDAxMDk0MCAwMDAxMDczOCAwMDAwMDAxMCAwMDAwMDAwMCAwMDAwMDAwMCAwMDAwMDAwMA0KWyAgIDQ3LjE0MjM2M10gWzw4MDEyYjNjND5dIChuc19jYXBhYmxlX2NvbW1vbikgZnJvbSBbPDgwMTJiM2ZjPl0gKG5zX2NhcGFibGUrMHgxYy8weDIwKQ0KWyAgIDQ3LjE1NjQzOV0gWzw4MDEyYjNmYz5dIChuc19jYXBhYmxlKSBmcm9tIFs8ODAxMzUwNzA+XSAoX19zeXNfc2V0cmVzdWlkKzB4Y2MvMHgxZjQpDQpbICAgNDcuMTcwODcwXSBbPDgwMTM1MDcwPl0gKF9fc3lzX3NldHJlc3VpZCkgZnJvbSBbPDgwMTM1MWIwPl0gKHN5c19zZXRyZXN1aWQrMHgxOC8weDFjKQ0KWyAgIDQ3LjE4NTY2OV0gWzw4MDEzNTFiMD5dIChzeXNfc2V0cmVzdWlkKSBmcm9tIFs8ODAxMDEwMDA+XSAocmV0X2Zhc3Rfc3lzY2FsbCsweDAvMHgyOCkNClsgICA0Ny4yMDA2NDhdIEV4Y2VwdGlvbiBzdGFjaygweGI1YjZmZmE4IHRvIDB4YjViNmZmZjApDQpbICAgNDcuMjA5Mjc0XSBmZmEwOiAgICAgICAgICAgICAgICAgICAwMDAwMDAwMCAwMDAwMDAwMCAwMDAwMDAwMCAwMDAwMDAwMCAwMDAwMDAwMCAwMDAwMDAwMA0KWyAgIDQ3LjIyNDQ0Nl0gZmZjMDogMDAwMDAwMDAgMDAwMDAwMDAgMDAwMDAwMDAgMDAwMDAwZDAgMDAwMDAwMDAgMDAwMDAwMDAgMDAwMDAwMDAgN2VhNjViYzQNClsgICA0Ny4yMzk1NzddIGZmZTA6IDc2ZjAzNjk0IDdlYTY1Yjc4IDAwMDEwOTQwIDAwMDEwNzM4DQpbICAgNDcuMjQ4MDk3XSBDb2RlOiBlMWEwMTAwMCBlMWEwMjAwYyBlM2EwMzAwMSBlNTllMDAwYyAoZTU5MDA0YTgpIA0KWyAgIDQ3LjI1NzY0N10gLS0tWyBlbmQgdHJhY2UgODM2YTgzMTg5NmM0ZDg0ZCBdLS0tDQoNDQoHTWVzc2FnZSBmcm9tIHN5c2xvZ2RAcmFzcGJlcnJ5cGkgYXQgU2VwIDI2IDA1OjI1OjEzIC4uLg0NCiBrZXJuZWw6WyAgIDQ2LjkyNDEwOF0gSW50ZXJuYWwgZXJyb3I6IE9vcHMgLSB1bmRlZmluZWQgaW5zdHJ1Y3Rpb246IDAgWyMyXSBTTVAgQVJNDQoNDQ0KB01lc3NhZ2UgZnJvbSBzeXNsb2dkQHJhc3BiZXJyeXBpIGF0IFNlcCAyNiAwNToyNToxMyAuLi4NDQoga2VybmVsOlsgICA0Ny4wNTc1NjNdIFByb2Nlc3MgdHJ5bWUgKHBpZDogNDQ3LCBzdGFjayBsaW1pdCA9IDB4MDZhMWNiNjYpDQoNDQ0KB01lc3NhZ2UgZnJvbSBzeXNsb2dkQHJhc3BiZXJyeXBpIGF0IFNlcCAyNiAwNToyNToxMyAuLi4NDQoga2VybmVsOlsgICA0Ny4wNjQ2NDNdIFN0YWNrOiAoMHhiNWI2ZmY0MCB0byAweGI1YjcwMDAwKQ0KDQ0NCgdNZXNzYWdlIGZyb20gc3lzbG9nZEByYXNwYmVycnlwaSBhdCBTZXAgMjYgMDU6MjU6MTMgLi4uDQ0KIGtlcm5lbDpbICAgNDcuMDcwMjAyXSBmZjQwOiBiNWI2ZmY1YyBiNWI2ZmY1MCA4MDEyYjNmYyA4MDEyYjMzYyBiNWI2ZmY5NCBiNWI2ZmY2MCA4MDEzNTA3MCA4MDEyYjNlYw0KDQ0NCgdNZXNzYWdlIGZyb20gc3lzbG9nZEByYXNwYmVycnlwaSBhdCBTZXAgMjYgMDU6MjU6MTMgLi4uDQ0KIGtlcm5lbDpbICAgNDcuMDgwNzY5XSBmZjYwOiAwMDAwMDAwMyBiNDA2MzU4MCAwMDAwMDAxMCAwMDAwMDAwMCAwMDAwMDAwMCAwMDAwMDAwMCAwMDAwMDBkMCA4MDEwMTFjNA0KDQ0NCgdNZXNzYWdlIGZyb20gc3lzbG9nZEByYXNwYmVycnlwaSBhdCBTZXAgMjYgMDU6MjU6MTMgLi4uDQ0KIGtlcm5lbDpbICAgNDcuMDkxMzMzXSBmZjgwOiBiNWI2ZTAwMCAwMDAwMDBkMCBiNWI2ZmZhNCBiNWI2ZmY5OCA4MDEzNTFiMCA4MDEzNGZiMCAwMDAwMDAwMCBiNWI2ZmZhOA0KDQ0NCgdNZXNzYWdlIGZyb20gc3lzbG9nZEByYXNwYmVycnlwaSBhdCBTZXAgMjYgMDU6MjU6MTMgLi4uDQ0KIGtlcm5lbDpbICAgNDcuMTAxODkzXSBmZmEwOiA4MDEwMTAwMCA4MDEzNTFhNCAwMDAwMDAwMCAwMDAwMDAwMCAwMDAwMDAwMCAwMDAwMDAwMCAwMDAwMDAwMCAwMDAwMDAwMA0KDQ0NCgdNZXNzYWdlIGZyb20gc3lzbG9nZEByYXNwYmVycnlwaSBhdCBTZXAgMjYgMDU6MjU6MTMgLi4uDQ0KIGtlcm5lbDpbICAgNDcuMTE0Mjg1XSBmZmMwOiAwMDAwMDAwMCAwMDAwMDAwMCAwMDAwMDAwMCAwMDAwMDBkMCAwMDAwMDAwMCAwMDAwMDAwMCAwMDAwMDAwMCA3ZWE2NWJjNA0KDQ0NCgdNZXNzYWdlIGZyb20gc3lzbG9nZEByYXNwYmVycnlwaSBhdCBTZXAgMjYgMDU6MjU6MTMgLi4uDQ0KIGtlcm5lbDpbICAgNDcuMTI4MTY4XSBmZmUwOiA3NmYwMzY5NCA3ZWE2NWI3OCAwMDAxMDk0MCAwMDAxMDczOCAwMDAwMDAxMCAwMDAwMDAwMCAwMDAwMDAwMCAwMDAwMDAwMA0KDQ0NCgdNZXNzYWdlIGZyb20gc3lzbG9nZEByYXNwYmVycnlwaSBhdCBTZXAgMjYgMDU6MjU6MTMgLi4uDQ0KIGtlcm5lbDpbICAgNDcuMjQ4MDk3XSBDb2RlOiBlMWEwMTAwMCBlMWEwMjAwYyBlM2EwMzAwMSBlNTllMDAwYyAoZTU5MDA0YTgpIA0KDVNlZ21lbnRhdGlvbiBmYXVsdA0KcGlAcmFzcGJlcnJ5cGk6fiQg'
187,142,b'Li90cnltZQ0KWyAgIDQ3LjY3MTgwM10gVm9sdGFnZSBub3JtYWxpc2VkICgweDAwMDAwMDAwKQ0KNjI1MDAwMA0KZ3JpOjEwMDAvMTAwMC8xMDAwcGlAcmFzcGJlcnJ5cGk6fiQg'
187,153,b'Li90cnltZQ0KNjI1MDAwMA0KZ3JpOjEwMDAvMTAwMC8xMDAwcGlAcmFzcGJlcnJ5cGk6fiQg'
