179,185,b'Li90cnltZQ0KNjI1MDAwMA0KZ3JpOjEwMDAvMTAwMC8xMDAwcGlAcmFzcGJlcnJ5cGk6fiQg'
179,177,b'Li90cnltZQ0KWyAgIDgwLjEzNDA3Ml0gVW5hYmxlIHRvIGhhbmRsZSBrZXJuZWwgcGFnaW5nIHJlcXVlc3QgYXQgdmlydHVhbCBhZGRyZXNzIDJhYWFhYjEyDQpbICAgODAuMTQyNDE3XSBwZ2QgPSBhNjViM2JiMw0KWyAgIDgwLjE0NjAyN10gWzJhYWFhYjEyXSAqcGdkPTAwMDAwMDAwDQpbICAgODAuMTUwNTA5XSBJbnRlcm5hbCBlcnJvcjogT29wczogNSBbIzFdIFNNUCBBUk0NClsgICA4MC4xNTYwNjFdIE1vZHVsZXMgbGlua2VkIGluOiBibmVwIGhjaV91YXJ0IGJ0YmNtIHNlcmRldiBibHVldG9vdGggZWNkaF9nZW5lcmljIHNoYTI1Nl9nZW5lcmljIGNmZzgwMjExIHJma2lsbCA4MDIxcSBnYXJwIHN0cCBsbGMgcmFzcGJlcnJ5cGlfaHdtb24gc25kX2JjbTI4MzUoQykgaHdtb24gYmNtMjgzNV9jb2RlYyhDKSBzbmRfcGNtIGJjbTI4MzVfdjRsMihDKSB2NGwyX21lbTJtZW0gYmNtMjgzNV9tbWFsX3ZjaGlxKEMpIHNuZF90aW1lciB2NGwyX2NvbW1vbiB2aWRlb2J1ZjJfZG1hX2NvbnRpZyB2aWRlb2J1ZjJfdm1hbGxvYyB2aWRlb2J1ZjJfbWVtb3BzIHZpZGVvYnVmMl92NGwyIHZpZGVvYnVmMl9jb21tb24gc25kIHZpZGVvZGV2IG1lZGlhIHZjX3NtX2NtYShDKSBmaXhlZCB1aW9fcGRydl9nZW5pcnEgdWlvIGlwX3RhYmxlcyB4X3RhYmxlcyBpcHY2DQpbICAgODAuMjAxMTU1XSBDUFU6IDMgUElEOiA1MjMgQ29tbTogdHJ5bWUgVGFpbnRlZDogRyAgICAgICAgIEMgICAgICAgIDQuMTkuNzUtdjcrICMxMjcwDQpbICAgODAuMjExMzc2XSBIYXJkd2FyZSBuYW1lOiBCQ00yODM1DQpbICAgODAuMjE1OTk2XSBQQyBpcyBhdCBjYXBfY2FwYWJsZSsweDE0LzB4OGMNClsgICA4MC4yMjEzMzNdIExSIGlzIGF0IG5zX2NhcGFibGVfY29tbW9uKzB4OWMvMHhiMA0KWyAgIDgwLjIyNzE3OV0gcGMgOiBbPDgwNGExNjZjPl0gICAgbHIgOiBbPDgwMTJiM2NjPl0gICAgcHNyOiAyMDAwMDAxMw0KWyAgIDgwLjIzNDcxNF0gc3AgOiBiNTQzM2YzMCAgaXAgOiBiNTQzM2Y0MCAgZnAgOiBiNTQzM2YzYw0KWyAgIDgwLjI0MTE3OF0gcjEwOiAwMDAwMDAwMCAgcjkgOiAwMDAwMDAwMCAgcjggOiAwMDAwMDAwMA0KWyAgIDgwLjI0NzY0NF0gcjcgOiAwMDAwMDAwMCAgcjYgOiAwMDAwMDAwMCAgcjUgOiAwMDAwMDAwMCAgcjQgOiBiNTdlMDAwMA0KWyAgIDgwLjI1NTQzNF0gcjMgOiAwMDAwMDAwMSAgcjIgOiAwMDAwMDAwNyAgcjEgOiA4MGQwZDY0MCAgcjAgOiAyYWFhYWFhYQ0KWyAgIDgwLjI2MzE5M10gRmxhZ3M6IG56Q3YgIElSUXMgb24gIEZJUXMgb24gIE1vZGUgU1ZDXzMyICBJU0EgQVJNICBTZWdtZW50IHVzZXINClsgICA4MC4yNzE1NjNdIENvbnRyb2w6IDEwYzUzODNkICBUYWJsZTogMzU2MzgwNmEgIERBQzogMDAwMDAwNTUNClsgICA4MC4yNzg1MDldIFByb2Nlc3MgdHJ5bWUgKHBpZDogNTIzLCBzdGFjayBsaW1pdCA9IDB4OThjZGZhY2EpDQpbICAgODAuMjg1NTY2XSBTdGFjazogKDB4YjU0MzNmMzAgdG8gMHhiNTQzNDAwMCkNClsgICA4MC4yOTExMjNdIDNmMjA6ICAgICAgICAgICAgICAgICAgICAgICAgICAgICAgICAgICAgIDU1NzU1NTU0IDU1NTU2NTU1IDU1NTU1NTc1IGY3NWQ3NTc1DQpbICAgODAuMzAxNjQ3XSAzZjQwOiBiNTQzM2Y1YyBiNTQzM2Y1MCA4MDEyYjNmYyA4MDEyYjMzYyBiNTQzM2Y5NCBiNTQzM2Y2MCA4MDEzNTA3MCA4MDEyYjNlYw0KWyAgIDgwLjMxMjEzOV0gM2Y2MDogMDAwMDAwMDMgYjU3ZTAwODAgMDAwMDAwMTAgMDAwMDAwMDAgMDAwMDAwMDAgMDAwMDAwMDAgMDAwMDAwZDAgODAxMDExYzQNClsgICA4MC4zMjI2MjZdIDNmODA6IGI1NDMyMDAwIDAwMDAwMGQwIGI1NDMzZmE0IGI1NDMzZjk4IDgwMTM1MWIwIDgwMTM0ZmIwIDAwMDAwMDAwIGI1NDMzZmE4DQpbICAgODAuMzMzMTQ5XSAzZmEwOiA4MDEwMTAwMCA4MDEzNTFhNCAwMDAwMDAwMCAwMDAwMDAwMCAwMDAwMDAwMCAwMDAwMDAwMCAwMDAwMDAwMCAwMDAwMDAwMA0KWyAgIDgwLjM0Mzc5OV0gM2ZjMDogMDAwMDAwMDAgMDAwMDAwMDAgMDAwMDAwMDAgMDAwMDAwZDAgMDAwMDAwMDAgMDAwMDAwMDAgMDAwMDAwMDAgN2U5ODFiYzQNClsgICA4MC4zNTQ1ODZdIDNmZTA6IDc2ZWU1Njk0IDdlOTgxYjc4IDAwMDEwOTQwIDAwMDEwNzM4IDAwMDAwMDEwIDAwMDAwMDAwIDAwMDAwMDAwIDAwMDAwMDAwDQpbICAgODAuMzY1NDcwXSBDb2RlOiBlOTJkZDgwMCBlMjRjYjAwNCBlNTJkZTAwNCBlOGJkNDAwMCAoZTU5MDMwNjgpIA0KWyAgIDgwLjM3MzA3MF0gLS0tWyBlbmQgdHJhY2UgZGQwMmQwNmIwNWVmYWIyOCBdLS0tDQoNDQoHTWVzc2FnZSBmcm9tIHN5c2xvZ2RAcmFzcGJlcnJ5cGkgYXQgU2VwIDI2IDA1OjI1OjQ2IC4uLg0NCiBrZXJuZWw6WyAgIDgwLjE1MDUwOV0gSW50ZXJuYWwgZXJyb3I6IE9vcHM6IDUgWyMxXSBTTVAgQVJNDQoNDQ0KB01lc3NhZ2UgZnJvbSBzeXNsb2dkQHJhc3BiZXJyeXBpIGF0IFNlcCAyNiAwNToyNTo0NiAuLi4NDQoga2VybmVsOlsgICA4MC4yNzg1MDldIFByb2Nlc3MgdHJ5bWUgKHBpZDogNTIzLCBzdGFjayBsaW1pdCA9IDB4OThjZGZhY2EpDQoNDQ0KB01lc3NhZ2UgZnJvbSBzeXNsb2dkQHJhc3BiZXJyeXBpIGF0IFNlcCAyNiAwNToyNTo0NiAuLi4NDQoga2VybmVsOlsgICA4MC4yODU1NjZdIFN0YWNrOiAoMHhiNTQzM2YzMCB0byAweGI1NDM0MDAwKQ0KDQ0NCgdNZXNzYWdlIGZyb20gc3lzbG9nZEByYXNwYmVycnlwaSBhdCBTZXAgMjYgMDU6MjU6NDYgLi4uDQ0KIGtlcm5lbDpbICAgODAuMjkxMTIzXSAzZjIwOiAgICAgICAgICAgICAgICAgICAgICAgICAgICAgICAgICAgICA1NTc1NTU1NCA1NTU1NjU1NSA1NTU1NTU3NSBmNzVkNzU3NQ0KDQ0NCgdNZXNzYWdlIGZyb20gc3lzbG9nZEByYXNwYmVycnlwaSBhdCBTZXAgMjYgMDU6MjU6NDYgLi4uDQ0KIGtlcm5lbDpbICAgODAuMzAxNjQ3XSAzZjQwOiBiNTQzM2Y1YyBiNTQzM2Y1MCA4MDEyYjNmYyA4MDEyYjMzYyBiNTQzM2Y5NCBiNTQzM2Y2MCA4MDEzNTA3MCA4MDEyYjNlYw0KDQ0NCgdNZXNzYWdlIGZyb20gc3lzbG9nZEByYXNwYmVycnlwaSBhdCBTZXAgMjYgMDU6MjU6NDYgLi4uDQ0KIGtlcm5lbDpbICAgODAuMzEyMTM5XSAzZjYwOiAwMDAwMDAwMyBiNTdlMDA4MCAwMDAwMDAxMCAwMDAwMDAwMCAwMDAwMDAwMCAwMDAwMDAwMCAwMDAwMDBkMCA4MDEwMTFjNA0KDQ0NCgdNZXNzYWdlIGZyb20gc3lzbG9nZEByYXNwYmVycnlwaSBhdCBTZXAgMjYgMDU6MjU6NDYgLi4uDQ0KIGtlcm5lbDpbICAgODAuMzIyNjI2XSAzZjgwOiBiNTQzMjAwMCAwMDAwMDBkMCBiNTQzM2ZhNCBiNTQzM2Y5OCA4MDEzNTFiMCA4MDEzNGZiMCAwMDAwMDAwMCBiNTQzM2ZhOA0KDQ0NCgdNZXNzYWdlIGZyb20gc3lzbG9nZEByYXNwYmVycnlwaSBhdCBTZXAgMjYgMDU6MjU6NDYgLi4uDQ0KIGtlcm5lbDpbICAgODAuMzMzMTQ5XSAzZmEwOiA4MDEwMTAwMCA4MDEzNTFhNCAwMDAwMDAwMCAwMDAwMDAwMCAwMDAwMDAwMCAwMDAwMDAwMCAwMDAwMDAwMCAwMDAwMDAwMA0KDQ0NCgdNZXNzYWdlIGZyb20gc3lzbG9nZEByYXNwYmVycnlwaSBhdCBTZXAgMjYgMDU6MjU6NDYgLi4uDQ0KIGtlcm5lbDpbICAgODAuMzQzNzk5XSAzZmMwOiAwMDAwMDAwMCAwMDAwMDAwMCAwMDAwMDAwMCAwMDAwMDBkMCAwMDAwMDAwMCAwMDAwMDAwMCAwMDAwMDAwMCA3ZTk4MWJjNA0KDQ0NCgdNZXNzYWdlIGZyb20gc3lzbG9nZEByYXNwYmVycnlwaSBhdCBTZXAgMjYgMDU6MjU6NDYgLi4uDQ0KIGtlcm5lbDpbICAgODAuMzU0NTg2XSAzZmUwOiA3NmVlNTY5NCA3ZTk4MWI3OCAwMDAxMDk0MCAwMDAxMDczOCAwMDAwMDAxMCAwMDAwMDAwMCAwMDAwMDAwMCAwMDAwMDAwMA0KDQ0NCgdNZXNzYWdlIGZyb20gc3lzbG9nZEByYXNwYmVycnlwaSBhdCBTZXAgMjYgMDU6MjU6NDYgLi4uDQ0KIGtlcm5lbDpbICAgODAuMzY1NDcwXSBDb2RlOiBlOTJkZDgwMCBlMjRjYjAwNCBlNTJkZTAwNCBlOGJkNDAwMCAoZTU5MDMwNjgpIA0KDVNlZ21lbnRhdGlvbiBmYXVsdA0KcGlAcmFzcGJlcnJ5cGk6fiQg'
179,166,b'Li90cnltZQ0KNjI1MDAwMA0KZ3JpOjEwMDAvMTAwMC8xMDAwcGlAcmFzcGJlcnJ5cGk6fiQg'
179,188,b'Li90cnltZQ0KNjI1MDAwMA0KZ3JpOjEwMDAvMTAwMC8xMDAwcGlAcmFzcGJlcnJ5cGk6fiQg'
179,177,b'Li90cnltZQ0KNjI1MDAwMA0KZ3JpOjEwMDAvMTAwMC8xMDAwcGlAcmFzcGJlcnJ5cGk6fiQg'
179,166,b'Li90cnltZQ0KNjI1MDAwMA0KZ3JpOjEwMDAvMTAwMC8xMDAwcGlAcmFzcGJlcnJ5cGk6fiQg'
179,205,b'Li90cnltZQ0KNjI1MDAwMA0KZ3JpOjEwMDAvMTAwMC8xMDAwcGlAcmFzcGJlcnJ5cGk6fiQg'
179,190,b'Li90cnltZQ0K'
179,193,b'IC4vdHJ5bWUNCjYyNTAwMDANCmdyaToxMDAwLzEwMDAvMTAwMHBpQHJhc3BiZXJyeXBpOn4kIA=='
179,198,b'Li90cnltZQ0KWyAgIDQyLjIwNDExNF0gQmFkIG1vZGUgaW4gdW5kZWZpbmVkIGluc3RydWN0aW9uIGhhbmRsZXIgZGV0ZWN0ZWQNClsgICA0Mi4yMTA5NjFdIEludGVybmFsIGVycm9yOiBPb3BzIC0gYmFkIG1vZGU6IDAgWyMxXSBTTVAgQVJNDQpbICAgNDIuMjE3NDkzXSBNb2R1bGVzIGxpbmtlZCBpbjogYm5lcCBoY2lfdWFydCBidGJjbSBzZXJkZXYgYmx1ZXRvb3RoIGVjZGhfZ2VuZXJpYyBzaGEyNTZfZ2VuZXJpYyBjZmc4MDIxMSByZmtpbGwgODAyMXEgZ2FycCBzdHAgbGxjIHJhc3BiZXJyeXBpX2h3bW9uIGh3bW9uIHNuZF9iY20yODM1KEMpIGJjbTI4MzVfY29kZWMoQykgc25kX3BjbSBiY20yODM1X3Y0bDIoQykgdjRsMl9tZW0ybWVtIHNuZF90aW1lciBiY20yODM1X21tYWxfdmNoaXEoQykgdmlkZW9idWYyX2RtYV9jb250aWcgdjRsMl9jb21tb24gdmlkZW9idWYyX3ZtYWxsb2MgdmlkZW9idWYyX21lbW9wcyB2aWRlb2J1ZjJfdjRsMiBzbmQgdmlkZW9idWYyX2NvbW1vbiB2aWRlb2RldiBtZWRpYSB2Y19zbV9jbWEoQykgZml4ZWQgdWlvX3BkcnZfZ2VuaXJxIHVpbyBpcF90YWJsZXMgeF90YWJsZXMgaXB2Ng0KWyAgIDQyLjI2MjU0M10gQ1BVOiAxIFBJRDogNDM4IENvbW06IHRyeW1lIFRhaW50ZWQ6IEcgICAgICAgICBDICAgICAgICA0LjE5Ljc1LXY3KyAjMTI3MA0KWyAgIDQyLjI3MjcwMF0gSGFyZHdhcmUgbmFtZTogQkNNMjgzNQ0KWyAgIDQyLjI3NzI5MV0gUEMgaXMgYXQgX2VuZCsweDdmMTg1MzA0LzB4N2YxODYyZjQNClsgICA0Mi4yODMwNDVdIExSIGlzIGF0IG5zX2NhcGFibGVfY29tbW9uKzB4OWMvMHhiMA0KWyAgIDQyLjI4ODg5OV0gcGMgOiBbPGZmZmYwMDE0Pl0gICAgbHIgOiBbPDgwMTJiM2NjPl0gICAgcHNyOiAyMDAwMDE5Nw0KWyAgIDQyLjI5NjQ3Nl0gc3AgOiBiNTk5YmYxOCAgaXAgOiAwMDAwMDAwNyAgZnAgOiA2NjNlZWE5NQ0KWyAgIDQyLjMwMjk3OV0gcjEwOiAwMDAwMDAwMCAgcjkgOiAwMDAwMDAwMCAgcjggOiAwMDAwMDAwMA0KWyAgIDQyLjMwOTQ1OV0gcjcgOiAwMDAwMDAwMCAgcjYgOiA4MDEyYjMzYyAgcjUgOiA4MDEyYjNmYyAgcjQgOiBiNTk5YmY1MA0KWyAgIDQyLjMxNzI1N10gcjMgOiBiNTk5YmY1YyAgcjIgOiAwMDAwMDAwNyAgcjEgOiA4MGQwZDY0MCAgcjAgOiAwMDAwMDAwMA0KWyAgIDQyLjMyNTA2NF0gRmxhZ3M6IG56Q3YgIElSUXMgb2ZmICBGSVFzIG9uICBNb2RlIEFCVF8zMiAgSVNBIEFSTSAgU2VnbWVudCB1c2VyDQpbICAgNDIuMzMzNjA5XSBDb250cm9sOiAxMGM1MzgzZCAgVGFibGU6IDM0NDc0MDZhICBEQUM6IDAwMDAwMDU1DQpbICAgNDIuMzQwNjQ4XSBQcm9jZXNzIHRyeW1lIChwaWQ6IDQzOCwgc3RhY2sgbGltaXQgPSAweDU0ODk4NjVjKQ0KWyAgIDQyLjM0Nzc2MV0gU3RhY2s6ICgweGI1OTliZjE4IHRvIDB4YjU5OWMwMDApDQpbICAgNDIuMzUzMzU3XSBiZjAwOiAgICAgICAgICAgICAgICAgICAgICAgICAgICAgICAgICAgICAgICAgICAgICAgICAgICAgICAwMDAwMDAwMCA4MGQwZDY0MA0KWyAgIDQyLjM2MzkxMl0gYmYyMDogMDAwMDAwMDcgYjU5OWJmNWMgYjU5OWJmNTAgODAxMmIzZmMgODAxMmIzM2MgMDAwMDAwMDAgMDAwMDAwMDAgMDAwMDAwMDANClsgICA0Mi4zNzQ0MTddIGJmNDA6IDAwMDAwMDAwIDY2M2VlYTk1IDAwMDAwMDA3IGI1OTliZjE4IDgwMTJiM2NjIGZmZmYwMDE0IDIwMDAwMTk3IGZmZmZmZmZmDQpbICAgNDIuMzg0OTE4XSBiZjYwOiAwMDAwMDAwMyBiNjNhMDA4MCAwMDAwMDAxMCAwMDAwMDAwMCAwMDAwMDAwMCAwMDAwMDAwMCAwMDAwMDBkMCA4MDEwMTFjNA0KWyAgIDQyLjM5NTQ1NV0gYmY4MDogYjU5OWEwMDAgMDAwMDAwZDAgYjU5OWJmYTQgYjU5OWJmOTggODAxMzUxYjAgODAxMzRmYjAgMDAwMDAwMDAgYjU5OWJmYTgNClsgICA0Mi40MDYxMTVdIGJmYTA6IDgwMTAxMDAwIDgwMTM1MWE0IDAwMDAwMDAwIDAwMDAwMDAwIDAwMDAwMDAwIDAwMDAwMDAwIDAwMDAwMDAwIDAwMDAwMDAwDQpbICAgNDIuNDE2OTA5XSBiZmMwOiAwMDAwMDAwMCAwMDAwMDAwMCAwMDAwMDAwMCAwMDAwMDBkMCAwMDAwMDAwMCAwMDAwMDAwMCAwMDAwMDAwMCA3ZWRmZGJjNA0KWyAgIDQyLjQyNzc5OV0gYmZlMDogNzZlNWE2OTQgN2VkZmRiNzggMDAwMTA5NDAgMDAwMTA3MzggMDAwMDAwMTAgMDAwMDAwMDAgMDAwMDAwMDAgMDAwMDAwMDANClsgICA0Mi40Mzg4MzddIENvZGU6IGVhMDAwNDY1IGU1OWZmZmYwIGVhMDAwNDQzIGVhMDAwNDIyIChlYTAwMDQ4MSkgDQpbICAgNDIuNDQ2NDE5XSAtLS1bIGVuZCB0cmFjZSBlMDRlMTVlMmMzYjFkZmZmIF0tLS0NCg0NCgdNZXNzYWdlIGZyb20gc3lzbG9nZEByYXNwYmVycnlwaSBhdCBTZXAgMjYgMDU6MjU6MDggLi4uDQ0KIGtlcm5lbDpbICAgNDIuMjEwOTYxXSBJbnRlcm5hbCBlcnJvcjogT29wcyAtIGJhZCBtb2RlOiAwIFsjMV0gU01QIEFSTQ0KDQ0NCgdNZXNzYWdlIGZyb20gc3lzbG9nZEByYXNwYmVycnlwaSBhdCBTZXAgMjYgMDU6MjU6MDggLi4uDQ0KIGtlcm5lbDpbICAgNDIuMzQwNjQ4XSBQcm9jZXNzIHRyeW1lIChwaWQ6IDQzOCwgc3RhY2sgbGltaXQgPSAweDU0ODk4NjVjKQ0KDQ0NCgdNZXNzYWdlIGZyb20gc3lzbG9nZEByYXNwYmVycnlwaSBhdCBTZXAgMjYgMDU6MjU6MDggLi4uDQ0KIGtlcm5lbDpbICAgNDIuMzQ3NzYxXSBTdGFjazogKDB4YjU5OWJmMTggdG8gMHhiNTk5YzAwMCkNCg0NDQoHTWVzc2FnZSBmcm9tIHN5c2xvZ2RAcmFzcGJlcnJ5cGkgYXQgU2VwIDI2IDA1OjI1OjA4IC4uLg0NCiBrZXJuZWw6WyAgIDQyLjM1MzM1N10gYmYwMDogICAgICAgICAgICAgICAgICAgICAgICAgICAgICAgICAgICAgICAgICAgICAgICAgICAgICAgMDAwMDAwMDAgODBkMGQ2NDANCg0NDQoHTWVzc2FnZSBmcm9tIHN5c2xvZ2RAcmFzcGJlcnJ5cGkgYXQgU2VwIDI2IDA1OjI1OjA4IC4uLg0NCiBrZXJuZWw6WyAgIDQyLjM2MzkxMl0gYmYyMDogMDAwMDAwMDcgYjU5OWJmNWMgYjU5OWJmNTAgODAxMmIzZmMgODAxMmIzM2MgMDAwMDAwMDAgMDAwMDAwMDAgMDAwMDAwMDANCg0NDQoHTWVzc2FnZSBmcm9tIHN5c2xvZ2RAcmFzcGJlcnJ5cGkgYXQgU2VwIDI2IDA1OjI1OjA4IC4uLg0NCiBrZXJuZWw6WyAgIDQyLjM3NDQxN10gYmY0MDogMDAwMDAwMDAgNjYzZWVhOTUgMDAwMDAwMDcgYjU5OWJmMTggODAxMmIzY2MgZmZmZjAwMTQgMjAwMDAxOTcgZmZmZmZmZmYNCg0NDQoHTWVzc2FnZSBmcm9tIHN5c2xvZ2RAcmFzcGJlcnJ5cGkgYXQgU2VwIDI2IDA1OjI1OjA4IC4uLg0NCiBrZXJuZWw6WyAgIDQyLjM4NDkxOF0gYmY2MDogMDAwMDAwMDMgYjYzYTAwODAgMDAwMDAwMTAgMDAwMDAwMDAgMDAwMDAwMDAgMDAwMDAwMDAgMDAwMDAwZDAgODAxMDExYzQNCg0NDQoHTWVzc2FnZSBmcm9tIHN5c2xvZ2RAcmFzcGJlcnJ5cGkgYXQgU2VwIDI2IDA1OjI1OjA4IC4uLg0NCiBrZXJuZWw6WyAgIDQyLjM5NTQ1NV0gYmY4MDogYjU5OWEwMDAgMDAwMDAwZDAgYjU5OWJmYTQgYjU5OWJmOTggODAxMzUxYjAgODAxMzRmYjAgMDAwMDAwMDAgYjU5OWJmYTgNCg0NDQoHTWVzc2FnZSBmcm9tIHN5c2xvZ2RAcmFzcGJlcnJ5cGkgYXQgU2VwIDI2IDA1OjI1OjA4IC4uLg0NCiBrZXJuZWw6WyAgIDQyLjQwNjExNV0gYmZhMDogODAxMDEwMDAgODAxMzUxYTQgMDAwMDAwMDAgMDAwMDAwMDAgMDAwMDAwMDAgMDAwMDAwMDAgMDAwMDAwMDAgMDAwMDAwMDANCg0NDQoHTWVzc2FnZSBmcm9tIHN5c2xvZ2RAcmFzcGJlcnJ5cGkgYXQgU2VwIDI2IDA1OjI1OjA4IC4uLg0NCiBrZXJuZWw6WyAgIDQyLjQxNjkwOV0gYmZjMDogMDAwMDAwMDAgMDAwMDAwMDAgMDAwMDAwMDAgMDAwMDAwZDAgMDAwMDAwMDAgMDAwMDAwMDAgMDAwMDAwMDAgN2VkZmRiYzQNCg0NDQoHTWVzc2FnZSBmcm9tIHN5c2xvZ2RAcmFzcGJlcnJ5cGkgYXQgU2VwIDI2IDA1OjI1OjA4IC4uLg0NCiBrZXJuZWw6WyAgIDQyLjQyNzc5OV0gYmZlMDogNzZlNWE2OTQgN2VkZmRiNzggMDAwMTA5NDAgMDAwMTA3MzggMDAwMDAwMTAgMDAwMDAwMDAgMDAwMDAwMDAgMDAwMDAwMDANCg0NDQoHTWVzc2FnZSBmcm9tIHN5c2xvZ2RAcmFzcGJlcnJ5cGkgYXQgU2VwIDI2IDA1OjI1OjA4IC4uLg0NCiBrZXJuZWw6WyAgIDQyLjQzODgzN10gQ29kZTogZWEwMDA0NjUgZTU5ZmZmZjAgZWEwMDA0NDMgZWEwMDA0MjIgKGVhMDAwNDgxKSANCg1TZWdtZW50YXRpb24gZmF1bHQNCnBpQHJhc3BiZXJyeXBpOn4kIA=='
179,167,b'Li90cnltZQ0KNjI1MDAwMA0KZ3JpOjEwMDAvMTAwMC8xMDAwcGlAcmFzcGJlcnJ5cGk6fiQg'
179,201,b'Li90cnltZQ0KNjI1MDAwMA0KZ3JpOjEwMDAvMTAwMC8xMDAwcGlAcmFzcGJlcnJ5cGk6fiQg'
179,195,b'Li90cnltZQ0KNjI1MDAwMA0KZ3JpOjEwMDAvMTAwMC8xMDAwcGlAcmFzcGJlcnJ5cGk6fiQg'
179,184,b'Li90cnltZQ0KNjI1MDAwMA0KZ3JpOjEwMDAvMTAwMC8xMDAwcGlAcmFzcGJlcnJ5cGk6fiQg'
179,187,b'Li90cnltZQ0KNjI1MDAwMA0KZ3JpOjEwMDAvMTAwMC8xMDAwcGlAcmFzcGJlcnJ5cGk6fiQg'
179,191,b'Li90cnltZQ0K'
179,197,b'IC4vdHJ5bWUNCjYyNTAwMDANCmdyaToxMDAwLzEwMDAvMTAwMHBpQHJhc3BiZXJyeXBpOn4kIA=='
179,201,b'Li90cnltZQ0KNjI1MDAwMA0KZ3JpOjEwMDAvMTAwMC8xMDAwcGlAcmFzcGJlcnJ5cGk6fiQg'
179,196,b'Li90cnltZQ0K'
179,183,b'IC4vdHJ5bWUNCjYyNTAwMDANCmdyaToxMDAwLzEwMDAvMTAwMHBpQHJhc3BiZXJyeXBpOn4kIA=='
179,202,b'Li90cnltZQ0KNjI1MDAwMA0KZ3JpOjEwMDAvMTAwMC8xMDAwcGlAcmFzcGJlcnJ5cGk6fiQg'
179,195,b'Li90cnltZQ0KWyAgIDQyLjYxNDA4Nl0gVW5hYmxlIHRvIGhhbmRsZSBrZXJuZWwgTlVMTCBwb2ludGVyIGRlcmVmZXJlbmNlIGF0IHZpcnR1YWwgYWRkcmVzcyAwMDAwMDMyOA0KWyAgIDQyLjYyNDEzNl0gcGdkID0gNjk2Y2YyYTYNClsgICA0Mi42Mjc3MzFdIFswMDAwMDMyOF0gKnBnZD0zNWExYTgzNSwgKnB0ZT0wMDAwMDAwMCwgKnBwdGU9MDAwMDAwMDANClsgICA0Mi42MzUwNjZdIEludGVybmFsIGVycm9yOiBPb3BzOiA1IFsjMV0gU01QIEFSTQ0KWyAgIDQyLjY0MDcwNV0gTW9kdWxlcyBsaW5rZWQgaW46IGJuZXAgaGNpX3VhcnQgYnRiY20gc2VyZGV2IGJsdWV0b290aCBlY2RoX2dlbmVyaWMgc2hhMjU2X2dlbmVyaWMgY2ZnODAyMTEgcmZraWxsIDgwMjFxIGdhcnAgc3RwIGxsYyBzbmRfYmNtMjgzNShDKSBzbmRfcGNtIHJhc3BiZXJyeXBpX2h3bW9uIGJjbTI4MzVfY29kZWMoQykgaHdtb24gYmNtMjgzNV92NGwyKEMpIHY0bDJfbWVtMm1lbSBzbmRfdGltZXIgYmNtMjgzNV9tbWFsX3ZjaGlxKEMpIHY0bDJfY29tbW9uIHNuZCB2aWRlb2J1ZjJfZG1hX2NvbnRpZyB2aWRlb2J1ZjJfdm1hbGxvYyB2aWRlb2J1ZjJfbWVtb3BzIHZpZGVvYnVmMl92NGwyIHZpZGVvYnVmMl9jb21tb24gdmlkZW9kZXYgdmNfc21fY21hKEMpIG1lZGlhIGZpeGVkIHVpb19wZHJ2X2dlbmlycSB1aW8gaXBfdGFibGVzIHhfdGFibGVzIGlwdjYNClsgICA0Mi42ODYxMjRdIENQVTogMCBQSUQ6IDQzOCBDb21tOiB0cnltZSBUYWludGVkOiBHICAgICAgICAgQyAgICAgICAgNC4xOS43NS12NysgIzEyNzANClsgICA0Mi42OTk1OThdIEhhcmR3YXJlIG5hbWU6IEJDTTI4MzUNClsgICA0Mi43MDU4OTNdIFBDIGlzIGF0IGNvbW1pdF9jcmVkcysweDkwLzB4MjljDQpbICAgNDIuNzEzMDM0XSBMUiBpcyBhdCBfX3N5c19zZXRyZXN1aWQrMHgxNjgvMHgxZjQNClsgICA0Mi43MjA0NzldIHBjIDogWzw4MDE0NTBjOD5dICAgIGxyIDogWzw4MDEzNTEwYz5dICAgIHBzcjogODAwMDAwMTMNClsgICA0Mi43Mjk2MzRdIHNwIDogYjQwNjNmNjAgIGlwIDogYjQwNjNmNDAgIGZwIDogYjQwNjNmOTQNClsgICA0Mi43Mzc3NDRdIHIxMDogMDAwMDAwMDAgIHI5IDogMDAwMDAwMDAgIHI4IDogMDAwMDAwMDANClsgICA0Mi43NDU4NTRdIHI3IDogMDAwMDAwMDAgIHI2IDogMDAwMDAwMDAgIHI1IDogMDAwMDAwMDAgIHI0IDogYjQwYjUyMDANClsgICA0Mi43NTUyMzFdIHIzIDogYjQwYjUwMDAgIHIyIDogMDAwMDAzZTggIHIxIDogMDAwMDAwMDEgIHIwIDogMDAwMDAwMDANClsgICA0Mi43NjQ1MDNdIEZsYWdzOiBOemN2ICBJUlFzIG9uICBGSVFzIG9uICBNb2RlIFNWQ18zMiAgSVNBIEFSTSAgU2VnbWVudCB1c2VyDQpbICAgNDIuNzc0Mzg5XSBDb250cm9sOiAxMGM1MzgzZCAgVGFibGU6IDM0MWFjMDZhICBEQUM6IDAwMDAwMDU1DQpbICAgNDIuNzgyOTEyXSBQcm9jZXNzIHRyeW1lIChwaWQ6IDQzOCwgc3RhY2sgbGltaXQgPSAweDgwNGMzZGJhKQ0KWyAgIDQyLjc5MTUxN10gU3RhY2s6ICgweGI0MDYzZjYwIHRvIDB4YjQwNjQwMDApDQpbICAgNDIuNzk4NTc5XSAzZjYwOiAwMDAwMDAwMyBiNDBiNTAwMCAwMDAwMDAxMCAwMDAwMDAwMCAwMDAwMDAwMCAwMDAwMDAwMCAwMDAwMDBkMCA4MDEwMTFjNA0KWyAgIDQyLjgxMjEyMl0gM2Y4MDogYjQwNjIwMDAgMDAwMDAwZDAgYjQwNjNmYTQgYjQwNjNmOTggODAxMzUxYjAgODAxMzRmYjAgMDAwMDAwMDAgYjQwNjNmYTgNClsgICA0Mi44MjU2NDhdIDNmYTA6IDgwMTAxMDAwIDgwMTM1MWE0IDAwMDAwMDAwIDAwMDAwMDAwIDAwMDAwMDAwIDAwMDAwMDAwIDAwMDAwMDAwIDAwMDAwMDAwDQpbICAgNDIuODM5MTgwXSAzZmMwOiAwMDAwMDAwMCAwMDAwMDAwMCAwMDAwMDAwMCAwMDAwMDBkMCAwMDAwMDAwMCAwMDAwMDAwMCAwMDAwMDAwMCA3ZTgxYmJjNA0KWyAgIDQyLjg1Mjc5N10gM2ZlMDogNzZlNTg2OTQgN2U4MWJiNzggMDAwMTA5NDAgMDAwMTA3MzggMDAwMDAwMTAgMDAwMDAwMDAgMDAwMDAwMDAgMDAwMDAwMDANClsgICA0Mi44NjY3MTVdIFs8ODAxNDUwYzg+XSAoY29tbWl0X2NyZWRzKSBmcm9tIFs8ODAxMzUxYjA+XSAoc3lzX3NldHJlc3VpZCsweDE4LzB4MWMpDQpbICAgNDIuODgwNDA3XSBbPDgwMTM1MWIwPl0gKHN5c19zZXRyZXN1aWQpIGZyb20gWzw4MDEwMTAwMD5dIChyZXRfZmFzdF9zeXNjYWxsKzB4MC8weDI4KQ0KWyAgIDQyLjg5NDU5Nl0gRXhjZXB0aW9uIHN0YWNrKDB4YjQwNjNmYTggdG8gMHhiNDA2M2ZmMCkNClsgICA0Mi45MDI5NDRdIDNmYTA6ICAgICAgICAgICAgICAgICAgIDAwMDAwMDAwIDAwMDAwMDAwIDAwMDAwMDAwIDAwMDAwMDAwIDAwMDAwMDAwIDAwMDAwMDAwDQpbICAgNDIuOTE3NzkxXSAzZmMwOiAwMDAwMDAwMCAwMDAwMDAwMCAwMDAwMDAwMCAwMDAwMDBkMCAwMDAwMDAwMCAwMDAwMDAwMCAwMDAwMDAwMCA3ZTgxYmJjNA0KWyAgIDQyLjkzMjcxMV0gM2ZlMDogNzZlNTg2OTQgN2U4MWJiNzggMDAwMTA5NDAgMDAwMTA3MzgNClsgICA0Mi45NDEyMDJdIENvZGU6IGUxNWMwMDAzIDBhMDAwMDUwIGU1OTYwMzI4IGUzNTAwMDAwICgwYTAwMDAwMykgDQoNDQoHTWVzc1sgICA0Mi45NTA5MDZdIC0tLVsgZW5kIHRyYWNlIDdjNWRlMTlkN2UyMGU2NGEgXS0tLQ0KYWdlIGZyb21bICAgNDIuOTU4OTY3XSBLZXJuZWwgcGFuaWMgLSBub3Qgc3luY2luZzogRmF0YWwgZXhjZXB0aW9uIGluIGludGVycnVwdA0KWyAgIDQyLjk2ODcxMl0gQ1BVMTogc3RvcHBpbmcNClsgICA0Mi45NzQ2NTldIENQVTogMSBQSUQ6IDAgQ29tbTogc3dhcHBlci8xIFRhaW50ZWQ6IEcgICAgICBEICBDICAgICAgICA0LjE5Ljc1LXY3KyAjMTI3MA0KWyAgIDQyLjk4OTA2OV0gSGFyZHdhcmUgbmFtZTogQkNNMjgzNQ0KWyAgIDQyLjk5NTU3Ml0gWzw4MDExMWZjYz5dICh1bndpbmRfYmFja3RyYWNlKSBmcm9tIFs8ODAxMGQ1NDQ+XSAoc2hvd19zdGFjaysweDIwLzB4MjQpDQpbICAgNDMuMDA5NDk0XSBbPDgwMTBkNTQ0Pl0gKHNo'
179,182,b'IC4vdHJ5bWUNCjYyNTAwMDANCmdyaToxMDAwLzEwMDAvMTAwMHBpQHJhc3BiZXJyeXBpOn4kIA=='
179,170,b'Li90cnltZQ0KWyAgIDQyLjI2NDE0Ml0gVW5hYmxlIHRvIGhhbmRsZSBrZXJuZWwgTlVMTCBwb2ludGVyIGRlcmVmZXJlbmNlIGF0IHZpcnR1YWwgYWRkcmVzcyAwMDAwMDRhOA0KWyAgIDQyLjI3NDI1OV0gcGdkID0gYWZjZjY4NmQNClsgICA0Mi4yNzc4NjRdIFswMDAwMDRhOF0gKnBnZD0zNWNjYzgzNSwgKnB0ZT0wMDAwMDAwMCwgKnBwdGU9MDAwMDAwMDANClsgICA0Mi4yODUxNzVdIEludGVybmFsIGVycm9yOiBPb3BzOiAxNyBbIzFdIFNNUCBBUk0NClsgICA0Mi4yOTA4NzVdIE1vZHVsZXMgbGlua2VkIGluOiBibmVwIGhjaV91YXJ0IGJ0YmNtIHNlcmRldiBibHVldG9vdGggZWNkaF9nZW5lcmljIHNoYTI1Nl9nZW5lcmljIGNmZzgwMjExIHJma2lsbCA4MDIxcSBnYXJwIHN0cCBsbGMgc25kX2JjbTI4MzUoQykgcmFzcGJlcnJ5cGlfaHdtb24gaHdtb24gYmNtMjgzNV9jb2RlYyhDKSBzbmRfcGNtIHY0bDJfbWVtMm1lbSBiY20yODM1X3Y0bDIoQykgc25kX3RpbWVyIGJjbTI4MzVfbW1hbF92Y2hpcShDKSB2NGwyX2NvbW1vbiB2aWRlb2J1ZjJfZG1hX2NvbnRpZyB2aWRlb2J1ZjJfdm1hbGxvYyB2aWRlb2J1ZjJfbWVtb3BzIHZpZGVvYnVmMl92NGwyIHNuZCB2aWRlb2J1ZjJfY29tbW9uIHZpZGVvZGV2IG1lZGlhIHZjX3NtX2NtYShDKSBmaXhlZCB1aW9fcGRydl9nZW5pcnEgdWlvIGlwX3RhYmxlcyB4X3RhYmxlcyBpcHY2DQpbICAgNDIuMzM2MzI3XSBDUFU6IDEgUElEOiA0MzkgQ29tbTogdHJ5bWUgVGFpbnRlZDogRyAgICAgICAgIEMgICAgICAgIDQuMTkuNzUtdjcrICMxMjcwDQpbICAgNDIuMzQ2Njg2XSBIYXJkd2FyZSBuYW1lOiBCQ00yODM1DQpbICAgNDIuMzUxMzc4XSBQQyBpcyBhdCBuc19jYXBhYmxlX2NvbW1vbisweDk0LzB4YjANClsgICA0Mi4zNTcyODddIExSIGlzIGF0IDB4YjVlNDQwMDANClsgICA0Mi4zNjE2NjBdIHBjIDogWzw4MDEyYjNjND5dICAgIGxyIDogWzxiNWU0NDAwMD5dICAgIHBzcjogMjAwMDAwMTMNClsgICA0Mi4zNjkyMzRdIHNwIDogYjVlNDVmNDAgIGlwIDogMDAwMDAwMDcgIGZwIDogYjVlNDVmNGMNClsgICA0Mi4zNzU3NThdIHIxMDogMDAwMDAwMDAgIHI5IDogMDAwMDAwMDAgIHI4IDogMDAwMDAwMDANClsgICA0Mi4zODIyNzhdIHI3IDogMDAwMDAwMDAgIHI2IDogMDAwMDAwMDAgIHI1IDogMDAwMDAwMDAgIHI0IDogYjU1NDYyMDANClsgICA0Mi4zOTAwOTZdIHIzIDogMDAwMDAwMDEgIHIyIDogMDAwMDAwMDcgIHIxIDogODBkMGQ2NDAgIHIwIDogMDAwMDAwMDANClsgICA0Mi4zOTc4NjldIEZsYWdzOiBuekN2ICBJUlFzIG9uICBGSVFzIG9uICBNb2RlIFNWQ18zMiAgSVNBIEFSTSAgU2VnbWVudCB1c2VyDQpbICAgNDIuNDA2MjU3XSBDb250cm9sOiAxMGM1MzgzZCAgVGFibGU6IDMzOTA0MDZhICBEQUM6IDAwMDAwMDU1DQpbICAgNDIuNDEzMjU2XSBQcm9jZXNzIHRyeW1lIChwaWQ6IDQzOSwgc3RhY2sgbGltaXQgPSAweDc0OTM5NTBlKQ0KWyAgIDQyLjQyMDMzOV0gU3RhY2s6ICgweGI1ZTQ1ZjQwIHRvIDB4YjVlNDYwMDApDQpbICAgNDIuNDI1OTA2XSA1ZjQwOiBiNWU0NWY1YyBiNWU0NWY1MCA4MDEyYjNmYyA4MDEyYjMzYyBiNWU0NWY5NCBiNWU0NWY2MCA4MDEzNTA3MCA4MDEyYjNlYw0KWyAgIDQyLjQzNjQ5Ml0gNWY2MDogMDAwMDAwMDMgYjU1NDYxODAgMDAwMDAwMTAgMDAwMDAwMDAgMDAwMDAwMDAgMDAwMDAwMDAgMDAwMDAwZDAgODAxMDExYzQNClsgICA0Mi40NDcwNzBdIDVmODA6IGI1ZTQ0MDAwIDAwMDAwMGQwIGI1ZTQ1ZmE0IGI1ZTQ1Zjk4IDgwMTM1MWIwIDgwMTM0ZmIwIDAwMDAwMDAwIGI1ZTQ1ZmE4DQpbICAgNDIuNDU3NjQzXSA1ZmEwOiA4MDEwMTAwMCA4MDEzNTFhNCAwMDAwMDAwMCAwMDAwMDAwMCAwMDAwMDAwMCAwMDAwMDAwMCAwMDAwMDAwMCAwMDAwMDAwMA0KWyAgIDQyLjQ2ODI1M10gNWZjMDogMDAwMDAwMDAgMDAwMDAwMDAgMDAwMDAwMDAgMDAwMDAwZDAgMDAwMDAwMDAgMDAwMDAwMDAgMDAwMDAwMDAgN2U5MWRiYzQNClsgICA0Mi40Nzg5ODRdIDVmZTA6IDc2ZTMzNjk0IDdlOTFkYjc4IDAwMDEwOTQwIDAwMDEwNzM4IDAwMDAwMDEwIDAwMDAwMDAwIDAwMDAwMDAwIDAwMDAwMDAwDQpbICAgNDIuNDg5ODU2XSBbPDgwMTJiM2M0Pl0gKG5zX2NhcGFibGVfY29tbW9uKSBmcm9tIFs8ODAxMmIzZmM+XSAobnNfY2FwYWJsZSsweDFjLzB4MjApDQpbICAgNDIuNTAwNDc4XSBbPDgwMTJiM2ZjPl0gKG5zX2NhcGFibGUpIGZyb20gWzw4MDEzNTA3MD5dIChfX3N5c19zZXRyZXN1aWQrMHhjYy8weDFmNCkNClsgICA0Mi41MTEyMDBdIFs8ODAxMzUwNzA+XSAoX19zeXNfc2V0cmVzdWlkKSBmcm9tIFs8ODAxMzUxYjA+XSAoc3lzX3NldHJlc3VpZCsweDE4LzB4MWMpDQpbICAgNDIuNTIyMTc2XSBbPDgwMTM1MWIwPl0gKHN5c19zZXRyZXN1aWQpIGZyb20gWzw4MDEwMTAwMD5dIChyZXRfZmFzdF9zeXNjYWxsKzB4MC8weDI4KQ0KWyAgIDQyLjUzMzIyNl0gRXhjZXB0aW9uIHN0YWNrKDB4YjVlNDVmYTggdG8gMHhiNWU0NWZmMCkNClsgICA0Mi41Mzk4NjldIDVmYTA6ICAgICAgICAgICAgICAgICAgIDAwMDAwMDAwIDAwMDAwMDAwIDAwMDAwMDAwIDAwMDAwMDAwIDAwMDAwMDAwIDAwMDAwMDAwDQpbICAgNDIuNTUxMTUzXSA1ZmMwOiAwMDAwMDAwMCAwMDAwMDAwMCAwMDAwMDAwMCAwMDAwMDBkMCAwMDAwMDAwMCAwMDAwMDAwMCAwMDAwMDAwMCA3ZTkxZGJjNA0KWyAgIDQyLjU2MjQzM10gNWZlMDogNzZlMzM2OTQgN2U5MWRiNzggMDAwMTA5NDAgMDAwMTA3MzgNClsgICA0Mi41NjkwNDBdIENvZGU6IGUxYTAxMDAwIGUxYTAyMDBjIGUzYTAzMDAxIGU1OWUwMDBjIChlNTkwMDRhOCkgDQoNDQoHTWVzc2FnZSBmcm9tIHN5WyAgIDQyLjU3Njc0NF0gLS0tWyBlbmQgdHJhY2UgZDI4ZDJiMTA4MzNjYTlkOCBdLS0tDQpzbG9nZEByYXNwYmVycnlwaSBhdCBTZXAgMjYgMDU6MjU6MDggLi4uDQ0KIGtlcm5lbDpbICAgNDIuMjg1MTc1XSBJbnRlcm5hbCBlcnJvcjogT29wczogMTcgWyMxXSBTTVAgQVJNDQoNDQ0KB01lc3NhZ2UgZnJvbSBzeXNsb2dkQHJhc3BiZXJyeXBpIGF0IFNlcCAyNiAwNToyNTowOSAuLi4NDQoga2VybmVsOlsgICA0Mi40MTMyNTZdIFByb2Nlc3MgdHJ5bWUgKHBpZDogNDM5LCBzdGFjayBsaW1pdCA9IDB4NzQ5Mzk1MGUpDQoNDQ0KB01lc3NhZ2UgZnJvbSBzeXNsb2dkQHJhc3BiZXJyeXBpIGF0IFNlcCAyNiAwNToyNTowOSAuLi4NDQoga2VybmVsOlsgICA0Mi40MjAzMzldIFN0YWNrOiAoMHhiNWU0NWY0MCB0byAweGI1ZTQ2MDAwKQ0KDQ0NCgdNZXNzYWdlIGZyb20gc3lzbG9nZEByYXNwYmVycnlwaSBhdCBTZXAgMjYgMDU6MjU6MDkgLi4uDQ0KIGtlcm5lbDpbICAgNDIuNDI1OTA2XSA1ZjQwOiBiNWU0NWY1YyBiNWU0NWY1MCA4MDEyYjNmYyA4MDEyYjMzYyBiNWU0NWY5NCBiNWU0NWY2MCA4MDEzNTA3MCA4MDEyYjNlYw0KDQ0NCgdNZXNzYWdlIGZyb20gc3lzbG9nZEByYXNwYmVycnlwaSBhdCBTZXAgMjYgMDU6MjU6MDkgLi4uDQ0KIGtlcm5lbDpbICAgNDIuNDM2NDkyXSA1ZjYwOiAwMDAwMDAwMyBiNTU0NjE4MCAwMDAwMDAxMCAwMDAwMDAwMCAwMDAwMDAwMCAwMDAwMDAwMCAwMDAwMDBkMCA4MDEwMTFjNA0KDQ0NCgdNZXNzYWdlIGZyb20gc3lzbG9nZEByYXNwYmVycnlwaSBhdCBTZXAgMjYgMDU6MjU6MDkgLi4uDQ0KIGtlcm5lbDpbICAgNDIuNDQ3MDcwXSA1ZjgwOiBiNWU0NDAwMCAwMDAwMDBkMCBiNWU0NWZhNCBiNWU0NWY5OCA4MDEzNTFiMCA4MDEzNGZiMCAwMDAwMDAwMCBiNWU0NWZhOA0KDQ0NCgdNZXNzYWdlIGZyb20gc3lzbG9nZEByYXNwYmVycnlwaSBhdCBTZXAgMjYgMDU6MjU6MDkgLi4uDQ0KIGtlcm5lbDpbICAgNDIuNDU3NjQzXSA1ZmEwOiA4MDEwMTAwMCA4MDEzNTFhNCAwMDAwMDAwMCAwMDAwMDAwMCAwMDAwMDAwMCAwMDAwMDAwMCAwMDAwMDAwMCAwMDAwMDAwMA0KDQ0NCgdNZXNzYWdlIGZyb20gc3lzbG9nZEByYXNwYmVycnlwaSBhdCBTZXAgMjYgMDU6MjU6MDkgLi4uDQ0KIGtlcm5lbDpbICAgNDIuNDY4MjUzXSA1ZmMwOiAwMDAwMDAwMCAwMDAwMDAwMCAwMDAwMDAwMCAwMDAwMDBkMCAwMDAwMDAwMCAwMDAwMDAwMCAwMDAwMDAwMCA3ZTkxZGJjNA0KDQ0NCgdNZXNzYWdlIGZyb20gc3lzbG9nZEByYXNwYmVycnlwaSBhdCBTZXAgMjYgMDU6MjU6MDkgLi4uDQ0KIGtlcm5lbDpbICAgNDIuNDc4OTg0XSA1ZmUwOiA3NmUzMzY5NCA3ZTkxZGI3OCAwMDAxMDk0MCAwMDAxMDczOCAwMDAwMDAxMCAwMDAwMDAwMCAwMDAwMDAwMCAwMDAwMDAwMA0KDQ0NCgdNZXNzYWdlIGZyb20gc3lzbG9nZEByYXNwYmVycnlwaSBhdCBTZXAgMjYgMDU6MjU6MDkgLi4uDQ0KIGtlcm5lbDpbICAgNDIuNTY5MDQwXSBDb2RlOiBlMWEwMTAwMCBlMWEwMjAwYyBlM2EwMzAwMSBlNTllMDAwYyAoZTU5MDA0YTgpIA0KDQ=='
179,183,b'IC4vdHJ5bWUNCjYyNTAwMDANCmdyaToxMDAwLzEwMDAvMTAwMHBpQHJhc3BiZXJyeXBpOn4kIA=='
179,171,b'Li90cnltZQ0KWyAgIDQyLjE1NDEyN10gVW5hYmxlIHRvIGhhbmRsZSBrZXJuZWwgTlVMTCBwb2ludGVyIGRlcmVmZXJlbmNlIGF0IHZpcnR1YWwgYWRkcmVzcyAwMDAwMDMyOA0KWyAgIDQyLjE2NDIxNV0gcGdkID0gNTE2MmVhNWUNClsgICA0Mi4xNjc4MTJdIFswMDAwMDMyOF0gKnBnZD0zNmQ5OTgzNSwgKnB0ZT0wMDAwMDAwMCwgKnBwdGU9MDAwMDAwMDANClsgICA0Mi4xNzUxMjBdIEludGVybmFsIGVycm9yOiBPb3BzOiAxNyBbIzFdIFNNUCBBUk0NCg0NCgdNZXNzYWdlIGZyb20gc3lzbG9nZEByYXNwYmVycnlwaSBhdCBTZXAgMjYgMDU6MjU6MDggLi4uDQ0KIGtlcm5lbDpbICAgNDIuMTc1WyAgIDQyLjE4MDgxNF0gTW9kdWxlcyBsaW5rZWQgaW46IGJuZXAgaGNpX3VhcnQgYnRiY20gc2VyZGV2IGJsdWV0b290aCBlY2RoX2dlbmVyaWMgc2hhMjU2X2dlbmVyaWMgY2ZnODAyMTEgcmZraWxsIDgwMjFxIGdhcnAgc3RwIGxsYyBzbmRfYmNtMjgzNShDKSByYXNwYmVycnlwaV9od21vbiBod21vbiBzbmRfcGNtIGJjbTI4MzVfY29kZWMoQykgc25kX3RpbWVyIHY0bDJfbWVtMm1lbSBiY20yODM1X3Y0bDIoQykgc25kIGJjbTI4MzVfbW1hbF92Y2hpcShDKSB2NGwyX2NvbW1vbiB2aWRlb2J1ZjJfdm1hbGxvYyB2aWRlb2J1ZjJfZG1hX2NvbnRpZyB2aWRlb2J1ZjJfbWVtb3BzIHZpZGVvYnVmMl92NGwyIHZpZGVvYnVmMl9jb21tb24gdmNfc21fY21hKEMpIHZpZGVvZGV2IG1lZGlhIGZpeGVkIHVpb19wZHJ2X2dlbmlycSB1aW8gaXBfdGFibGVzIHhfdGFibGVzIGlwdjYNCjEyMF0gSW50ZXJuYWwgZXJyb3I6IE9vcHM6IDE3IFsjWyAgIDQyLjIyNjg0OV0gQ1BVOiAzIFBJRDogNDM5IENvbW06IHRyeW1lIFRhaW50ZWQ6IEcgICAgICAgICBDICAgICAgICA0LjE5Ljc1LXY3KyAjMTI3MA0KMV0gU01QIEFSTQ0KDVsgICA0Mi4yMzc1OTVdIEhhcmR3YXJlIG5hbWU6IEJDTTI4MzUNClsgICA0Mi4yNDIyODJdIFBDIGlzIGF0IGNvbW1pdF9jcmVkcysweDkwLzB4MjljDQpbICAgNDIuMjQ3ODMyXSBMUiBpcyBhdCBfX3N5c19zZXRyZXN1aWQrMHgxNjgvMHgxZjQNClsgICA0Mi4yNTM3MTJdIHBjIDogWzw4MDE0NTBjOD5dICAgIGxyIDogWzw4MDEzNTEwYz5dICAgIHBzcjogODAwMDAwMTMNClsgICA0Mi4yNjEyNzhdIHNwIDogYjQwYzVmNjAgIGlwIDogYjQwYzVmNDAgIGZwIDogYjQwYzVmOTQNClsgICA0Mi4yNjc3OTNdIHIxMDogMDAwMDAwMDAgIHI5IDogMDAwMDAwMDAgIHI4IDogMDAwMDAwMDANClsgICA0Mi4yNzQzMDldIHI3IDogMDAwMDAwMDAgIHI2IDogMDAwMDAwMDAgIHI1IDogZmZmZmZmZmYgIHI0IDogYjQwMTM0MDANClsgICA0Mi4yODIxMzBdIHIzIDogYjQwMTMzODAgIHIyIDogMDAwMDAzZTggIHIxIDogMDAwMDAwMDEgIHIwIDogYjQwMTM0MDANClsgICA0Mi4yODk5MTBdIEZsYWdzOiBOemN2ICBJUlFzIG9uICBGSVFzIG9uICBNb2RlIFNWQ18zMiAgSVNBIEFSTSAgU2VnbWVudCB1c2VyDQpbICAgNDIuMjk4MzAzXSBDb250cm9sOiAxMGM1MzgzZCAgVGFibGU6IDM0MTBjMDZhICBEQUM6IDAwMDAwMDU1DQpbICAgNDIuMzA1MzA4XSBQcm9jZXNzIHRyeW1lIChwaWQ6IDQzOSwgc3RhY2sgbGltaXQgPSAweGJkOWI5YjExKQ0KWyAgIDQyLjMxMjM5Nl0gU3RhY2s6ICgweGI0MGM1ZjYwIHRvIDB4YjQwYzYwMDApDQpbICAgNDIuMzE3OTY4XSA1ZjYwOiAwMDAwMDAwMyBiNDAxMzM4MCAwMDAwMDAxMCAwMDAwMDAwMCAwMDAwMDAwMCAwMDAwMDAwMCAwMDAwMDBkMCA4MDEwMTFjNA0KWyAgIDQyLjMyODU2MF0gNWY4MDogYjQwYzQwMDAgMDAwMDAwZDAgYjQwYzVmYTQgYjQwYzVmOTggODAxMzUxYjAgODAxMzRmYjAgMDAwMDAwMDAgYjQwYzVmYTgNClsgICA0Mi4zMzkxNDJdIDVmYTA6IDgwMTAxMDAwIDgwMTM1MWE0IDAwMDAwMDAwIDAwMDAwMDAwIDAwMDAwMDAwIDAwMDAwMDAwIDAwMDAwMDAwIDAwMDAwMDAwDQpbICAgNDIuMzQ5NzIwXSA1ZmMwOiAwMDAwMDAwMCAwMDAwMDAwMCAwMDAwMDAwMCAwMDAwMDBkMCAwMDAwMDAwMCAwMDAwMDAwMCAwMDAwMDAwMCA3ZWNmZGJjNA0KWyAgIDQyLjM2MDMzNF0gNWZlMDogNzZlM2Q2OTQgN2VjZmRiNzggMDAwMTA5NDAgMDAwMTA3MzggMDAwMDAwMTAgMDAwMDAwMDAgMDAwMDAwMDAgMDAwMDAwMDANClsgICA0Mi4zNzEwODFdIFs8ODAxNDUwYzg+XSAoY29tbWl0X2NyZWRzKSBmcm9tIFs8ODAxMzUxYjA+XSAoc3lzX3NldHJlc3VpZCsweDE4LzB4MWMpDQpbICAgNDIuMzgxNDMyXSBbPDgwMTM1MWIwPl0gKHN5c19zZXRyZXN1aWQpIGZyb20gWzw4MDEwMTAwMD5dIChyZXRfZmFzdF9zeXNjYWxsKzB4MC8weDI4KQ0KWyAgIDQyLjM5MjE0NV0gRXhjZXB0aW9uIHN0YWNrKDB4YjQwYzVmYTggdG8gMHhiNDBjNWZmMCkNClsgICA0Mi4zOTg2NjBdIDVmYTA6ICAgICAgICAgICAgICAgICAgIDAwMDAwMDAwIDAwMDAwMDAwIDAwMDAwMDAwIDAwMDAwMDAwIDAwMDAwMDAwIDAwMDAwMDAwDQpbICAgNDIuNDA5NzgxXSA1ZmMwOiAwMDAwMDAwMCAwMDAwMDAwMCAwMDAwMDAwMCAwMDAwMDBkMCAwMDAwMDAwMCAwMDAwMDAwMCAwMDAwMDAwMCA3ZWNmZGJjNA0KWyAgIDQyLjQyMDkzM10gNWZlMDogNzZlM2Q2OTQgN2VjZmRiNzggMDAwMTA5NDAgMDAwMTA3MzgNClsgICA0Mi40Mjc1MDhdIENvZGU6IGUxNWMwMDAzIDBhMDAwMDUwIGU1OTYwMzI4IGUzNTAwMDAwICgwYTAwMDAwMykgDQpbICAgNDIuNDM1MTg1XSAtLS1bIGVuZCB0cmFjZSBkZTk5Zjc0N2Y4MTFhZjE4IF0tLS0NCg0NCgdNZXNzYWdlIGZyb20gc3lzbG9nZEByYXNwYmVycnlwaSBhdCBTZXAgMjYgMDU6MjU6MDkgLi4uDQ0KIGtlcm5lbDpbICAgNDIuMzA1MzA4XSBQcm9jZXNzIHRyeW1lIChwaWQ6IDQzOSwgc3RhY2sgbGltaXQgPSAweGJkOWI5YjExKQ0KDQ0NCgdNZXNzYWdlIGZyb20gc3lzbG9nZEByYXNwYmVycnlwaSBhdCBTZXAgMjYgMDU6MjU6MDkgLi4uDQ0KIGtlcm5lbDpbICAgNDIuMzEyMzk2XSBTdGFjazogKDB4YjQwYzVmNjAgdG8gMHhiNDBjNjAwMCkNCg0NDQoHTWVzc2FnZSBmcm9tIHN5c2xvZ2RAcmFzcGJlcnJ5cGkgYXQgU2VwIDI2IDA1OjI1OjA5IC4uLg0NCiBrZXJuZWw6WyAgIDQyLjMxNzk2OF0gNWY2MDogMDAwMDAwMDMgYjQwMTMzODAgMDAwMDAwMTAgMDAwMDAwMDAgMDAwMDAwMDAgMDAwMDAwMDAgMDAwMDAwZDAgODAxMDExYzQNCg0NDQoHTWVzc2FnZSBmcm9tIHN5c2xvZ2RAcmFzcGJlcnJ5cGkgYXQgU2VwIDI2IDA1OjI1OjA5IC4uLg0NCiBrZXJuZWw6WyAgIDQyLjMyODU2MF0gNWY4MDogYjQwYzQwMDAgMDAwMDAwZDAgYjQwYzVmYTQgYjQwYzVmOTggODAxMzUxYjAgODAxMzRmYjAgMDAwMDAwMDAgYjQwYzVmYTgNCg0NDQoHTWVzc2FnZSBmcm9tIHN5c2xvZ2RAcmFzcGJlcnJ5cGkgYXQgU2VwIDI2IDA1OjI1OjA5IC4uLg0NCiBrZXJuZWw6WyAgIDQyLjMzOTE0Ml0gNWZhMDogODAxMDEwMDAgODAxMzUxYTQgMDAwMDAwMDAgMDAwMDAwMDAgMDAwMDAwMDAgMDAwMDAwMDAgMDAwMDAwMDAgMDAwMDAwMDANCg0NDQoHTWVzc2FnZSBmcm9tIHN5c2xvZ2RAcmFzcGJlcnJ5cGkgYXQgU2VwIDI2IDA1OjI1OjA5IC4uLg0NCiBrZXJuZWw6WyAgIDQyLjM0OTcyMF0gNWZjMDogMDAwMDAwMDAgMDAwMDAwMDAgMDAwMDAwMDAgMDAwMDAwZDAgMDAwMDAwMDAgMDAwMDAwMDAgMDAwMDAwMDAgN2VjZmRiYzQNCg0NDQoHTWVzc2FnZSBmcm9tIHN5c2xvZ2RAcmFzcGJlcnJ5cGkgYXQgU2VwIDI2IDA1OjI1OjA5IC4uLg0NCiBrZXJuZWw6WyAgIDQyLjM2MDMzNF0gNWZlMDogNzZlM2Q2OTQgN2VjZmRiNzggMDAwMTA5NDAgMDAwMTA3MzggMDAwMDAwMTAgMDAwMDAwMDAgMDAwMDAwMDAgMDAwMDAwMDANCg0NDQoHTWVzc2FnZSBmcm9tIHN5c2xvZ2RAcmFzcGJlcnJ5cGkgYXQgU2VwIDI2IDA1OjI1OjA5IC4uLg0NCiBrZXJuZWw6WyAgIDQyLjQyNzUwOF0gQ29kZTogZTE1YzAwMDMgMGEwMDAwNTAgZTU5NjAzMjggZTM1MDAwMDAgKDBhMDAwMDAzKSANCg1TZWdtZW50YXRpb24gZmF1bHQNCnBpQHJhc3BiZXJyeXBpOn4kIA=='
179,185,b'Li90cnltZQ0KNjI1MDAwMA0KZ3JpOjEwMDAvMTAwMC8xMDAwcGlAcmFzcGJlcnJ5cGk6fiQg'
179,204,b'Li90cnltZQ0K'
179,176,b'IC4vdHJ5bWUNCjYyNTAwMDANCmdyaToxMDAwLzEwMDAvMTAwMHBpQHJhc3BiZXJyeXBpOn4kIA=='
179,176,b'Li90cnltZQ0KNjI1MDAwMA0KZ3JpOjEwMDAvMTAwMC8xMDAwcGlAcmFzcGJlcnJ5cGk6fiQg'
179,180,b'Li90cnltZQ0K'
179,199,b'IC4vdHJ5bWUNCjYyNTAwMDANCmdyaToxMDAwLzEwMDAvMTAwMHBpQHJhc3BiZXJyeXBpOn4kIA=='
179,202,b'Li90cnltZQ0KNjI1MDAwMA0KZ3JpOjEwMDAvMTAwMC8xMDAwcGlAcmFzcGJlcnJ5cGk6fiQg'
179,189,b'Li90cnltZQ0K'
179,205,b'IC4vdHJ5bWUNCjYyNTAwMDANCmdyaToxMDAwLzEwMDAvMTAwMHBpQHJhc3BiZXJyeXBpOn4kIA=='
