181,149,b'Li90cnltZQ0KNjI1MDAwMA0KZ3JpOjEwMDAvMTAwMC8xMDAwcGlAcmFzcGJlcnJ5cGk6fiQg'
181,153,b'Li90cnltZQ0KWyAgMTE4LjQ3NDEzNF0gVW5hYmxlIHRvIGhhbmRsZSBrZXJuZWwgcGFnaW5nIHJlcXVlc3QgYXQgdmlydHVhbCBhZGRyZXNzIDAwMDI4NGE4DQpbICAxMTguNDgyNDk3XSBwZ2QgPSAzOWQzM2UxYg0KWyAgMTE4LjQ4NjExM10gWzAwMDI4NGE4XSAqcGdkPTM1YWU3ODM1LCAqcHRlPTAwMDAwMDAwLCAqcHB0ZT0wMDAwMDAwMA0KWyAgMTE4LjQ5MzQzMF0gSW50ZXJuYWwgZXJyb3I6IE9vcHM6IDE3IFsjMV0gU01QIEFSTQ0KWyAgMTE4LjQ5OTEzMl0gTW9kdWxlcyBsaW5rZWQgaW46IGJuZXAgaGNpX3VhcnQgYnRiY20gc2VyZGV2IGJsdWV0b290aCBlY2RoX2dlbmVyaWMgc2hhMjU2X2dlbmVyaWMgY2ZnODAyMTEgcmZraWxsIDgwMjFxIGdhcnAgc3RwIGxsYyByYXNwYmVycnlwaV9od21vbiBzbmRfYmNtMjgzNShDKSBod21vbiBzbmRfcGNtIGJjbTI4MzVfY29kZWMoQykgc25kX3RpbWVyIHY0bDJfbWVtMm1lbSBiY20yODM1X3Y0bDIoQykgc25kIHZpZGVvYnVmMl9kbWFfY29udGlnIGJjbTI4MzVfbW1hbF92Y2hpcShDKSB2NGwyX2NvbW1vbiB2aWRlb2J1ZjJfdm1hbGxvYyB2aWRlb2J1ZjJfbWVtb3BzIHZpZGVvYnVmMl92NGwyIHZpZGVvYnVmMl9jb21tb24gdmlkZW9kZXYgdmNfc21fY21hKEMpIG1lZGlhIGZpeGVkIHVpb19wZHJ2X2dlbmlycSB1aW8gaXBfdGFibGVzIHhfdGFibGVzIGlwdjYNClsgIDExOC41NDQ1NTldIENQVTogMSBQSUQ6IDQ0MSBDb21tOiB0cnltZSBUYWludGVkOiBHICAgICAgICAgQyAgICAgICAgNC4xOS43NS12NysgIzEyNzANClsgIDExOC41NTQ4OTJdIEhhcmR3YXJlIG5hbWU6IEJDTTI4MzUNClsgIDExOC41NTk1NjldIFBDIGlzIGF0IG5zX2NhcGFibGVfY29tbW9uKzB4OTQvMHhiMA0KWyAgMTE4LjU2NTUwMl0gTFIgaXMgYXQgMHhiNDA3MDAwMA0KWyAgMTE4LjU2OTg5NV0gcGMgOiBbPDgwMTJiM2M0Pl0gICAgbHIgOiBbPGI0MDcwMDAwPl0gICAgcHNyOiAyMDAwMDAxMw0KWyAgMTE4LjU3NzQ4N10gc3AgOiBiNDA3MWY0MCAgaXAgOiAwMDAwMDAwNyAgZnAgOiBiNDA3MWY0Yw0KWyAgMTE4LjU4NDAxMV0gcjEwOiAwMDAwMDAwMCAgcjkgOiAwMDAwMDAwMCAgcjggOiAwMDAwMDAwMA0KWyAgMTE4LjU5MDUzMF0gcjcgOiAwMDAwMDAwMCAgcjYgOiAwMDAwMDAwMCAgcjUgOiAwMDAwMDAwMCAgcjQgOiBiNjBjZjIwMA0KWyAgMTE4LjU5ODM3M10gcjMgOiAwMDAwMDAwMSAgcjIgOiAwMDAwMDAwNyAgcjEgOiA4MGQwZDY0MCAgcjAgOiAwMDAyODAwMA0KWyAgMTE4LjYwNjE4NV0gRmxhZ3M6IG56Q3YgIElSUXMgb24gIEZJUXMgb24gIE1vZGUgU1ZDXzMyICBJU0EgQVJNICBTZWdtZW50IHVzZXINClsgIDExOC42MTQ2MDldIENvbnRyb2w6IDEwYzUzODNkICBUYWJsZTogMzQwNzQwNmEgIERBQzogMDAwMDAwNTUNClsgIDExOC42MjE2MTBdIFByb2Nlc3MgdHJ5bWUgKHBpZDogNDQxLCBzdGFjayBsaW1pdCA9IDB4NzVlODZkMzcpDQpbICAxMTguNjI4Njk1XSBTdGFjazogKDB4YjQwNzFmNDAgdG8gMHhiNDA3MjAwMCkNClsgIDExOC42MzQyNjJdIDFmNDA6IGI0MDcxZjVjIGI0MDcxZjUwIDgwMTJiM2ZjIDgwMTJiMzNjIGI0MDcxZjk0IGI0MDcxZjYwIDgwMTM1MDcwIDgwMTJiM2VjDQpbICAxMTguNjQ0ODQ3XSAxZjYwOiAwMDAwMDAwMyBiNjBjZjE4MCAwMDAwMDAxMCAwMDAwMDAwMCAwMDAwMDAwMCAwMDAwMDAwMCAwMDAwMDBkMCA4MDEwMTFjNA0KWyAgMTE4LjY1NTQyM10gMWY4MDogYjQwNzAwMDAgMDAwMDAwZDAgYjQwNzFmYTQgYjQwNzFmOTggODAxMzUxYjAgODAxMzRmYjAgMDAwMDAwMDAgYjQwNzFmYTgNClsgIDExOC42NjU5OTBdIDFmYTA6IDgwMTAxMDAwIDgwMTM1MWE0IDAwMDAwMDAwIDAwMDAwMDAwIDAwMDAwMDAwIDAwMDAwMDAwIDAwMDAwMDAwIDAwMDAwMDAwDQpbICAxMTguNjc2NTk3XSAxZmMwOiAwMDAwMDAwMCAwMDAwMDAwMCAwMDAwMDAwMCAwMDAwMDBkMCAwMDAwMDAwMCAwMDAwMDAwMCAwMDAwMDAwMCA3ZWNjN2JjNA0KWyAgMTE4LjY4NzMyNl0gMWZlMDogNzZlYWQ2OTQgN2VjYzdiNzggMDAwMTA5NDAgMDAwMTA3MzggMDAwMDAwMTAgMDAwMDAwMDAgMDAwMDAwMDAgMDAwMDAwMDANClsgIDExOC42OTgxOTZdIFs8ODAxMmIzYzQ+XSAobnNfY2FwYWJsZV9jb21tb24pIGZyb20gWzw4MDEyYjNmYz5dIChuc19jYXBhYmxlKzB4MWMvMHgyMCkNClsgIDExOC43MDg4MTRdIFs8ODAxMmIzZmM+XSAobnNfY2FwYWJsZSkgZnJvbSBbPDgwMTM1MDcwPl0gKF9fc3lzX3NldHJlc3VpZCsweGNjLzB4MWY0KQ0KWyAgMTE4LjcxOTUzM10gWzw4MDEzNTA3MD5dIChfX3N5c19zZXRyZXN1aWQpIGZyb20gWzw4MDEzNTFiMD5dIChzeXNfc2V0cmVzdWlkKzB4MTgvMHgxYykNClsgIDExOC43MzA1MDVdIFs8ODAxMzUxYjA+XSAoc3lzX3NldHJlc3VpZCkgZnJvbSBbPDgwMTAxMDAwPl0gKHJldF9mYXN0X3N5c2NhbGwrMHgwLzB4MjgpDQpbICAxMTguNzQxNTQ4XSBFeGNlcHRpb24gc3RhY2soMHhiNDA3MWZhOCB0byAweGI0MDcxZmYwKQ0KWyAgMTE4Ljc0ODE4OV0gMWZhMDogICAgICAgICAgICAgICAgICAgMDAwMDAwMDAgMDAwMDAwMDAgMDAwMDAwMDAgMDAwMDAwMDAgMDAwMDAwMDAgMDAwMDAwMDANClsgIDExOC43NTk0NjldIDFmYzA6IDAwMDAwMDAwIDAwMDAwMDAwIDAwMDAwMDAwIDAwMDAwMGQwIDAwMDAwMDAwIDAwMDAwMDAwIDAwMDAwMDAwIDdlY2M3YmM0DQpbICAxMTguNzcwNzM0XSAxZmUwOiA3NmVhZDY5NCA3ZWNjN2I3OCAwMDAxMDk0MCAwMDAxMDczOA0KWyAgMTE4Ljc3NzMzMl0gQ29kZTogZTFhMDEwMDAgZTFhMDIwMGMgZTNhMDMwMDEgZTU5ZTAwMGMgKGU1OTAwNGE4KSANCg0NCgdNZXNzYWdlIGZyb21bICAxMTguNzg1MDQwXSAtLS1bIGVuZCB0cmFjZSA1NzgwOWM2YzA1NjlmMmQ1IF0tLS0NCiBzeXNsb2dkQHJhc3BiZXJyeXBpIGF0IFNlcCAyNiAwNToyNjoyNSAuLi4NDQoga2VybmVsOlsgIDExOC40OTM0MzBdIEludGVybmFsIGVycm9yOiBPb3BzOiAxNyBbIzFdIFNNUCBBUk0NCg0NDQoHTWVzc2FnZSBmcm9tIHN5c2xvZ2RAcmFzcGJlcnJ5cGkgYXQgU2VwIDI2IDA1OjI2OjI1IC4uLg0NCiBrZXJuZWw6WyAgMTE4LjYyMTYxMF0gUHJvY2VzcyB0cnltZSAocGlkOiA0NDEsIHN0YWNrIGxpbWl0ID0gMHg3NWU4NmQzNykNCg0NDQoHTWVzc2FnZSBmcm9tIHN5c2xvZ2RAcmFzcGJlcnJ5cGkgYXQgU2VwIDI2IDA1OjI2OjI1IC4uLg0NCiBrZXJuZWw6WyAgMTE4LjYyODY5NV0gU3RhY2s6ICgweGI0MDcxZjQwIHRvIDB4YjQwNzIwMDApDQoNDQ0KB01lc3NhZ2UgZnJvbSBzeXNsb2dkQHJhc3BiZXJyeXBpIGF0IFNlcCAyNiAwNToyNjoyNSAuLi4NDQoga2VybmVsOlsgIDExOC42MzQyNjJdIDFmNDA6IGI0MDcxZjVjIGI0MDcxZjUwIDgwMTJiM2ZjIDgwMTJiMzNjIGI0MDcxZjk0IGI0MDcxZjYwIDgwMTM1MDcwIDgwMTJiM2VjDQoNDQ0KB01lc3NhZ2UgZnJvbSBzeXNsb2dkQHJhc3BiZXJyeXBpIGF0IFNlcCAyNiAwNToyNjoyNSAuLi4NDQoga2VybmVsOlsgIDExOC42NDQ4NDddIDFmNjA6IDAwMDAwMDAzIGI2MGNmMTgwIDAwMDAwMDEwIDAwMDAwMDAwIDAwMDAwMDAwIDAwMDAwMDAwIDAwMDAwMGQwIDgwMTAxMWM0DQoNDQ0KB01lc3NhZ2UgZnJvbSBzeXNsb2dkQHJhc3BiZXJyeXBpIGF0IFNlcCAyNiAwNToyNjoyNSAuLi4NDQoga2VybmVsOlsgIDExOC42NTU0MjNdIDFmODA6IGI0MDcwMDAwIDAwMDAwMGQwIGI0MDcxZmE0IGI0MDcxZjk4IDgwMTM1MWIwIDgwMTM0ZmIwIDAwMDAwMDAwIGI0MDcxZmE4DQoNDQ0KB01lc3NhZ2UgZnJvbSBzeXNsb2dkQHJhc3BiZXJyeXBpIGF0IFNlcCAyNiAwNToyNjoyNSAuLi4NDQoga2VybmVsOlsgIDExOC42NjU5OTBdIDFmYTA6IDgwMTAxMDAwIDgwMTM1MWE0IDAwMDAwMDAwIDAwMDAwMDAwIDAwMDAwMDAwIDAwMDAwMDAwIDAwMDAwMDAwIDAwMDAwMDAwDQoNDQ0KB01lc3NhZ2UgZnJvbSBzeXNsb2dkQHJhc3BiZXJyeXBpIGF0IFNlcCAyNiAwNToyNjoyNSAuLi4NDQoga2VybmVsOlsgIDExOC42NzY1OTddIDFmYzA6IDAwMDAwMDAwIDAwMDAwMDAwIDAwMDAwMDAwIDAwMDAwMGQwIDAwMDAwMDAwIDAwMDAwMDAwIDAwMDAwMDAwIDdlY2M3YmM0DQoNDQ0KB01lc3NhZ2UgZnJvbSBzeXNsb2dkQHJhc3BiZXJyeXBpIGF0IFNlcCAyNiAwNToyNjoyNSAuLi4NDQoga2VybmVsOlsgIDExOC42ODczMjZdIDFmZTA6IDc2ZWFkNjk0IDdlY2M3Yjc4IDAwMDEwOTQwIDAwMDEwNzM4IDAwMDAwMDEwIDAwMDAwMDAwIDAwMDAwMDAwIDAwMDAwMDAwDQoNDQ0KB01lc3NhZ2UgZnJvbSBzeXNsb2dkQHJhc3BiZXJyeXBpIGF0IFNlcCAyNiAwNToyNjoyNSAuLi4NDQoga2VybmVsOlsgIDExOC43NzczMzJdIENvZGU6IGUxYTAxMDAwIGUxYTAyMDBjIGUzYTAzMDAxIGU1OWUwMDBjIChlNTkwMDRhOCkgDQoN'
181,155,b'IC4vdHJ5bWUNCjYyNTAwMDANCmdyaToxMDAwLzEwMDAvMTAwMHBpQHJhc3BiZXJyeXBpOn4kIA=='
181,143,b'Li90cnltZQ0KWyAgIDQyLjE0NDE3OF0gVW5hYmxlIHRvIGhhbmRsZSBrZXJuZWwgTlVMTCBwb2ludGVyIGRlcmVmZXJlbmNlIGF0IHZpcnR1YWwgYWRkcmVzcyAwMDAwMDRhOA0KWyAgIDQyLjE1NDI3N10gcGdkID0gNDVkMDBmNGENClsgICA0Mi4xNTc4NzVdIFswMDAwMDRhOF0gKnBnZD0zNjYxYTgzNSwgKnB0ZT0wMDAwMDAwMCwgKnBwdGU9MDAwMDAwMDANCg0NCgdNZXNzWyAgIDQyLjE2NTE4M10gSW50ZXJuYWwgZXJyb3I6IE9vcHM6IDE3IFsjMV0gU01QIEFSTQ0KYWdlIGZyb20gc3lzbG9nZEByYXNwYmVycnlwaSBhdCBTZXAgMjYgMDU6MjU6MDggLi4uDQ0KIGtlcm5lbDpbICAgNDIuMTY1MTgzXSBJbnRbICAgNDIuMTcxMDQxXSBNb2R1bGVzIGxpbmtlZCBpbjogYm5lcCBoY2lfdWFydCBidGJjbSBzZXJkZXYgYmx1ZXRvb3RoIGVjZGhfZ2VuZXJpYyBzaGEyNTZfZ2VuZXJpYyBjZmc4MDIxMSByZmtpbGwgODAyMXEgZ2FycCBzdHAgbGxjIHJhc3BiZXJyeXBpX2h3bW9uIGh3bW9uIHNuZF9iY20yODM1KEMpIHNuZF9wY20gc25kX3RpbWVyIHNuZCBiY20yODM1X2NvZGVjKEMpIGJjbTI4MzVfdjRsMihDKSB2NGwyX21lbTJtZW0gYmNtMjgzNV9tbWFsX3ZjaGlxKEMpIHY0bDJfY29tbW9uIHZpZGVvYnVmMl9kbWFfY29udGlnIHZpZGVvYnVmMl92bWFsbG9jIHZpZGVvYnVmMl9tZW1vcHMgdmlkZW9idWYyX3Y0bDIgdmlkZW9idWYyX2NvbW1vbiB2aWRlb2RldiBtZWRpYSB2Y19zbV9jbWEoQykgZml4ZWQgdWlvX3BkcnZfZ2VuaXJxIHVpbyBpcF90YWJsZXMgeF90YWJsZXMgaXB2Ng0KZXJuYWwgZXJyb3I6IE9vcHM6IDE3IFsjMV0gU01QIEFbICAgNDIuMjE3MDQ4XSBDUFU6IDMgUElEOiA0MzkgQ29tbTogdHJ5bWUgVGFpbnRlZDogRyAgICAgICAgIEMgICAgICAgIDQuMTkuNzUtdjcrICMxMjcwDQpSTQ0KDVsgICA0Mi4yMjc3OTddIEhhcmR3YXJlIG5hbWU6IEJDTTI4MzUNClsgICA0Mi4yMzI0ODBdIFBDIGlzIGF0IG5zX2NhcGFibGVfY29tbW9uKzB4OTQvMHhiMA0KWyAgIDQyLjIzODM4NF0gTFIgaXMgYXQgMHhiNWJhMjAwMA0KWyAgIDQyLjI0Mjc1MV0gcGMgOiBbPDgwMTJiM2M0Pl0gICAgbHIgOiBbPGI1YmEyMDAwPl0gICAgcHNyOiAyMDAwMDAxMw0KWyAgIDQyLjI1MDMyMV0gc3AgOiBiNWJhM2Y0MCAgaXAgOiAwMDAwMDAwNyAgZnAgOiBiNWJhM2Y0Yw0KWyAgIDQyLjI1NjgzN10gcjEwOiAwMDAwMDAwMCAgcjkgOiAwMDAwMDAwMCAgcjggOiAwMDAwMDAwMA0KWyAgIDQyLjI2MzM1MF0gcjcgOiAwMDAwMDAwMCAgcjYgOiAwMDAwMDAwMCAgcjUgOiAwMDAwMDAwMCAgcjQgOiBiNjRiYzIwMA0KWyAgIDQyLjI3MTE2Ml0gcjMgOiAwMDAwMDAwMSAgcjIgOiAwMDAwMDAwNyAgcjEgOiA4MGQwZDY0MCAgcjAgOiAwMDAwMDAwMA0KWyAgIDQyLjI3ODkyOV0gRmxhZ3M6IG56Q3YgIElSUXMgb24gIEZJUXMgb24gIE1vZGUgU1ZDXzMyICBJU0EgQVJNICBTZWdtZW50IHVzZXINClsgICA0Mi4yODczMTBdIENvbnRyb2w6IDEwYzUzODNkICBUYWJsZTogMzNjMzQwNmEgIERBQzogMDAwMDAwNTUNClsgICA0Mi4yOTQzMDRdIFByb2Nlc3MgdHJ5bWUgKHBpZDogNDM5LCBzdGFjayBsaW1pdCA9IDB4YzZhNWE0MWIpDQpbICAgNDIuMzAxMzgzXSBTdGFjazogKDB4YjViYTNmNDAgdG8gMHhiNWJhNDAwMCkNClsgICA0Mi4zMDY5NDRdIDNmNDA6IGI1YmEzZjVjIGI1YmEzZjUwIDgwMTJiM2ZjIDgwMTJiMzNjIGI1YmEzZjk0IGI1YmEzZjYwIDgwMTM1MDcwIDgwMTJiM2VjDQpbICAgNDIuMzE3NTE1XSAzZjYwOiAwMDAwMDAwMyBiNjRiYzE4MCAwMDAwMDAxMCAwMDAwMDAwMCAwMDAwMDAwMCAwMDAwMDAwMCAwMDAwMDBkMCA4MDEwMTFjNA0KWyAgIDQyLjMyODA3N10gM2Y4MDogYjViYTIwMDAgMDAwMDAwZDAgYjViYTNmYTQgYjViYTNmOTggODAxMzUxYjAgODAxMzRmYjAgMDAwMDAwMDAgYjViYTNmYTgNClsgICA0Mi4zMzg2MzRdIDNmYTA6IDgwMTAxMDAwIDgwMTM1MWE0IDAwMDAwMDAwIDAwMDAwMDAwIDAwMDAwMDAwIDAwMDAwMDAwIDAwMDAwMDAwIDAwMDAwMDAwDQpbICAgNDIuMzQ5MjI5XSAzZmMwOiAwMDAwMDAwMCAwMDAwMDAwMCAwMDAwMDAwMCAwMDAwMDBkMCAwMDAwMDAwMCAwMDAwMDAwMCAwMDAwMDAwMCA3ZTg5OWJjNA0KWyAgIDQyLjM1OTk0NF0gM2ZlMDogNzZlM2U2OTQgN2U4OTliNzggMDAwMTA5NDAgMDAwMTA3MzggMDAwMDAwMTAgMDAwMDAwMDAgMDAwMDAwMDAgMDAwMDAwMDANClsgICA0Mi4zNzA4MDBdIFs8ODAxMmIzYzQ+XSAobnNfY2FwYWJsZV9jb21tb24pIGZyb20gWzw4MDEyYjNmYz5dIChuc19jYXBhYmxlKzB4MWMvMHgyMCkNClsgICA0Mi4zODE0MDJdIFs8ODAxMmIzZmM+XSAobnNfY2FwYWJsZSkgZnJvbSBbPDgwMTM1MDcwPl0gKF9fc3lzX3NldHJlc3VpZCsweGNjLzB4MWY0KQ0KWyAgIDQyLjM5MjEwMl0gWzw4MDEzNTA3MD5dIChfX3N5c19zZXRyZXN1aWQpIGZyb20gWzw4MDEzNTFiMD5dIChzeXNfc2V0cmVzdWlkKzB4MTgvMHgxYykNClsgICA0Mi40MDMwNThdIFs8ODAxMzUxYjA+XSAoc3lzX3NldHJlc3VpZCkgZnJvbSBbPDgwMTAxMDAwPl0gKHJldF9mYXN0X3N5c2NhbGwrMHgwLzB4MjgpDQpbICAgNDIuNDE0MDkxXSBFeGNlcHRpb24gc3RhY2soMHhiNWJhM2ZhOCB0byAweGI1YmEzZmYwKQ0KWyAgIDQyLjQyMjcxM10gM2ZhMDogICAgICAgICAgICAgICAgICAgMDAwMDAwMDAgMDAwMDAwMDAgMDAwMDAwMDAgMDAwMDAwMDAgMDAwMDAwMDAgMDAwMDAwMDANClsgICA0Mi40Mzc4ODVdIDNmYzA6IDAwMDAwMDAwIDAwMDAwMDAwIDAwMDAwMDAwIDAwMDAwMGQwIDAwMDAwMDAwIDAwMDAwMDAwIDAwMDAwMDAwIDdlODk5YmM0DQpbICAgNDIuNDUzMDIwXSAzZmUwOiA3NmUzZTY5NCA3ZTg5OWI3OCAwMDAxMDk0MCAwMDAxMDczOA0KWyAgIDQyLjQ2MTU0Nl0gQ29kZTogZTFhMDEwMDAgZTFhMDIwMGMgZTNhMDMwMDEgZTU5ZTAwMGMgKGU1OTAwNGE4KSANCg0NCgdNZXNzYWdlIGZyb20gc3lzbG9nZEByYXNwYmVyWyAgIDQyLjQ3MTE4Nl0gLS0tWyBlbmQgdHJhY2UgM2ZhZmMxNDZjZTA4OTJhZSBdLS0tDQpyeXBpIGF0IFNlcCAyNiAwNToyNTowOSAuLi4NDQoga2VybmVsOlsgICA0Mi4yOTQzMDRdIFByb2Nlc3MgdHJ5bWUgKHBpZDogNDM5LCBzdGFjayBsaW1pdCA9IDB4YzZhNWE0MWIpDQoNDQ0KB01lc3NhZ2UgZnJvbSBzeXNsb2dkQHJhc3BiZXJyeXBpIGF0IFNlcCAyNiAwNToyNTowOSAuLi4NDQoga2VybmVsOlsgICA0Mi4zMDEzODNdIFN0YWNrOiAoMHhiNWJhM2Y0MCB0byAweGI1YmE0MDAwKQ0KDQ0NCgdNZXNzYWdlIGZyb20gc3lzbG9nZEByYXNwYmVycnlwaSBhdCBTZXAgMjYgMDU6MjU6MDkgLi4uDQ0KIGtlcm5lbDpbICAgNDIuMzA2OTQ0XSAzZjQwOiBiNWJhM2Y1YyBiNWJhM2Y1MCA4MDEyYjNmYyA4MDEyYjMzYyBiNWJhM2Y5NCBiNWJhM2Y2MCA4MDEzNTA3MCA4MDEyYjNlYw0KDQ0NCgdNZXNzYWdlIGZyb20gc3lzbG9nZEByYXNwYmVycnlwaSBhdCBTZXAgMjYgMDU6MjU6MDkgLi4uDQ0KIGtlcm5lbDpbICAgNDIuMzE3NTE1XSAzZjYwOiAwMDAwMDAwMyBiNjRiYzE4MCAwMDAwMDAxMCAwMDAwMDAwMCAwMDAwMDAwMCAwMDAwMDAwMCAwMDAwMDBkMCA4MDEwMTFjNA0KDQ0NCgdNZXNzYWdlIGZyb20gc3lzbG9nZEByYXNwYmVycnlwaSBhdCBTZXAgMjYgMDU6MjU6MDkgLi4uDQ0KIGtlcm5lbDpbICAgNDIuMzI4MDc3XSAzZjgwOiBiNWJhMjAwMCAwMDAwMDBkMCBiNWJhM2ZhNCBiNWJhM2Y5OCA4MDEzNTFiMCA4MDEzNGZiMCAwMDAwMDAwMCBiNWJhM2ZhOA0KDQ0NCgdNZXNzYWdlIGZyb20gc3lzbG9nZEByYXNwYmVycnlwaSBhdCBTZXAgMjYgMDU6MjU6MDkgLi4uDQ0KIGtlcm5lbDpbICAgNDIuMzM4NjM0XSAzZmEwOiA4MDEwMTAwMCA4MDEzNTFhNCAwMDAwMDAwMCAwMDAwMDAwMCAwMDAwMDAwMCAwMDAwMDAwMCAwMDAwMDAwMCAwMDAwMDAwMA0KDQ0NCgdNZXNzYWdlIGZyb20gc3lzbG9nZEByYXNwYmVycnlwaSBhdCBTZXAgMjYgMDU6MjU6MDkgLi4uDQ0KIGtlcm5lbDpbICAgNDIuMzQ5MjI5XSAzZmMwOiAwMDAwMDAwMCAwMDAwMDAwMCAwMDAwMDAwMCAwMDAwMDBkMCAwMDAwMDAwMCAwMDAwMDAwMCAwMDAwMDAwMCA3ZTg5OWJjNA0KDQ0NCgdNZXNzYWdlIGZyb20gc3lzbG9nZEByYXNwYmVycnlwaSBhdCBTZXAgMjYgMDU6MjU6MDkgLi4uDQ0KIGtlcm5lbDpbICAgNDIuMzU5OTQ0XSAzZmUwOiA3NmUzZTY5NCA3ZTg5OWI3OCAwMDAxMDk0MCAwMDAxMDczOCAwMDAwMDAxMCAwMDAwMDAwMCAwMDAwMDAwMCAwMDAwMDAwMA0KDQ0NCgdNZXNzYWdlIGZyb20gc3lzbG9nZEByYXNwYmVycnlwaSBhdCBTZXAgMjYgMDU6MjU6MDkgLi4uDQ0KIGtlcm5lbDpbICAgNDIuNDYxNTQ2XSBDb2RlOiBlMWEwMTAwMCBlMWEwMjAwYyBlM2EwMzAwMSBlNTllMDAwYyAoZTU5MDA0YTgpIA0KDQ=='
181,145,b'IC4vdHJ5bWUNCjYyNTAwMDANCmdyaToxMDAwLzEwMDAvMTAwMHBpQHJhc3BiZXJyeXBpOn4kIA=='
181,153,b'Li90cnltZQ0KNjI1MDAwMA0KZ3JpOjEwMDAvMTAwMC8xMDAwcGlAcmFzcGJlcnJ5cGk6fiQg'
181,153,b'Li90cnltZQ0KNjI1MDAwMA0KZ3JpOjEwMDAvMTAwMC8xMDAwcGlAcmFzcGJlcnJ5cGk6fiQg'
181,153,b'Li90cnltZQ0KNjI1MDAwMA0KZ3JpOjEwMDAvMTAwMC8xMDAwcGlAcmFzcGJlcnJ5cGk6fiQg'
181,144,b'Li90cnltZQ0KNjI1MDAwMA0KZ3JpOjEwMDAvMTAwMC8xMDAwcGlAcmFzcGJlcnJ5cGk6fiQg'
181,145,b'Li90cnltZQ0KWyAgIDQ0LjI4NDA2OF0gVW5hYmxlIHRvIGhhbmRsZSBrZXJuZWwgTlVMTCBwb2ludGVyIGRlcmVmZXJlbmNlIGF0IHZpcnR1YWwgYWRkcmVzcyAwMDAwMDMyOA0KWyAgIDQ0LjI5NDEyMF0gcGdkID0gNGM5NThkNDENClsgICA0NC4yOTc3MTZdIFswMDAwMDMyOF0gKnBnZD0zNTQzZjgzNSwgKnB0ZT0wMDAwMDAwMCwgKnBwdGU9MDAwMDAwMDANClsgICA0NC4zMDUwMjFdIEludGVybmFsIGVycm9yOiBPb3BzOiAxNyBbIzFdIFNNUCBBUk0NClsgICA0NC4zMTA3MzBdIE1vZHVsZXMgbGlua2VkIGluOiBibmVwIGhjaV91YXJ0IGJ0YmNtIHNlcmRldiBibHVldG9vdGggZWNkaF9nZW5lcmljIHNoYTI1Nl9nZW5lcmljIGNmZzgwMjExIHJma2lsbCA4MDIxcSBnYXJwIHN0cCBsbGMgYmNtMjgzNV9jb2RlYyhDKSByYXNwYmVycnlwaV9od21vbiBod21vbiBiY20yODM1X3Y0bDIoQykgdjRsMl9tZW0ybWVtIHNuZF9iY20yODM1KEMpIGJjbTI4MzVfbW1hbF92Y2hpcShDKSB2aWRlb2J1ZjJfZG1hX2NvbnRpZyBzbmRfcGNtIHY0bDJfY29tbW9uIHZpZGVvYnVmMl92bWFsbG9jIHZpZGVvYnVmMl9tZW1vcHMgdmlkZW9idWYyX3Y0bDIgdmlkZW9idWYyX2NvbW1vbiBzbmRfdGltZXIgdmlkZW9kZXYgc25kIG1lZGlhIHZjX3NtX2NtYShDKSB1aW9fcGRydl9nZW5pcnEgdWlvIGZpeGVkIGlwX3RhYmxlcyB4X3RhYmxlcyBpcHY2DQpbICAgNDQuMzU2MTYyXSBDUFU6IDAgUElEOiA0NDIgQ29tbTogdHJ5bWUgVGFpbnRlZDogRyAgICAgICAgIEMgICAgICAgIDQuMTkuNzUtdjcrICMxMjcwDQpbICAgNDQuMzY2NTEzXSBIYXJkd2FyZSBuYW1lOiBCQ00yODM1DQpbICAgNDQuMzcxMjAxXSBQQyBpcyBhdCBjb21taXRfY3JlZHMrMHg5MC8weDI5Yw0KWyAgIDQ0LjM3Njc1MV0gTFIgaXMgYXQgX19zeXNfc2V0cmVzdWlkKzB4MTY4LzB4MWY0DQpbICAgNDQuMzgyNjMxXSBwYyA6IFs8ODAxNDUwYzg+XSAgICBsciA6IFs8ODAxMzUxMGM+XSAgICBwc3I6IDgwMDAwMDEzDQpbICAgNDQuMzkwMjAxXSBzcCA6IGIzODliZjYwICBpcCA6IGIzODliZjQwICBmcCA6IGIzODliZjk0DQpbICAgNDQuMzk2NzE2XSByMTA6IDAwMDAwMDAwICByOSA6IDAwMDAwMDAwICByOCA6IDAwMDAwMDAwDQpbICAgNDQuNDAzMjMzXSByNyA6IDAwMDAwMDAwICByNiA6IDAwMDAwMDAwICByNSA6IGZmZmZmZmZmICByNCA6IGI2YWU2MTAwDQpbICAgNDQuNDExMDU4XSByMyA6IGI2YWU2MDgwICByMiA6IDAwMDAwM2U4ICByMSA6IDAwMDAwMDAxICByMCA6IGI2YWU2MTAwDQpbICAgNDQuNDE4ODQxXSBGbGFnczogTnpjdiAgSVJRcyBvbiAgRklRcyBvbiAgTW9kZSBTVkNfMzIgIElTQSBBUk0gIFNlZ21lbnQgdXNlcg0KWyAgIDQ0LjQyNzIzN10gQ29udHJvbDogMTBjNTM4M2QgIFRhYmxlOiAzMzgxYzA2YSAgREFDOiAwMDAwMDA1NQ0KWyAgIDQ0LjQzNDI0N10gUHJvY2VzcyB0cnltZSAocGlkOiA0NDIsIHN0YWNrIGxpbWl0ID0gMHg0Njg4NWRlNykNClsgICA0NC40NDEzNDFdIFN0YWNrOiAoMHhiMzg5YmY2MCB0byAweGIzODljMDAwKQ0KWyAgIDQ0LjQ0NjkxNV0gYmY2MDogMDAwMDAwMDMgYjZhZTYwODAgMDAwMDAwMTAgMDAwMDAwMDAgMDAwMDAwMDAgMDAwMDAwMDAgMDAwMDAwZDAgODAxMDExYzQNClsgICA0NC40NTc1MTFdIGJmODA6IGIzODlhMDAwIDAwMDAwMGQwIGIzODliZmE0IGIzODliZjk4IDgwMTM1MWIwIDgwMTM0ZmIwIDAwMDAwMDAwIGIzODliZmE4DQpbICAgNDQuNDY4MDk5XSBiZmEwOiA4MDEwMTAwMCA4MDEzNTFhNCAwMDAwMDAwMCAwMDAwMDAwMCAwMDAwMDAwMCAwMDAwMDAwMCAwMDAwMDAwMCAwMDAwMDAwMA0KWyAgIDQ0LjQ3ODY3OF0gYmZjMDogMDAwMDAwMDAgMDAwMDAwMDAgMDAwMDAwMDAgMDAwMDAwZDAgMDAwMDAwMDAgMDAwMDAwMDAgMDAwMDAwMDAgN2U5NmJiYzQNClsgICA0NC40ODkyOTRdIGJmZTA6IDc2ZWY2Njk0IDdlOTZiYjc4IDAwMDEwOTQwIDAwMDEwNzM4IDAwMDAwMDEwIDAwMDAwMDAwIDAwMDAwMDAwIDAwMDAwMDAwDQpbICAgNDQuNTAwMDQzXSBbPDgwMTQ1MGM4Pl0gKGNvbW1pdF9jcmVkcykgZnJvbSBbPDgwMTM1MWIwPl0gKHN5c19zZXRyZXN1aWQrMHgxOC8weDFjKQ0KWyAgIDQ0LjUxMDM5Ml0gWzw4MDEzNTFiMD5dIChzeXNfc2V0cmVzdWlkKSBmcm9tIFs8ODAxMDEwMDA+XSAocmV0X2Zhc3Rfc3lzY2FsbCsweDAvMHgyOCkNClsgICA0NC41MjExMDddIEV4Y2VwdGlvbiBzdGFjaygweGIzODliZmE4IHRvIDB4YjM4OWJmZjApDQpbICAgNDQuNTI3NjIxXSBiZmEwOiAgICAgICAgICAgICAgICAgICAwMDAwMDAwMCAwMDAwMDAwMCAwMDAwMDAwMCAwMDAwMDAwMCAwMDAwMDAwMCAwMDAwMDAwMA0KWyAgIDQ0LjUzODc0MF0gYmZjMDogMDAwMDAwMDAgMDAwMDAwMDAgMDAwMDAwMDAgMDAwMDAwZDAgMDAwMDAwMDAgMDAwMDAwMDAgMDAwMDAwMDAgN2U5NmJiYzQNClsgICA0NC41NDk4OTNdIGJmZTA6IDc2ZWY2Njk0IDdlOTZiYjc4IDAwMDEwOTQwIDAwMDEwNzM4DQpbICAgNDQuNTU2NDY2XSBDb2RlOiBlMTVjMDAwMyAwYTAwMDA1MCBlNTk2MDMyOCBlMzUwMDAwMCAoMGEwMDAwMDMpIA0KDQ0KB01lc3NbICAgNDQuNTY0MjA2XSAtLS1bIGVuZCB0cmFjZSA4NzBjZGE2YzU1ZDgyZDE5IF0tLS0NCmFnZSBmcm9tIHN5c2xvZ2RAcmFzcGJlcnJ5cGkgYXQgU2VwIDI2IDA1OjI1OjEwIC4uLg0NCiBrZXJuZWw6WyAgIDQ0LjMwNTAyMV0gSW50ZXJuYWwgZXJyb3I6IE9vcHM6IDE3IFsjMV0gU01QIEFSTQ0KDQ0NCgdNZXNzYWdlIGZyb20gc3lzbG9nZEByYXNwYmVycnlwaSBhdCBTZXAgMjYgMDU6MjU6MTEgLi4uDQ0KIGtlcm5lbDpbICAgNDQuNDM0MjQ3XSBQcm9jZXNzIHRyeW1lIChwaWQ6IDQ0Miwgc3RhY2sgbGltaXQgPSAweDQ2ODg1ZGU3KQ0KDQ0NCgdNZXNzYWdlIGZyb20gc3lzbG9nZEByYXNwYmVycnlwaSBhdCBTZXAgMjYgMDU6MjU6MTEgLi4uDQ0KIGtlcm5lbDpbICAgNDQuNDQxMzQxXSBTdGFjazogKDB4YjM4OWJmNjAgdG8gMHhiMzg5YzAwMCkNCg0NDQoHTWVzc2FnZSBmcm9tIHN5c2xvZ2RAcmFzcGJlcnJ5cGkgYXQgU2VwIDI2IDA1OjI1OjExIC4uLg0NCiBrZXJuZWw6WyAgIDQ0LjQ0NjkxNV0gYmY2MDogMDAwMDAwMDMgYjZhZTYwODAgMDAwMDAwMTAgMDAwMDAwMDAgMDAwMDAwMDAgMDAwMDAwMDAgMDAwMDAwZDAgODAxMDExYzQNCg0NDQoHTWVzc2FnZSBmcm9tIHN5c2xvZ2RAcmFzcGJlcnJ5cGkgYXQgU2VwIDI2IDA1OjI1OjExIC4uLg0NCiBrZXJuZWw6WyAgIDQ0LjQ1NzUxMV0gYmY4MDogYjM4OWEwMDAgMDAwMDAwZDAgYjM4OWJmYTQgYjM4OWJmOTggODAxMzUxYjAgODAxMzRmYjAgMDAwMDAwMDAgYjM4OWJmYTgNCg0NDQoHTWVzc2FnZSBmcm9tIHN5c2xvZ2RAcmFzcGJlcnJ5cGkgYXQgU2VwIDI2IDA1OjI1OjExIC4uLg0NCiBrZXJuZWw6WyAgIDQ0LjQ2ODA5OV0gYmZhMDogODAxMDEwMDAgODAxMzUxYTQgMDAwMDAwMDAgMDAwMDAwMDAgMDAwMDAwMDAgMDAwMDAwMDAgMDAwMDAwMDAgMDAwMDAwMDANCg0NDQoHTWVzc2FnZSBmcm9tIHN5c2xvZ2RAcmFzcGJlcnJ5cGkgYXQgU2VwIDI2IDA1OjI1OjExIC4uLg0NCiBrZXJuZWw6WyAgIDQ0LjQ3ODY3OF0gYmZjMDogMDAwMDAwMDAgMDAwMDAwMDAgMDAwMDAwMDAgMDAwMDAwZDAgMDAwMDAwMDAgMDAwMDAwMDAgMDAwMDAwMDAgN2U5NmJiYzQNCg0NDQoHTWVzc2FnZSBmcm9tIHN5c2xvZ2RAcmFzcGJlcnJ5cGkgYXQgU2VwIDI2IDA1OjI1OjExIC4uLg0NCiBrZXJuZWw6WyAgIDQ0LjQ4OTI5NF0gYmZlMDogNzZlZjY2OTQgN2U5NmJiNzggMDAwMTA5NDAgMDAwMTA3MzggMDAwMDAwMTAgMDAwMDAwMDAgMDAwMDAwMDAgMDAwMDAwMDANCg0NDQoHTWVzc2FnZSBmcm9tIHN5c2xvZ2RAcmFzcGJlcnJ5cGkgYXQgU2VwIDI2IDA1OjI1OjExIC4uLg0NCiBrZXJuZWw6WyAgIDQ0LjU1NjQ2Nl0gQ29kZTogZTE1YzAwMDMgMGEwMDAwNTAgZTU5NjAzMjggZTM1MDAwMDAgKDBhMDAwMDAzKSANCg1TZWdtZW50YXRpb24gZmF1bHQNCnBpQHJhc3BiZXJyeXBpOn4kIA=='
181,148,b'Li90cnltZQ0KNjI1MDAwMA0KZ3JpOjEwMDAvMTAwMC8xMDAwcGlAcmFzcGJlcnJ5cGk6fiQg'
181,139,b'Li90cnltZQ0KNjI1MDAwMA0KZ3JpOjEwMDAvMTAwMC8xMDAwcGlAcmFzcGJlcnJ5cGk6fiQg'
181,146,b'Li90cnltZQ0KNjI1MDAwMA0KZ3JpOjEwMDAvMTAwMC8xMDAwcGlAcmFzcGJlcnJ5cGk6fiQg'
181,155,b'Li90cnltZQ0KNjI1MDAwMA0KZ3JpOjEwMDAvMTAwMC8xMDAwcGlAcmFzcGJlcnJ5cGk6fiQg'
181,138,b'Li90cnltZQ0KNjI1MDAwMA0KZ3JpOjEwMDAvMTAwMC8xMDAwcGlAcmFzcGJlcnJ5cGk6fiQg'
181,148,b'Li90cnltZQ0KNjI1MDAwMA0KZ3JpOjEwMDAvMTAwMC8xMDAwcGlAcmFzcGJlcnJ5cGk6fiQg'
181,155,b'Li90cnltZQ0KNjI1MDAwMA0KZ3JpOjEwMDAvMTAwMC8xMDAwcGlAcmFzcGJlcnJ5cGk6fiQg'
181,152,b'Li90cnltZQ0K'
181,142,b'IC4vdHJ5bWUNCjYyNTAwMDANCmdyaToxMDAwLzEwMDAvMTAwMHBpQHJhc3BiZXJyeXBpOn4kIA=='
181,146,b'Li90cnltZQ0KNjI1MDAwMA0KZ3JpOjEwMDAvMTAwMC8xMDAwcGlAcmFzcGJlcnJ5cGk6fiQg'
181,138,b'Li90cnltZQ0KNjI1MDAwMA0KZ3JpOjEwMDAvMTAwMC8xMDAwcGlAcmFzcGJlcnJ5cGk6fiQg'
181,139,b'Li90cnltZQ0KNjI1MDAwMA0KZ3JpOjEwMDAvMTAwMC8xMDAwcGlAcmFzcGJlcnJ5cGk6fiQg'
181,155,b'Li90cnltZQ0KNjI1MDAwMA0KZ3JpOjEwMDAvMTAwMC8xMDAwcGlAcmFzcGJlcnJ5cGk6fiQg'
181,135,b'Li90cnltZQ0KWyAgIDQ0LjE2NDA0Nl0gVW5hYmxlIHRvIGhhbmRsZSBrZXJuZWwgcGFnaW5nIHJlcXVlc3QgYXQgdmlydHVhbCBhZGRyZXNzIDIwNDI1MDY4DQpbICAgNDQuMTcyMzk5XSBwZ2QgPSA5M2Y0YzFmMg0KWyAgIDQ0LjE3NjAwOF0gWzIwNDI1MDY4XSAqcGdkPTAwMDAwMDAwDQpbICAgNDQuMTgwNTE4XSBJbnRlcm5hbCBlcnJvcjogT29wczogNSBbIzFdIFNNUCBBUk0NClsgICA0NC4xODYwNzJdIE1vZHVsZXMgbGlua2VkIGluOiBibmVwIGhjaV91YXJ0IGJ0YmNtIHNlcmRldiBibHVldG9vdGggZWNkaF9nZW5lcmljIHNoYTI1Nl9nZW5lcmljIGNmZzgwMjExIHJma2lsbCA4MDIxcSBnYXJwIHN0cCBsbGMgcmFzcGJlcnJ5cGlfaHdtb24gaHdtb24gc25kX2JjbTI4MzUoQykgYmNtMjgzNV9jb2RlYyhDKSBiY20yODM1X3Y0bDIoQykgdjRsMl9tZW0ybWVtIGJjbTI4MzVfbW1hbF92Y2hpcShDKSBzbmRfcGNtIHY0bDJfY29tbW9uIHZpZGVvYnVmMl9kbWFfY29udGlnIHZpZGVvYnVmMl92bWFsbG9jIHZpZGVvYnVmMl9tZW1vcHMgdmlkZW9idWYyX3Y0bDIgc25kX3RpbWVyIHZpZGVvYnVmMl9jb21tb24gc25kIHZpZGVvZGV2IG1lZGlhIHZjX3NtX2NtYShDKSBmaXhlZCB1aW9fcGRydl9nZW5pcnEgdWlvIGlwX3RhYmxlcyB4X3RhYmxlcyBpcHY2DQpbICAgNDQuMjMxMTgzXSBDUFU6IDAgUElEOiA0NDMgQ29tbTogdHJ5bWUgVGFpbnRlZDogRyAgICAgICAgIEMgICAgICAgIDQuMTkuNzUtdjcrICMxMjcwDQpbICAgNDQuMjQxNDEzXSBIYXJkd2FyZSBuYW1lOiBCQ00yODM1DQpbICAgNDQuMjQ2MDM4XSBQQyBpcyBhdCBjYXBfY2FwYWJsZSsweDE0LzB4OGMNClsgICA0NC4yNTEzODFdIExSIGlzIGF0IG5zX2NhcGFibGVfY29tbW9uKzB4OWMvMHhiMA0KWyAgIDQ0LjI1NzIzMF0gcGMgOiBbPDgwNGExNjZjPl0gICAgbHIgOiBbPDgwMTJiM2NjPl0gICAgcHNyOiAyMDAwMDAxMw0KWyAgIDQ0LjI2NDc3MF0gc3AgOiBiNTdkNWYzMCAgaXAgOiBiNTdkNWY0MCAgZnAgOiBiNTdkNWYzYw0KWyAgIDQ0LjI3MTIzOF0gcjEwOiAwMDAwMDAwMCAgcjkgOiAwMDAwMDAwMCAgcjggOiAwMDAwMDAwMA0KWyAgIDQ0LjI3NzcwN10gcjcgOiAwMDAwMDAwMCAgcjYgOiAwMDAwMDAwMCAgcjUgOiAwMDAwMDAwMCAgcjQgOiBiM2M3NzIwMA0KWyAgIDQ0LjI4NTUwMF0gcjMgOiAwMDAwMDAwMSAgcjIgOiAwMDAwMDAwNyAgcjEgOiA4MGQwZDY0MCAgcjAgOiAyMDQyNTAwMA0KWyAgIDQ0LjI5MzI2Ml0gRmxhZ3M6IG56Q3YgIElSUXMgb24gIEZJUXMgb24gIE1vZGUgU1ZDXzMyICBJU0EgQVJNICBTZWdtZW50IHVzZXINClsgICA0NC4zMDE2MzhdIENvbnRyb2w6IDEwYzUzODNkICBUYWJsZTogMzNjYzAwNmEgIERBQzogMDAwMDAwNTUNClsgICA0NC4zMDg1OTBdIFByb2Nlc3MgdHJ5bWUgKHBpZDogNDQzLCBzdGFjayBsaW1pdCA9IDB4OGE0M2I3NmUpDQpbICAgNDQuMzE1NjUxXSBTdGFjazogKDB4YjU3ZDVmMzAgdG8gMHhiNTdkNjAwMCkNClsgICA0NC4zMjEyMTRdIDVmMjA6ICAgICAgICAgICAgICAgICAgICAgICAgICAgICAgICAgICAgIGI1N2Q1ZjRjIGI1N2Q1ZjQwIDgwMTJiM2NjIDgwNGExNjY0DQpbICAgNDQuMzMxNzUwXSA1ZjQwOiBiNTdkNWY1YyBiNTdkNWY1MCA4MDEyYjNmYyA4MDEyYjMzYyBiNTdkNWY5NCBiNTdkNWY2MCA4MDEzNTA3MCA4MDEyYjNlYw0KWyAgIDQ0LjM0MjI0OF0gNWY2MDogMDAwMDAwMDMgYjNjNzcxODAgMDAwMDAwMTAgMDAwMDAwMDAgMDAwMDAwMDAgMDAwMDAwMDAgMDAwMDAwZDAgODAxMDExYzQNClsgICA0NC4zNTI3MzddIDVmODA6IGI1N2Q0MDAwIDAwMDAwMGQwIGI1N2Q1ZmE0IGI1N2Q1Zjk4IDgwMTM1MWIwIDgwMTM0ZmIwIDAwMDAwMDAwIGI1N2Q1ZmE4DQpbICAgNDQuMzYzMjYyXSA1ZmEwOiA4MDEwMTAwMCA4MDEzNTFhNCAwMDAwMDAwMCAwMDAwMDAwMCAwMDAwMDAwMCAwMDAwMDAwMCAwMDAwMDAwMCAwMDAwMDAwMA0KWyAgIDQ0LjM3MzkxNl0gNWZjMDogMDAwMDAwMDAgMDAwMDAwMDAgMDAwMDAwMDAgMDAwMDAwZDAgMDAwMDAwMDAgMDAwMDAwMDAgMDAwMDAwMDAgN2VjZWNiYzQNClsgICA0NC4zODQ3MDZdIDVmZTA6IDc2ZTRkNjk0IDdlY2VjYjc4IDAwMDEwOTQwIDAwMDEwNzM4IDAwMDAwMDEwIDAwMDAwMDAwIDAwMDAwMDAwIDAwMDAwMDAwDQpbICAgNDQuMzk1NTk2XSBbPDgwNGExNjZjPl0gKGNhcF9jYXBhYmxlKSBmcm9tIFs8ODAxMmIzY2M+XSAobnNfY2FwYWJsZV9jb21tb24rMHg5Yy8weGIwKQ0KWyAgIDQ0LjQwNjM5N10gWzw4MDEyYjNjYz5dIChuc19jYXBhYmxlX2NvbW1vbikgZnJvbSBbPDgwMTJiM2ZjPl0gKG5zX2NhcGFibGUrMHgxYy8weDIwKQ0KWyAgIDQ0LjQxNzE4N10gWzw4MDEyYjNmYz5dIChuc19jYXBhYmxlKSBmcm9tIFs8ODAxMzUwNzA+XSAoX19zeXNfc2V0cmVzdWlkKzB4Y2MvMHgxZjQpDQpbICAgNDQuNDI3OTY3XSBbPDgwMTM1MDcwPl0gKF9fc3lzX3NldHJlc3VpZCkgZnJvbSBbPDgwMTM1MWIwPl0gKHN5c19zZXRyZXN1aWQrMHgxOC8weDFjKQ0KWyAgIDQ0LjQzOTAwOV0gWzw4MDEzNTFiMD5dIChzeXNfc2V0cmVzdWlkKSBmcm9tIFs8ODAxMDEwMDA+XSAocmV0X2Zhc3Rfc3lzY2FsbCsweDAvMHgyOCkNClsgICA0NC40NTAwODVdIEV4Y2VwdGlvbiBzdGFjaygweGI1N2Q1ZmE4IHRvIDB4YjU3ZDVmZjApDQpbICAgNDQuNDU2NzIxXSA1ZmEwOiAgICAgICAgICAgICAgICAgICAwMDAwMDAwMCAwMDAwMDAwMCAwMDAwMDAwMCAwMDAwMDAwMCAwMDAwMDAwMCAwMDAwMDAwMA0KWyAgIDQ0LjQ2Nzk5M10gNWZjMDogMDAwMDAwMDAgMDAwMDAwMDAgMDAwMDAwMDAgMDAwMDAwZDAgMDAwMDAwMDAgMDAwMDAwMDAgMDAwMDAwMDAgN2VjZWNiYzQNClsgICA0NC40NzkyNTFdIDVmZTA6IDc2ZTRkNjk0IDdlY2VjYjc4IDAwMDEwOTQwIDAwMDEwNzM4DQpbICAgNDQuNDg1ODQ1XSBDb2RlOiBlOTJkZDgwMCBlMjRjYjAwNCBlNTJkZTAwNCBlOGJkNDAwMCAoZTU5MDMwNjgpIA0KWyAgIDQ0LjQ5MzU3M10gLS0tWyBlbmQgdHJhY2UgYTMyNzFhMWVmN2I5NWNmZSBdLS0tDQoNDQoHTWVzc2FnZSBmcm9tIHN5c2xvZ2RAcmFzcGJlcnJ5cGkgYXQgU2VwIDI2IDA1OjI1OjExIC4uLg0NCiBrZXJuZWw6WyAgIDQ0LjE4MDUxOF0gSW50ZXJuYWwgZXJyb3I6IE9vcHM6IDUgWyMxXSBTTVAgQVJNDQoNDQ0KB01lc3NhZ2UgZnJvbSBzeXNsb2dkQHJhc3BiZXJyeXBpIGF0IFNlcCAyNiAwNToyNToxMSAuLi4NDQoga2VybmVsOlsgICA0NC4zMDg1OTBdIFByb2Nlc3MgdHJ5bWUgKHBpZDogNDQzLCBzdGFjayBsaW1pdCA9IDB4OGE0M2I3NmUpDQoNDQ0KB01lc3NhZ2UgZnJvbSBzeXNsb2dkQHJhc3BiZXJyeXBpIGF0IFNlcCAyNiAwNToyNToxMSAuLi4NDQoga2VybmVsOlsgICA0NC4zMTU2NTFdIFN0YWNrOiAoMHhiNTdkNWYzMCB0byAweGI1N2Q2MDAwKQ0KDQ0NCgdNZXNzYWdlIGZyb20gc3lzbG9nZEByYXNwYmVycnlwaSBhdCBTZXAgMjYgMDU6MjU6MTEgLi4uDQ0KIGtlcm5lbDpbICAgNDQuMzIxMjE0XSA1ZjIwOiAgICAgICAgICAgICAgICAgICAgICAgICAgICAgICAgICAgICBiNTdkNWY0YyBiNTdkNWY0MCA4MDEyYjNjYyA4MDRhMTY2NA0KDQ0NCgdNZXNzYWdlIGZyb20gc3lzbG9nZEByYXNwYmVycnlwaSBhdCBTZXAgMjYgMDU6MjU6MTEgLi4uDQ0KIGtlcm5lbDpbICAgNDQuMzMxNzUwXSA1ZjQwOiBiNTdkNWY1YyBiNTdkNWY1MCA4MDEyYjNmYyA4MDEyYjMzYyBiNTdkNWY5NCBiNTdkNWY2MCA4MDEzNTA3MCA4MDEyYjNlYw0KDQ0NCgdNZXNzYWdlIGZyb20gc3lzbG9nZEByYXNwYmVycnlwaSBhdCBTZXAgMjYgMDU6MjU6MTEgLi4uDQ0KIGtlcm5lbDpbICAgNDQuMzQyMjQ4XSA1ZjYwOiAwMDAwMDAwMyBiM2M3NzE4MCAwMDAwMDAxMCAwMDAwMDAwMCAwMDAwMDAwMCAwMDAwMDAwMCAwMDAwMDBkMCA4MDEwMTFjNA0KDQ0NCgdNZXNzYWdlIGZyb20gc3lzbG9nZEByYXNwYmVycnlwaSBhdCBTZXAgMjYgMDU6MjU6MTEgLi4uDQ0KIGtlcm5lbDpbICAgNDQuMzUyNzM3XSA1ZjgwOiBiNTdkNDAwMCAwMDAwMDBkMCBiNTdkNWZhNCBiNTdkNWY5OCA4MDEzNTFiMCA4MDEzNGZiMCAwMDAwMDAwMCBiNTdkNWZhOA0KDQ0NCgdNZXNzYWdlIGZyb20gc3lzbG9nZEByYXNwYmVycnlwaSBhdCBTZXAgMjYgMDU6MjU6MTEgLi4uDQ0KIGtlcm5lbDpbICAgNDQuMzYzMjYyXSA1ZmEwOiA4MDEwMTAwMCA4MDEzNTFhNCAwMDAwMDAwMCAwMDAwMDAwMCAwMDAwMDAwMCAwMDAwMDAwMCAwMDAwMDAwMCAwMDAwMDAwMA0KDQ0NCgdNZXNzYWdlIGZyb20gc3lzbG9nZEByYXNwYmVycnlwaSBhdCBTZXAgMjYgMDU6MjU6MTEgLi4uDQ0KIGtlcm5lbDpbICAgNDQuMzczOTE2XSA1ZmMwOiAwMDAwMDAwMCAwMDAwMDAwMCAwMDAwMDAwMCAwMDAwMDBkMCAwMDAwMDAwMCAwMDAwMDAwMCAwMDAwMDAwMCA3ZWNlY2JjNA0KDQ0NCgdNZXNzYWdlIGZyb20gc3lzbG9nZEByYXNwYmVycnlwaSBhdCBTZXAgMjYgMDU6MjU6MTEgLi4uDQ0KIGtlcm5lbDpbICAgNDQuMzg0NzA2XSA1ZmUwOiA3NmU0ZA=='
181,137,b'IC4vdHJ5bWUNCjYyNTAwMDANCmdyaToxMDAwLzEwMDAvMTAwMHBpQHJhc3BiZXJyeXBpOn4kIA=='
