179,179,b'Li90cnltZQ0NClBhc3N3b3JkOiA='
179,187,b'IC4vdHJ5bWUNCjYyNTAwMDANCnBpQHJhc3BiZXJyeXBpOn4kIA=='
179,186,b'Li90cnltZQ0K'
179,171,b'IC4vdHJ5bWUNCjYyNTAwMDANCnBpQHJhc3BiZXJyeXBpOn4kIA=='
179,180,b'Li90cnltZQ0KNjI1MDAwMA0KcGlAcmFzcGJlcnJ5cGk6fiQg'
179,192,b'Li90cnltZQ0KWyAgIDQyLjY1NDEzNl0gQmFkIG1vZGUgaW4gdW5kZWZpbmVkIGluc3RydWN0aW9uIGhhbmRsZXIgZGV0ZWN0ZWQNCg=='
179,203,b'IC4vdHJ5bWUNCjYyNTAwMDANCnBpQHJhc3BiZXJyeXBpOn4kIA=='
179,195,b'Li90cnltZQ0KWyAgIDQyLjE0MTg5OV0gVW5hYmxlIHRvIGhhbmRsZSBrZXJuZWwgTlVMTCBwb2ludGVyIGRlcmVmZXJlbmNlIGF0IHZpcnR1YWwgYWRkcmVzcyAwMDAwMDAwMQ0KWyAgIDQyLjE1MTkzMF0gcGdkID0gMDYyMGFlYTANClsgICA0Mi4xNTU1MjddIFswMDAwMDAwMV0gKnBnZD0zNTY1YzgzNSwgKnB0ZT0wMDAwMDAwMCwgKnBwdGU9MDAwMDAwMDANClsgICA0Mi4xNjI4MzBdIEludGVybmFsIGVycm9yOiBPb3BzOiAxIFsjMV0gU01QIEFSTQ0KWyAgIDQyLjE2ODQ2MV0gTW9kdWxlcyBsaW5rZWQgaW46IGJuZXAgaGNpX3VhcnQgYnRiY20gc2VyZGV2IGJsdWV0b290aCBlY2RoX2dlbmVyaWMgc2hhMjU2X2dlbmVyaWMgY2ZnODAyMTEgcmZraWxsIDgwMjFxIGdhcnAgc3RwIGxsYyByYXNwYmVycnlwaV9od21vbiBod21vbiBzbmRfYmNtMjgzNShDKSBzbmRfcGNtIGJjbTI4MzVfY29kZWMoQykgYmNtMjgzNV92NGwyKEMpIHY0bDJfbWVtMm1lbSBiY20yODM1X21tYWxfdmNoaXEoQykgc25kX3RpbWVyIHY0bDJfY29tbW9uIHZpZGVvYnVmMl92bWFsbG9jIHZpZGVvYnVmMl9kbWFfY29udGlnIHZpZGVvYnVmMl9tZW1vcHMgdmlkZW9idWYyX3Y0bDIgc25kIHZpZGVvYnVmMl9jb21tb24gdmlkZW9kZXYgbWVkaWEgdmNfc21fY21hKEMpIGZpeGVkIHVpb19wZHJ2X2dlbmlycSB1aW8gaXBfdGFibGVzIHhfdGFibGVzIGlwdjYNClsgICA0Mi4yMTM4ODNdIENQVTogMCBQSUQ6IDQzNyBDb21tOiB0cnltZSBUYWludGVkOiBHICAgICAgICAgQyAgICAgICAgNC4xOS43NS12NysgIzEyNzANClsgICA0Mi4yMjczNzJdIEhhcmR3YXJlIG5hbWU6IEJDTTI4MzUNClsgICA0Mi4yMzM2NzBdIFBDIGlzIGF0IGNhcF9jYXBzZXQrMHgxYjgvMHgyMjQNClsgICA0Mi4yNDA3MThdIExSIGlzIGF0IGNhcF9jYXBzZXQrMHg2MC8weDIyNA0KWyAgIDQyLjI0NzU4OF0gcGMgOiBbPDgwNGExYWMwPl0gICAgbHIgOiBbPDgwNGExOTY4Pl0gICAgcHNyOiBhMDAwMDAxMw0KWyAgIDQyLjI1NjcwN10gc3AgOiBiNDAzNWY0MCAgaXAgOiBiNDAzNWY0MCAgZnAgOiBiNDAzNWY0Yw0KWyAgIDQyLjI2NDc4M10gcjEwOiAwMDAwMDAwMCAgcjkgOiAwMDAwMDAwOCAgcjggOiAwMDAwMDAwMQ0KWyAgIDQyLjI3Mjg2M10gcjcgOiBiNDAzNWY5NCAgcjYgOiA4MGQwNGQ0OCAgcjUgOiA4MGQwZDY0MCAgcjQgOiBiNTU3MzA4MA0KWyAgIDQyLjI4MjI1Nl0gcjMgOiAwMDAwMDAwMCAgcjIgOiAwMDAwMDAwOCAgcjEgOiAwMDAwMDAwMSAgcjAgOiBmZmZmZmZmZg0KWyAgIDQyLjI5MTU3NF0gRmxhZ3M6IE56Q3YgIElSUXMgb24gIEZJUXMgb24gIE1vZGUgU1ZDXzMyICBJU0EgQVJNICBTZWdtZW50IHVzZXINClsgICA0Mi4zMDE1MDddIENvbnRyb2w6IDEwYzUzODNkICBUYWJsZTogMzQwZDgwNmEgIERBQzogMDAwMDAwNTUNClsgICA0Mi4zMTAwNzhdIFByb2Nlc3MgdHJ5bWUgKHBpZDogNDM3LCBzdGFjayBsaW1pdCA9IDB4Zjc3OWYwMTcpDQpbICAgNDIuMzE4NzI4XSBTdGFjazogKDB4YjQwMzVmNDAgdG8gMHhiNDAzNjAwMCkNClsgICA0Mi4zMjU4MzRdIDVmNDA6IGI0MDM1ZjVjIGI0MDM1ZjUwIDgwMTJiM2ZjIDgwMTJiMzNjIGI0MDM1Zjk0IGI0MDM1ZjYwIDgwMTM1MDcwIDgwMTJiM2VjDQpbICAgNDIuMzM5NDcwXSA1ZjYwOiAwMDAwMDAwMyBiNTU3MzA4MCAwMDAwMDAxMCAwMDAwMDAwMCAwMDAwMDAwMCAwMDAwMDAwMCAwMDAwMDBkMCA4MDEwMTFjNA0KWyAgIDQyLjM1MzA4OF0gNWY4MDogYjQwMzQwMDAgMDAwMDAwZDAgYjQwMzVmYTQgYjQwMzVmOTggODAxMzUxYjAgODAxMzRmYjAgMDAwMDAwMDAgYjQwMzVmYTgNClsgICA0Mi4zNjY2OTNdIDVmYTA6IDgwMTAxMDAwIDgwMTM1MWE0IDAwMDAwMDAwIDAwMDAwMDAwIDAwMDAwMDAwIDAwMDAwMDAwIDAwMDAwMDAwIDAwMDAwMDAwDQpbICAgNDIuMzgwMzgyXSA1ZmMwOiAwMDAwMDAwMCAwMDAwMDAwMCAwMDAwMDAwMCAwMDAwMDBkMCAwMDAwMDAwMCAwMDAwMDAwMCAwMDAwMDAwMCA3ZWU2OWJjNA0KWyAgIDQyLjM5NDM2NF0gNWZlMDogNzZlNTI2OTQgN2VlNjliODggMDAwMTA4OTQgMDAwMTA3MDQgMDAwMDAwMTAgMDAwMDAwMDAgMDAwMDAwMDAgMDAwMDAwMDANClsgICA0Mi40MDg3NDBdIENvZGU6IGUxNTIwMDAzIDFhMDAwMDFiIGUyNGJkMDI4IGU4OWRhZmYwIChlODk4MDAwMykgDQoNDQoHTWVzc1sgICA0Mi40MTgyMzZdIC0tLVsgZW5kIHRyYWNlIGZkMzkzYzU0YWQ4ZTI0NjIgXS0tLQ0KYWdlIGZyb20gc3lzbG9nZEByYXNwYmVycnlwaSBhdCBTZXAgMjYgMDU6MjU6MDggLi4uDQ0KIGtlcm5lbDpbICAgNDIuMTYyODMwXSBJbnRlcm5hbCBlcnJvcjogT29wczogMSBbIzFdIFNNUCBBUk0NCg0NDQoHTWVzc2FnZSBmcm9tIHN5c2xvZ2RAcmFzcGJlcnJ5cGkgYXQgU2VwIDI2IDA1OjI1OjA5IC4uLg0NCiBrZXJuZWw6WyAgIDQyLjMxMDA3OF0gUHJvY2VzcyB0cnltZSAocGlkOiA0MzcsIHN0YWNrIGxpbWl0ID0gMHhmNzc5ZjAxNykNCg0NDQoHTWVzc2FnZSBmcm9tIHN5c2xvZ2RAcmFzcGJlcnJ5cGkgYXQgU2VwIDI2IDA1OjI1OjA5IC4uLg0NCiBrZXJuZWw6WyAgIDQyLjMxODcyOF0gU3RhY2s6ICgweGI0MDM1ZjQwIHRvIDB4YjQwMzYwMDApDQoNDQ0KB01lc3NhZ2UgZnJvbSBzeXNsb2dkQHJhc3BiZXJyeXBpIGF0IFNlcCAyNiAwNToyNTowOSAuLi4NDQoga2VybmVsOlsgICA0Mi4zMjU4MzRdIDVmNDA6IGI0MDM1ZjVjIGI0MDM1ZjUwIDgwMTJiM2ZjIDgwMTJiMzNjIGI0MDM1Zjk0IGI0MDM1ZjYwIDgwMTM1MDcwIDgwMTJiM2VjDQoNDQ0KB01lc3NhZ2UgZnJvbSBzeXNsb2dkQHJhc3BiZXJyeXBpIGF0IFNlcCAyNiAwNToyNTowOSAuLi4NDQoga2VybmVsOlsgICA0Mi4zMzk0NzBdIDVmNjA6IDAwMDAwMDAzIGI1NTczMDgwIDAwMDAwMDEwIDAwMDAwMDAwIDAwMDAwMDAwIDAwMDAwMDAwIDAwMDAwMGQwIDgwMTAxMWM0DQoNDQ0KB01lc3NhZ2UgZnJvbSBzeXNsb2dkQHJhc3BiZXJyeXBpIGF0IFNlcCAyNiAwNToyNTowOSAuLi4NDQoga2VybmVsOlsgICA0Mi4zNTMwODhdIDVmODA6IGI0MDM0MDAwIDAwMDAwMGQwIGI0MDM1ZmE0IGI0MDM1Zjk4IDgwMTM1MWIwIDgwMTM0ZmIwIDAwMDAwMDAwIGI0MDM1ZmE4DQoNDQ0KB01lc3NhZ2UgZnJvbSBzeXNsb2dkQHJhc3BiZXJyeXBpIGF0IFNlcCAyNiAwNToyNTowOSAuLi4NDQoga2VybmVsOlsgICA0Mi4zNjY2OTNdIDVmYTA6IDgwMTAxMDAwIDgwMTM1MWE0IDAwMDAwMDAwIDAwMDAwMDAwIDAwMDAwMDAwIDAwMDAwMDAwIDAwMDAwMDAwIDAwMDAwMDAwDQoNDQ0KB01lc3NhZ2UgZnJvbSBzeXNsb2dkQHJhc3BiZXJyeXBpIGF0IFNlcCAyNiAwNToyNTowOSAuLi4NDQoga2VybmVsOlsgICA0Mi4zODAzODJdIDVmYzA6IDAwMDAwMDAwIDAwMDAwMDAwIDAwMDAwMDAwIDAwMDAwMGQwIDAwMDAwMDAwIDAwMDAwMDAwIDAwMDAwMDAwIDdlZTY5YmM0DQoNDQ0KB01lc3NhZ2UgZnJvbSBzeXNsb2dkQHJhc3BiZXJyeXBpIGF0IFNlcCAyNiAwNToyNTowOSAuLi4NDQoga2VybmVsOlsgICA0Mi4zOTQzNjRdIDVmZTA6IDc2ZTUyNjk0IDdlZTY5Yjg4IDAwMDEwODk0IDAwMDEwNzA0IDAwMDAwMDEwIDAwMDAwMDAwIDAwMDAwMDAwIDAwMDAwMDAwDQoNDQ0KB01lc3NhZ2UgZnJvbSBzeXNsb2dkQHJhc3BiZXJyeXBpIGF0IFNlcCAyNiAwNToyNTowOSAuLi4NDQoga2VybmVsOlsgICA0Mi40MDg3NDBdIENvZGU6IGUxNTIwMDAzIDFhMDAwMDFiIGUyNGJkMDI4IGU4OWRhZmYwIChlODk4MDAwMykgDQoNU2VnbWVudGF0aW9uIGZhdWx0DQo='
179,179,b'IC4vdHJ5bWUNCjYyNTAwMDANCnBpQHJhc3BiZXJyeXBpOn4kIA=='
179,182,b'Li90cnltZQ0KWyAgIDQyLjIwNDEzMl0gVW5hYmxlIHRvIGhhbmRsZSBrZXJuZWwgcGFnaW5nIHJlcXVlc3QgYXQgdmlydHVhbCBhZGRyZXNzIDU3NTU1NWM1DQpbICAgNDIuMjEyNDkwXSBwZ2QgPSBlMGNmYmJmZA0KWyAgIDQyLjIxNjEwMV0gWzU3NTU1NWM1XSAqcGdkPTAwMDAwMDAwDQpbICAgNDIuMjIwNTgyXSBJbnRlcm5hbCBlcnJvcjogT29wczogNSBbIzFdIFNNUCBBUk0NClsgICA0Mi4yMjYxMzZdIE1vZHVsZXMgbGlua2VkIGluOiBibmVwIGhjaV91YXJ0IGJ0YmNtIHNlcmRldiBibHVldG9vdGggZWNkaF9nZW5lcmljIHNoYTI1Nl9nZW5lcmljIGNmZzgwMjExIHJma2lsbCA4MDIxcSBnYXJwIHN0cCBsbGMgc25kX2JjbTI4MzUoQykgc25kX3BjbSBzbmRfdGltZXIgcmFzcGJlcnJ5cGlfaHdtb24gaHdtb24gc25kIGJjbTI4MzVfY29kZWMoQykgYmNtMjgzNV92NGwyKEMpIHY0bDJfbWVtMm1lbSBiY20yODM1X21tYWxfdmNoaXEoQykgdjRsMl9jb21tb24gdmNfc21fY21hKEMpIHZpZGVvYnVmMl92bWFsbG9jIHZpZGVvYnVmMl9kbWFfY29udGlnIHZpZGVvYnVmMl9tZW1vcHMgdmlkZW9idWYyX3Y0bDIgdmlkZW9idWYyX2NvbW1vbiB2aWRlb2RldiBtZWRpYSBmaXhlZCB1aW9fcGRydl9nZW5pcnEgdWlvIGlwX3RhYmxlcyB4X3RhYmxlcyBpcHY2DQpbICAgNDIuMjcxMjQ1XSBDUFU6IDIgUElEOiA0MzcgQ29tbTogdHJ5bWUgVGFpbnRlZDogRyAgICAgICAgIEMgICAgICAgIDQuMTkuNzUtdjcrICMxMjcwDQpbICAgNDIuMjgxNDc2XSBIYXJkd2FyZSBuYW1lOiBCQ00yODM1DQpbICAgNDIuMjg2MTAxXSBQQyBpcyBhdCBpbml0X3VzZXJfbnMrMHgwLzB4MTU0DQpbICAgNDIuMjkxNTMzXSBMUiBpcyBhdCAweGI0MGQ1ZjI0DQpbICAgNDIuMjk1ODY4XSBwYyA6IFs8ODBkMGQ2NDA+XSAgICBsciA6IFs8YjQwZDVmMjQ+XSAgICBwc3I6IDgwZDBkNjQwDQpbICAgNDIuMzAzNDA1XSBzcCA6IGI0MDg5MzAwICBpcCA6IDAwMDNmMjAwICBmcCA6IDAwMDAwMDAwDQpbICAgNDIuMzA5ODcxXSByMTA6IDAwMDAwMDAxICByOSA6IDgwMmEyMGIwICByOCA6IDgwMjk1NTM0DQpbICAgNDIuMzE2MzM4XSByNyA6IDAwMDAwMDAwICByNiA6IDAwMDAwMDAwICByNSA6IDAwMDAwMDAwICByNCA6IGI0MDg5MDAwDQpbICAgNDIuMzI0MTQ1XSByMyA6IDAwMDAwMDAxICByMiA6IDAwMDAwMDA3ICByMSA6IDgwZDBkNjQwICByMCA6IDU3NTU1NTVkDQpbICAgNDIuMzMxOTIyXSBGbGFnczogTnpjdiAgSVJRcyBvbiAgRklRcyBvZmYgIE1vZGUgVVNFUl8yNiAgSVNBIEFSTSAgU2VnbWVudCB1c2VyDQpbICAgNDIuMzQwNDkxXSBDb250cm9sOiAxMGM1MzgzZCAgVGFibGU6IDM0MGY0MDZhICBEQUM6IDAwMDAwMDU1DQpbICAgNDIuMzQ3NDYwXSBQcm9jZXNzIHRyeW1lIChwaWQ6IDQzNywgc3RhY2sgbGltaXQgPSAweDc3NTQzMWMwKQ0KWyAgIDQyLjM1NDU3MF0gLS0tWyBlbmQgdHJhY2UgNGQ5NmVlYjM1ZDNkNzkwOCBdLS0tDQoNDQoHTWVzc2FnZSBmcm9tIHN5c2xvZ2RAcmFzcGJlcnJ5cGkgYXQgU2VwIDI2IDA1OjI1OjA4IC4uLg0NCiBrZXJuZWw6WyAgIDQyLjIyMDU4Ml0gSW50ZXJuYWwgZXJyb3I6IE9vcHM6IDUgWyMxXSBTTVAgQVJNDQoNDQ0KB01lc3NhZ2UgZnJvbSBzeXNsb2dkQHJhc3BiZXJyeXBpIGF0IFNlcCAyNiAwNToyNTowOCAuLi4NDQoga2VybmVsOlsgICA0Mi4zNDc0NjBdIFByb2Nlc3MgdHJ5bWUgKHBpZDogNDM3LCBzdGFjayBsaW1pdCA9IDB4Nzc1NDMxYzApDQoNU2VnbWVudGF0aW9uIGZhdWx0DQpwaUByYXNwYmVycnlwaTp+JCA='
179,194,b'Li90cnltZQ0KNjI1MDAwMA0KcGlAcmFzcGJlcnJ5cGk6fiQg'
179,189,b'Li90cnltZQ0KNjI1MDAwMA0KcGlAcmFzcGJlcnJ5cGk6fiQg'
179,167,b'Li90cnltZQ0KNjI1MDAwMA0KcGlAcmFzcGJlcnJ5cGk6fiQg'
179,182,b'Li90cnltZQ0KNjI1MDAwMA0KcGlAcmFzcGJlcnJ5cGk6fiQg'
179,198,b'Li90cnltZQ0KNjI1MDAwMA0KcGlAcmFzcGJlcnJ5cGk6fiQg'
