175,182,b'Li90cnltZQ0KNjI1MDAwMA0KcGlAcmFzcGJlcnJ5cGk6fiQg'
175,154,b'Li90cnltZQ0KWyAgIDYxLjEwNDExNV0gVW5hYmxlIHRvIGhhbmRsZSBrZXJuZWwgcGFnaW5nIHJlcXVlc3QgYXQgdmlydHVhbCBhZGRyZXNzIDU1NTU1ZTFmDQpbICAgNjEuMTEyNDY3XSBwZ2QgPSBjYTZhMWY1Yg0KWyAgIDYxLjExNjA3N10gWzU1NTU1ZTFmXSAqcGdkPTAwMDAwMDAwDQpbICAgNjEuMTIwNTYwXSBJbnRlcm5hbCBlcnJvcjogT29wczogNSBbIzFdIFNNUCBBUk0NClsgICA2MS4xMjYxMTRdIE1vZHVsZXMgbGlua2VkIGluOiBibmVwIGhjaV91YXJ0IGJ0YmNtIHNlcmRldiBibHVldG9vdGggZWNkaF9nZW5lcmljIHNoYTI1Nl9nZW5lcmljIGNmZzgwMjExIHJma2lsbCA4MDIxcSBnYXJwIHN0cCBsbGMgc25kX2JjbTI4MzUoQykgcmFzcGJlcnJ5cGlfaHdtb24gc25kX3BjbSBiY20yODM1X2NvZGVjKEMpIGh3bW9uIHY0bDJfbWVtMm1lbSBiY20yODM1X3Y0bDIoQykgc25kX3RpbWVyIGJjbTI4MzVfbW1hbF92Y2hpcShDKSB2NGwyX2NvbW1vbiB2aWRlb2J1ZjJfZG1hX2NvbnRpZyB2aWRlb2J1ZjJfdm1hbGxvYyBzbmQgdmlkZW9idWYyX21lbW9wcyB2aWRlb2J1ZjJfdjRsMiB2aWRlb2J1ZjJfY29tbW9uIHZpZGVvZGV2IG1lZGlhIHZjX3NtX2NtYShDKSB1aW9fcGRydl9nZW5pcnEgZml4ZWQgdWlvIGlwX3RhYmxlcyB4X3RhYmxlcyBpcHY2DQpbICAgNjEuMTcxMjE3XSBDUFU6IDIgUElEOiA0MzUgQ29tbTogdHJ5bWUgVGFpbnRlZDogRyAgICAgICAgIEMgICAgICAgIDQuMTkuNzUtdjcrICMxMjcwDQpbICAgNjEuMTgxNDM4XSBIYXJkd2FyZSBuYW1lOiBCQ00yODM1DQpbICAgNjEuMTg2MDYwXSBQQyBpcyBhdCBjYXBfY2FwYWJsZSsweDJjLzB4OGMNClsgICA2MS4xOTEzOTZdIExSIGlzIGF0ICAgKG51bGwpDQpbICAgNjEuMTk1NTQ1XSBwYyA6IFs8ODA0YTE2ODQ+XSAgICBsciA6IFs8MDAwMDAwMDA+XSAgICBwc3I6IDMwMDAwMDEzDQpbICAgNjEuMjAzMDcxXSBzcCA6IGI1N2NiZjMwICBpcCA6IGI1N2NiZjQwICBmcCA6IGI1N2NiZjNjDQpbICAgNjEuMjA5NTI4XSByMTA6IDAwMDAwMDAwICByOSA6IDAwMDAwMDAwICByOCA6IDAwMDAwMDAwDQpbICAgNjEuMjE1OTg2XSByNyA6IDAwMDAwMDAwICByNiA6IDAwMDAwMDAwICByNSA6IDAwMDAwMDAwICByNCA6IGI0MDQ0MzgwDQpbICAgNjEuMjIzNzcwXSByMyA6IDU1NTU1ZDU3ICByMiA6IDAwMDAwMDA3ICByMSA6IDgwZDBkNjQwICByMCA6IGEwMDQwMjAwDQpbICAgNjEuMjMxNTI4XSBGbGFnczogbnpDViAgSVJRcyBvbiAgRklRcyBvbiAgTW9kZSBTVkNfMzIgIElTQSBBUk0gIFNlZ21lbnQgdXNlcg0KWyAgIDYxLjIzOTg5OF0gQ29udHJvbDogMTBjNTM4M2QgIFRhYmxlOiAzNTY1ODA2YSAgREFDOiAwMDAwMDA1NQ0KWyAgIDYxLjI0Njg0MF0gUHJvY2VzcyB0cnltZSAocGlkOiA0MzUsIHN0YWNrIGxpbWl0ID0gMHgwZTY5ZDJjNSkNClsgICA2MS4yNTM4OTVdIFN0YWNrOiAoMHhiNTdjYmYzMCB0byAweGI1N2NjMDAwKQ0KWyAgIDYxLjI1OTQ0OF0gYmYyMDogICAgICAgICAgICAgICAgICAgICAgICAgICAgICAgICAgICAgYjU3Y2JmNGMgYjU3Y2JmNDAgODAxMmIzY2MgODA0YTE2NjQNClsgICA2MS4yNjk5NjVdIGJmNDA6IGI1N2NiZjVjIGI1N2NiZjUwIDgwMTJiM2ZjIDgwMTJiMzNjIGI1N2NiZjk0IGI1N2NiZjYwIDgwMTM1MDcwIDgwMTJiM2VjDQpbICAgNjEuMjgwNDQ1XSBiZjYwOiAwMDAwMDAwMyBiNDA0NDMwMCAwMDAwMDAxMCAwMDAwMDAwMCAwMDAwMDAwMCAwMDAwMDAwMCAwMDAwMDBkMCA4MDEwMTFjNA0KWyAgIDYxLjI5MDkyN10gYmY4MDogYjU3Y2EwMDAgMDAwMDAwZDAgYjU3Y2JmYTQgYjU3Y2JmOTggODAxMzUxYjAgODAxMzRmYjAgMDAwMDAwMDAgYjU3Y2JmYTgNClsgICA2MS4zMDE0NDVdIGJmYTA6IDgwMTAxMDAwIDgwMTM1MWE0IDAwMDAwMDAwIDAwMDAwMDAwIDAwMDAwMDAwIDAwMDAwMDAwIDAwMDAwMDAwIDAwMDAwMDAwDQpbICAgNjEuMzEyMDkwXSBiZmMwOiAwMDAwMDAwMCAwMDAwMDAwMCAwMDAwMDAwMCAwMDAwMDBkMCAwMDAwMDAwMCAwMDAwMDAwMCAwMDAwMDAwMCA3ZWVjYWJjNA0KWyAgIDYxLjMyMjg4NV0gYmZlMDogNzZlOTU2OTQgN2VlY2FiODggMDAwMTA4OTQgMDAwMTA3MDQgMDAwMDAwMTAgMDAwMDAwMDAgMDAwMDAwMDAgMDAwMDAwMDANClsgICA2MS4zMzM3ODddIFs8ODA0YTE2ODQ+XSAoY2FwX2NhcGFibGUpIGZyb20gWzw4MDEyYjNjYz5dIChuc19jYXBhYmxlX2NvbW1vbisweDljLzB4YjApDQpbICAgNjEuMzQ0NTg4XSBbPDgwMTJiM2NjPl0gKG5zX2NhcGFibGVfY29tbW9uKSBmcm9tIFs8ODAxMmIzZmM+XSAobnNfY2FwYWJsZSsweDFjLzB4MjApDQpbICAgNjEuMzU1Mzc0XSBbPDgwMTJiM2ZjPl0gKG5zX2NhcGFibGUpIGZyb20gWzw4MDEzNTA3MD5dIChfX3N5c19zZXRyZXN1aWQrMHhjYy8weDFmNCkNClsgICA2MS4zNjYxNjJdIFs8ODAxMzUwNzA+XSAoX19zeXNfc2V0cmVzdWlkKSBmcm9tIFs8ODAxMzUxYjA+XSAoc3lzX3NldHJlc3VpZCsweDE4LzB4MWMpDQpbICAgNjEuMzgxMTY3XSBbPDgwMTM1MWIwPl0gKHN5c19zZXRyZXN1aWQpIGZyb20gWzw4MDEwMTAwMD5dIChyZXRfZmFzdF9zeXNjYWxsKzB4MC8weDI4KQ0KWyAgIDYxLjM5NjI0OF0gRXhjZXB0aW9uIHN0YWNrKDB4YjU3Y2JmYTggdG8gMHhiNTdjYmZmMCkNClsgICA2MS40MDQ4ODJdIGJmYTA6ICAgICAgICAgICAgICAgICAgIDAwMDAwMDAwIDAwMDAwMDAwIDAwMDAwMDAwIDAwMDAwMDAwIDAwMDAwMDAwIDAwMDAwMDAwDQpbICAgNjEuNDIwMDc5XSBiZmMwOiAwMDAwMDAwMCAwMDAwMDAwMCAwMDAwMDAwMCAwMDAwMDBkMCAwMDAwMDAwMCAwMDAwMDAwMCAwMDAwMDAwMCA3ZWVjYWJjNA0KWyAgIDYxLjQzNTIzNF0gYmZlMDogNzZlOTU2OTQgN2VlY2FiODggMDAwMTA4OTQgMDAwMTA3MDQNClsgICA2MS40NDM3NjldIENvZGU6IGUxYTAxMDBjIGUxNTEwMDAzIDBhMDAwMDBkIGU1OTFlMGM4IChlNTkzYzBjOCkgDQoNDQoHTWVzc2FnZSBmcm9tIHN5c2xvZ2RAcmFzcGJlcnJ5cFsgICA2MS40NTM0MzNdIC0tLVsgZW5kIHRyYWNlIGIxZDA4ZDdiZDVhNmQ0MzQgXS0tLQ0KaSBhdCBTZXAgMjYgMDU6MjU6MjggLi4uDQ0KIGtlcm5lbDpbICAgNjEuMTIwNTYwXSBJbnRlcm5hbCBlcnJvcjogT29wczogNSBbIzFdIFNNUCBBUk0NCg0NDQoHTWVzc2FnZSBmcm9tIHN5c2xvZ2RAcmFzcGJlcnJ5cGkgYXQgU2VwIDI2IDA1OjI1OjI4IC4uLg0NCiBrZXJuZWw6WyAgIDYxLjI0Njg0MF0gUHJvY2VzcyB0cnltZSAocGlkOiA0MzUsIHN0YWNrIGxpbWl0ID0gMHgwZTY5ZDJjNSkNCg0NDQoHTWVzc2FnZSBmcm9tIHN5c2xvZ2RAcmFzcGJlcnJ5cGkgYXQgU2VwIDI2IDA1OjI1OjI4IC4uLg0NCiBrZXJuZWw6WyAgIDYxLjI1Mzg5NV0gU3RhY2s6ICgweGI1N2NiZjMwIHRvIDB4YjU3Y2MwMDApDQoNDQ0KB01lc3NhZ2UgZnJvbSBzeXNsb2dkQHJhc3BiZXJyeXBpIGF0IFNlcCAyNiAwNToyNToyOCAuLi4NDQoga2VybmVsOlsgICA2MS4yNTk0NDhdIGJmMjA6ICAgICAgICAgICAgICAgICAgICAgICAgICAgICAgICAgICAgIGI1N2NiZjRjIGI1N2NiZjQwIDgwMTJiM2NjIDgwNGExNjY0DQoNDQ0KB01lc3NhZ2UgZnJvbSBzeXNsb2dkQHJhc3BiZXJyeXBpIGF0IFNlcCAyNiAwNToyNToyOCAuLi4NDQoga2VybmVsOlsgICA2MS4yNjk5NjVdIGJmNDA6IGI1N2NiZjVjIGI1N2NiZjUwIDgwMTJiM2ZjIDgwMTJiMzNjIGI1N2NiZjk0IGI1N2NiZjYwIDgwMTM1MDcwIDgwMTJiM2VjDQoNDQ0KB01lc3NhZ2UgZnJvbSBzeXNsb2dkQHJhc3BiZXJyeXBpIGF0IFNlcCAyNiAwNToyNToyOCAuLi4NDQoga2VybmVsOlsgICA2MS4yODA0NDVdIGJmNjA6IDAwMDAwMDAzIGI0MDQ0MzAwIDAwMDAwMDEwIDAwMDAwMDAwIDAwMDAwMDAwIDAwMDAwMDAwIDAwMDAwMGQwIDgwMTAxMWM0DQoNDQ0KB01lc3NhZ2UgZnJvbSBzeXNsb2dkQHJhc3BiZXJyeXBpIGF0IFNlcCAyNiAwNToyNToyOCAuLi4NDQoga2VybmVsOlsgICA2MS4yOTA5MjddIGI='
175,146,b'IC4vdHJ5bWUNCjYyNTAwMDANCnBpQHJhc3BiZXJyeXBpOn4kIA=='
175,160,b'Li90cnltZQ0K'
175,185,b'IC4vdHJ5bWUNCjYyNTAwMDANCnBpQHJhc3BiZXJyeXBpOn4kIA=='
175,166,b'Li90cnltZQ0KWyAgIDQyLjIwNDEzNV0gLS0tLS0tLS0tLS0tWyBjdXQgaGVyZSBdLS0tLS0tLS0tLS0tDQpbICAgNDIuMjA5NzE4XSBrZXJuZWwgQlVHIGF0IGtlcm5lbC9jcmVkLmM6NTIyIQ0KWyAgIDQyLjIxNDg5NV0gSW50ZXJuYWwgZXJyb3I6IE9vcHMgLSBCVUc6IDAgWyMxXSBTTVAgQVJNDQpbICAgNDIuMjIwOTYwXSBNb2R1bGVzIGxpbmtlZCBpbjogYm5lcCBoY2lfdWFydCBidGJjbSBzZXJkZXYgYmx1ZXRvb3RoIGVjZGhfZ2VuZXJpYyBzaGEyNTZfZ2VuZXJpYyBjZmc4MDIxMSByZmtpbGwgODAyMXEgZ2FycCBzdHAgbGxjIHNuZF9iY20yODM1KEMpIHJhc3BiZXJyeXBpX2h3bW9uIGh3bW9uIHNuZF9wY20gYmNtMjgzNV9jb2RlYyhDKSBzbmRfdGltZXIgdjRsMl9tZW0ybWVtIHNuZCBiY20yODM1X3Y0bDIoQykgYmNtMjgzNV9tbWFsX3ZjaGlxKEMpIHZpZGVvYnVmMl9kbWFfY29udGlnIHY0bDJfY29tbW9uIHZpZGVvYnVmMl92bWFsbG9jIHZpZGVvYnVmMl9tZW1vcHMgdmlkZW9idWYyX3Y0bDIgdmlkZW9idWYyX2NvbW1vbiB2aWRlb2RldiBtZWRpYSB2Y19zbV9jbWEoQykgZml4ZWQgdWlvX3BkcnZfZ2VuaXJxIHVpbyBpcF90YWJsZXMgeF90YWJsZXMgaXB2Ng0KWyAgIDQyLjI2NTk0MV0gQ1BVOiAxIFBJRDogNDM5IENvbW06IHRyeW1lIFRhaW50ZWQ6IEcgICAgICAgICBDICAgICAgICA0LjE5Ljc1LXY3KyAjMTI3MA0KWyAgIDQyLjI3NjEwN10gSGFyZHdhcmUgbmFtZTogQkNNMjgzNQ0KWyAgIDQyLjI4MDY5Nl0gUEMgaXMgYXQgYWJvcnRfY3JlZHMrMHg1MC8weDU0DQpbICAgNDIuMjg2MDA1XSBMUiBpcyBhdCBfX3N5c19zZXRyZXN1aWQrMHgxNjgvMHgxZjQNClsgICA0Mi4yOTE4NThdIHBjIDogWzw4MDE0NTMyND5dICAgIGxyIDogWzw4MDEzNTEwYz5dICAgIHBzcjogYTAwMDAwMTMNClsgICA0Mi4yOTkzOTddIHNwIDogYjM4YjlmNTAgIGlwIDogYjM4YjlmNjAgIGZwIDogYjM4YjlmNWMNClsgICA0Mi4zMDU4NjNdIHIxMDogMDAwMDAwMDAgIHI5IDogMDAwMDAwMDAgIHI4IDogMDAwMDAwMDANClsgICA0Mi4zMTIzMTRdIHI3IDogMDAwMDAwMDAgIHI2IDogODAxMmIzM2MgIHI1IDogZmZmZmZmZmYgIHI0IDogYjM4YjlmNTANClsgICA0Mi4zMjAxMDNdIHIzIDogYjU1ZjAwMDAgIHIyIDogYjM4YjlmOTQgIHIxIDogODBkMGQ2NDAgIHIwIDogYjM4YjlmNTANClsgICA0Mi4zMjc4OTFdIEZsYWdzOiBOekN2ICBJUlFzIG9uICBGSVFzIG9uICBNb2RlIFNWQ18zMiAgSVNBIEFSTSAgU2VnbWVudCB1c2VyDQpbICAgNDIuMzM2MzAyXSBDb250cm9sOiAxMGM1MzgzZCAgVGFibGU6IDMzOTNjMDZhICBEQUM6IDAwMDAwMDU1DQpbICAgNDIuMzQzMjkxXSBQcm9jZXNzIHRyeW1lIChwaWQ6IDQzOSwgc3RhY2sgbGltaXQgPSAweGU3OGUwY2UyKQ0KWyAgIDQyLjM1MDM4MF0gU3RhY2s6ICgweGIzOGI5ZjUwIHRvIDB4YjM4YmEwMDApDQpbICAgNDIuMzU1OTYyXSA5ZjQwOiAgICAgICAgICAgICAgICAgICAgICAgICAgICAgICAgICAgICBiMzhiOWY5NCBiMzhiOWY2MCA4MDEzNTEwYyA4MDE0NTJlMA0KWyAgIDQyLjM2NjUzM10gOWY2MDogMDAwMDAwMDMgYjU1ZjAwMDAgMDAwMDAwMTAgMDAwMDAwMDAgMDAwMDAwMDAgMDAwMDAwMDAgMDAwMDAwZDAgODAxMDExYzQNClsgICA0Mi4zNzcwNjddIDlmODA6IGIzOGI4MDAwIDAwMDAwMGQwIGIzOGI5ZmE0IGIzOGI5Zjk4IDgwMTM1MWIwIDgwMTM0ZmIwIDAwMDAwMDAwIGIzOGI5ZmE4DQpbICAgNDIuMzg3NTk3XSA5ZmEwOiA4MDEwMTAwMCA4MDEzNTFhNCAwMDAwMDAwMCAwMDAwMDAwMCAwMDAwMDAwMCAwMDAwMDAwMCAwMDAwMDAwMCAwMDAwMDAwMA0KWyAgIDQyLjM5ODE2NF0gOWZjMDogMDAwMDAwMDAgMDAwMDAwMDAgMDAwMDAwMDAgMDAwMDAwZDAgMDAwMDAwMDAgMDAwMDAwMDAgMDAwMDAwMDAgN2U5YTFiYzQNClsgICA0Mi40MDg4NTddIDlmZTA6IDc2ZWZjNjk0IDdlOWExYjg4IDAwMDEwODk0IDAwMDEwNzA0IDAwMDAwMDEwIDAwMDAwMDAwIDAwMDAwMDAwIDAwMDAwMDAwDQpbICAgNDIuNDE5Njk0XSBbPDgwMTQ1MzI0Pl0gKGFib3J0X2NyZWRzKSBmcm9tIFs8ODAxMzUxMGM+XSAoX19zeXNfc2V0cmVzdWlkKzB4MTY4LzB4MWY0KQ0KWyAgIDQyLjQzMDM1OV0gWzw4MDEzNTEwYz5dIChfX3N5c19zZXRyZXN1aWQpIGZyb20gWzw4MDEzNTFiMD5dIChzeXNfc2V0cmVzdWlkKzB4MTgvMHgxYykNClsgICA0Mi40NDExNzBdIFs8ODAxMzUxYjA+XSAoc3lzX3NldHJlc3VpZCkgZnJvbSBbPDgwMTAxMDAwPl0gKHJldF9mYXN0X3N5c2NhbGwrMHgwLzB4MjgpDQpbICAgNDIuNDUyMDQ5XSBFeGNlcHRpb24gc3RhY2soMHhiMzhiOWZhOCB0byAweGIzOGI5ZmYwKQ0KWyAgIDQyLjQ1ODYxM10gOWZhMDogICAgICAgICAgICAgICAgICAgMDAwMDAwMDAgMDAwMDAwMDAgMDAwMDAwMDAgMDAwMDAwMDAgMDAwMDAwMDAgMDAwMDAwMDANClsgICA0Mi40Njk3OTddIDlmYzA6IDAwMDAwMDAwIDAwMDAwMDAwIDAwMDAwMDAwIDAwMDAwMGQwIDAwMDAwMDAwIDAwMDAwMDAwIDAwMDAwMDAwIDdlOWExYmM0DQpbICAgNDIuNDgxMDQwXSA5ZmUwOiA3NmVmYzY5NCA3ZTlhMWI4OCAwMDAxMDg5NCAwMDAxMDcwNA0KWyAgIDQyLjQ4NzYyN10gQ29kZTogZTM1MjAwMDAgMTg5ZGE4MDAgZWJmZmZlY2UgZTg5ZGE4MDAgKGU3ZjAwMWYyKSANClsgICA0Mi40OTUyNjBdIC0tLVsgZW5kIHRyYWNlIGNkZjQ4ZmI0OTMzMjdiOTMgXS0tLQ0K'
175,151,b'IC4vdHJ5bWUNCjYyNTAwMDANCnBpQHJhc3BiZXJyeXBpOn4kIA=='
175,169,b'Li90cnltZQ0KNjI1MDAwMA0KcGlAcmFzcGJlcnJ5cGk6fiQg'
175,161,b'Li90cnltZQ0KNjI1MDAwMA0KcGlAcmFzcGJlcnJ5cGk6fiQg'
175,144,b'Li90cnltZQ0KWyAgIDQzLjI0NDA1N10gVW5hYmxlIHRvIGhhbmRsZSBrZXJuZWwgTlVMTCBwb2ludGVyIGRlcmVmZXJlbmNlIGF0IHZpcnR1YWwgYWRkcmVzcyAwMDAwMDRhOA0KWyAgIDQzLjI1NDEzN10gcGdkID0gYzVjOWM0YzcNClsgICA0My4yNTc3MzVdIFswMDAwMDRhOF0gKnBnZD0zNWExODgzNSwgKnB0ZT0wMDAwMDAwMCwgKnBwdGU9MDAwMDAwMDANClsgICA0My4yNjUwNDFdIEludGVybmFsIGVycm9yOiBPb3BzOiAxNyBbIzFdIFNNUCBBUk0NClsgICA0My4yNzA3MzJdIE1vZHVsZXMgbGlua2VkIGluOiBibmVwIGhjaV91YXJ0IGJ0YmNtIHNlcmRldiBibHVldG9vdGggZWNkaF9nZW5lcmljIHNoYTI1Nl9nZW5lcmljIGNmZzgwMjExIHJma2lsbCA4MDIxcSBnYXJwIHN0cCBsbGMgc25kX2JjbTI4MzUoQykgcmFzcGJlcnJ5cGlfaHdtb24gaHdtb24gc25kX3BjbSBzbmRfdGltZXIgc25kIGJjbTI4MzVfdjRsMihDKSBiY20yODM1X2NvZGVjKEMpIHY0bDJfY29tbW9uIHY0bDJfbWVtMm1lbSBiY20yODM1X21tYWxfdmNoaXEoQykgdmlkZW9idWYyX3ZtYWxsb2MgdmlkZW9idWYyX2RtYV9jb250aWcgdmlkZW9idWYyX21lbW9wcyB2aWRlb2J1ZjJfdjRsMiB2aWRlb2J1ZjJfY29tbW9uIHZpZGVvZGV2IHZjX3NtX2NtYShDKSBtZWRpYSBmaXhlZCB1aW9fcGRydl9nZW5pcnEgdWlvIGlwX3RhYmxlcyB4X3RhYmxlcyBpcHY2DQpbICAgNDMuMzE2MTQyXSBDUFU6IDMgUElEOiA0MzkgQ29tbTogdHJ5bWUgVGFpbnRlZDogRyAgICAgICAgIEMgICAgICAgIDQuMTkuNzUtdjcrICMxMjcwDQpbICAgNDMuMzI2NDg2XSBIYXJkd2FyZSBuYW1lOiBCQ00yODM1DQpbICAgNDMuMzMxMTcwXSBQQyBpcyBhdCBuc19jYXBhYmxlX2NvbW1vbisweDk0LzB4YjANClsgICA0My4zMzcwNzRdIExSIGlzIGF0IDB4YjQwM2UwMDANClsgICA0My4zNDE0NDBdIHBjIDogWzw4MDEyYjNjND5dICAgIGxyIDogWzxiNDAzZTAwMD5dICAgIHBzcjogMjAwMDAwMTMNClsgICA0My4zNDkwMDldIHNwIDogYjQwM2ZmNDAgIGlwIDogMDAwMDAwMDcgIGZwIDogYjQwM2ZmNGMNClsgICA0My4zNTU1MjVdIHIxMDogMDAwMDAwMDAgIHI5IDogMDAwMDAwMDAgIHI4IDogMDAwMDAwMDANClsgICA0My4zNjIwMzddIHI3IDogMDAwMDAwMDAgIHI2IDogMDAwMDAwMDAgIHI1IDogMDAwMDAwMDAgIHI0IDogYjViM2IzMDANClsgICA0My4zNjk4NDldIHIzIDogMDAwMDAwMDEgIHIyIDogMDAwMDAwMDcgIHIxIDogODBkMGQ2NDAgIHIwIDogMDAwMDAwMDANClsgICA0My4zNzc2MTZdIEZsYWdzOiBuekN2ICBJUlFzIG9uICBGSVFzIG9uICBNb2RlIFNWQ18zMiAgSVNBIEFSTSAgU2VnbWVudCB1c2VyDQpbICAgNDMuMzg1OTk3XSBDb250cm9sOiAxMGM1MzgzZCAgVGFibGU6IDM0MDljMDZhICBEQUM6IDAwMDAwMDU1DQpbICAgNDMuMzkyOTg4XSBQcm9jZXNzIHRyeW1lIChwaWQ6IDQzOSwgc3RhY2sgbGltaXQgPSAweDAxZmM2YTY2KQ0KWyAgIDQzLjQwMDA2NV0gU3RhY2s6ICgweGI0MDNmZjQwIHRvIDB4YjQwNDAwMDApDQpbICAgNDMuNDA1NjI3XSBmZjQwOiBiNDAzZmY1YyBiNDAzZmY1MCA4MDEyYjNmYyA4MDEyYjMzYyBiNDAzZmY5NCBiNDAzZmY2MCA4MDEzNTA3MCA4MDEyYjNlYw0KWyAgIDQzLjQxNjE5NV0gZmY2MDogMDAwMDAwMDMgYjViM2IyODAgMDAwMDAwMTAgMDAwMDAwMDAgMDAwMDAwMDAgMDAwMDAwMDAgMDAwMDAwZDAgODAxMDExYzQNClsgICA0My40MjY3NTldIGZmODA6IGI0MDNlMDAwIDAwMDAwMGQwIGI0MDNmZmE0IGI0MDNmZjk4IDgwMTM1MWIwIDgwMTM0ZmIwIDAwMDAwMDAwIGI0MDNmZmE4DQpbICAgNDMuNDM3MzE3XSBmZmEwOiA4MDEwMTAwMCA4MDEzNTFhNCAwMDAwMDAwMCAwMDAwMDAwMCAwMDAwMDAwMCAwMDAwMDAwMCAwMDAwMDAwMCAwMDAwMDAwMA0KWyAgIDQzLjQ0NzkxMV0gZmZjMDogMDAwMDAwMDAgMDAwMDAwMDAgMDAwMDAwMDAgMDAwMDAwZDAgMDAwMDAwMDAgMDAwMDAwMDAgMDAwMDAwMDAgN2U5M2JiYzQNClsgICA0My40NTg2MjVdIGZmZTA6IDc2ZjA3Njk0IDdlOTNiYjg4IDAwMDEwODk0IDAwMDEwNzA0IDAwMDAwMDEwIDAwMDAwMDAwIDAwMDAwMDAwIDAwMDAwMDAwDQpbICAgNDMuNDY5NDc4XSBbPDgwMTJiM2M0Pl0gKG5zX2NhcGFibGVfY29tbW9uKSBmcm9tIFs8ODAxMmIzZmM+XSAobnNfY2FwYWJsZSsweDFjLzB4MjApDQpbICAgNDMuNDgwMDc4XSBbPDgwMTJiM2ZjPl0gKG5zX2NhcGFibGUpIGZyb20gWzw4MDEzNTA3MD5dIChfX3N5c19zZXRyZXN1aWQrMHhjYy8weDFmNCkNClsgICA0My40OTA3NzhdIFs8ODAxMzUwNzA+XSAoX19zeXNfc2V0cmVzdWlkKSBmcm9tIFs8ODAxMzUxYjA+XSAoc3lzX3NldHJlc3VpZCsweDE4LzB4MWMpDQpbICAgNDMuNTAxNzM0XSBbPDgwMTM1MWIwPl0gKHN5c19zZXRyZXN1aWQpIGZyb20gWzw4MDEwMTAwMD5dIChyZXRfZmFzdF9zeXNjYWxsKzB4MC8weDI4KQ0KWyAgIDQzLjUxMjc2Ml0gRXhjZXB0aW9uIHN0YWNrKDB4YjQwM2ZmYTggdG8gMHhiNDAzZmZmMCkNClsgICA0My41MTkzOTJdIGZmYTA6ICAgICAgICAgICAgICAgICAgIDAwMDAwMDAwIDAwMDAwMDAwIDAwMDAwMDAwIDAwMDAwMDAwIDAwMDAwMDAwIDAwMDAwMDAwDQpbICAgNDMuNTMwNjUyXSBmZmMwOiAwMDAwMDAwMCAwMDAwMDAwMCAwMDAwMDAwMCAwMDAwMDBkMCAwMDAwMDAwMCAwMDAwMDAwMCAwMDAwMDAwMCA3ZTkzYmJjNA0KWyAgIDQzLjU0MTg5Nl0gZmZlMDogNzZmMDc2OTQgN2U5M2JiODggMDAwMTA4OTQgMDAwMTA3MDQNClsgICA0My41NDg0ODJdIENvZGU6IGUxYTAxMDAwIGUxYTAyMDBjIGUzYTAzMDAxIGU1OWUwMDBjIChlNTkwMDRhOCkgDQoNDQoHTWVzc2FnZSBmcm9tIHN5WyAgIDQzLjU1NjE3MF0gLS0tWyBlbmQgdHJhY2UgM2FmNWMyZmQ1OWY0NjZlYiBdLS0tDQpzbG9nZEByYXNwYmVycnlwaSBhdCBTZXAgMjYgMDU6MjU6MDkgLi4uDQ0KIGtlcm5lbDpbICAgNDMuMjY1MDQxXSBJbnRlcm5hbCBlcnJvcjogT29wczogMTcgWyMxXSBTTVAgQVJNDQoNDQ0KB01lc3NhZ2UgZnJvbSBzeXNsb2dkQHJhc3BiZXJyeXBpIGF0IFNlcCAyNiAwNToyNToxMCAuLi4NDQoga2VybmVsOlsgICA0My4zOTI5ODhdIFByb2Nlc3MgdHJ5bWUgKHBpZDogNDM5LCBzdGFjayBsaW1pdCA9IDB4MDFmYzZhNjYpDQoNDQ0KB01lc3NhZ2UgZnJvbSBzeXNsb2dkQHJhc3BiZXJyeXBpIGF0IFNlcCAyNiAwNToyNToxMCAuLi4NDQoga2VybmVsOlsgICA0My40MDAwNjVdIFN0YWNrOiAoMHhiNDAzZmY0MCB0byAweGI0MDQwMDAwKQ0KDQ0NCgdNZXNzYWdlIGZyb20gc3lzbG9nZEByYXNwYmVycnlwaSBhdCBTZXAgMjYgMDU6MjU6MTAgLi4uDQ0KIGtlcm5lbDpbICAgNDMuNDA1NjI3XSBmZjQwOiBiNDAzZmY1YyBiNDAzZmY1MCA4MDEyYjNmYyA4MDEyYjMzYyBiNDAzZmY5NCBiNDAzZmY2MCA4MDEzNTA3MCA4MDEyYjNlYw0KDQ0NCgdNZXNzYWdlIGZyb20gc3lzbG9nZEByYXNwYmVycnlwaSBhdCBTZXAgMjYgMDU6MjU6MTAgLi4uDQ0KIGtlcm5lbDpbICAgNDMuNDE2MTk1XSBmZjYwOiAwMDAwMDAwMyBiNWIzYjI4MCAwMDAwMDAxMCAwMDAwMDAwMCAwMDAwMDAwMCAwMDAwMDAwMCAwMDAwMDBkMCA4MDEwMTFjNA0KDQ0NCgdNZXNzYWdlIGZyb20gc3lzbG9nZEByYXNwYmVycnlwaSBhdCBTZXAgMjYgMDU6MjU6MTAgLi4uDQ0KIGtlcm5lbDpbICAgNDMuNDI2NzU5XSBmZjgwOiBiNDAzZTAwMCAwMDAwMDBkMCBiNDAzZmZhNCBiNDAzZmY5OCA4MDEzNTFiMCA4MDEzNGZiMCAwMDAwMDAwMCBiNDAzZmZhOA0KDQ0NCgdNZXNzYWdlIGZyb20gc3lzbG9nZEByYXNwYmVycnlwaSBhdCBTZXAgMjYgMDU6MjU6MTAgLi4uDQ0KIGtlcm5lbDpbICAgNDMuNDM3MzE3XSBmZmEwOiA4MDEwMTAwMCA4MDEzNTFhNCAwMDAwMDAwMCAwMDAwMDAwMCAwMDAwMDAwMCAwMDAwMDAwMCAwMDAwMDAwMCAwMDAwMDAwMA0KDQ0NCgdNZXNzYWdlIGZyb20gc3lzbG9nZEByYXNwYmVycnlwaSBhdCBTZXAgMjYgMDU6MjU6MTAgLi4uDQ0KIGtlcm5lbDpbICAgNDMuNDQ3OTExXSBmZmMwOiAwMDAwMDAwMCAwMDAwMDAwMCAwMDAwMDAwMCAwMDAwMDBkMCAwMDAwMDAwMCAwMDAwMDAwMCAwMDAwMDAwMCA3ZTkzYmJjNA0KDQ0NCgdNZXNzYWdlIGZyb20gc3lzbG9nZEByYXNwYmVycnlwaSBhdCBTZXAgMjYgMDU6MjU6MTAgLi4uDQ0KIGtlcm5lbDpbICAgNDMuNDU4NjI1XSBmZmUwOiA3NmYwNzY5NCA3ZTkzYmI4OCAwMDAxMDg5NCAwMDAxMDcwNCAwMDAwMDAxMCAwMDAwMDAwMCAwMDAwMDAwMCAwMDAwMDAwMA0KDQ0NCgdNZXNzYWdlIGZyb20gc3lzbG9nZEByYXNwYmVycnlwaSBhdCBTZXAgMjYgMDU6MjU6MTAgLi4uDQ0KIGtlcm5lbDpbICAgNDMuNTQ4NDgyXSBDb2RlOiBlMWEwMTAwMCBlMWEwMjAwYyBlM2EwMzAwMSBlNTllMDAwYyAoZTU5MDA0YTgpIA0KDQ=='
175,167,b'IC4vdHJ5bWUNCjYyNTAwMDANCnBpQHJhc3BiZXJyeXBpOn4kIA=='
175,176,b'Li90cnltZQ0KWyAgIDQyLjI5NDExN10gVW5hYmxlIHRvIGhhbmRsZSBrZXJuZWwgTlVMTCBwb2ludGVyIGRlcmVmZXJlbmNlIGF0IHZpcnR1YWwgYWRkcmVzcyAwMDAwMDA2OA0KWyAgIDQyLjMwNDIwMF0gcGdkID0gMWM1YjFiYzYNClsgICA0Mi4zMDc3OTddIFswMDAwMDA2OF0gKnBnZD0zNmYyYzgzNSwgKnB0ZT0wMDAwMDAwMCwgKnBwdGU9MDAwMDAwMDANClsgICA0Mi4zMTUwOTldIEludGVybmFsIGVycm9yOiBPb3BzOiAxNyBbIzFdIFNNUCBBUk0NClsgICA0Mi4zMjA4MjJdIE1vZHVsZXMgbGlua2VkIGluOiBibmVwIGhjaV91YXJ0IGJ0YmNtIHNlcmRldiBibHVldG9vdGggZWNkaF9nZW5lcmljIHNoYTI1Nl9nZW5lcmljIGNmZzgwMjExIHJma2lsbCA4MDIxcSBnYXJwIHN0cCBsbGMgcmFzcGJlcnJ5cGlfaHdtb24gaHdtb24gc25kX2JjbTI4MzUoQykgYmNtMjgzNV9jb2RlYyhDKSBiY20yODM1X3Y0bDIoQykgdjRsMl9tZW0ybWVtIHNuZF9wY20gc25kX3RpbWVyIGJjbTI4MzVfbW1hbF92Y2hpcShDKSBzbmQgdmlkZW9idWYyX2RtYV9jb250aWcgdjRsMl9jb21tb24gdmlkZW9idWYyX3ZtYWxsb2MgdmlkZW9idWYyX21lbW9wcyB2aWRlb2J1ZjJfdjRsMiB2aWRlb2J1ZjJfY29tbW9uIHZpZGVvZGV2IG1lZGlhIHZjX3NtX2NtYShDKSB1aW9fcGRydl9nZW5pcnEgdWlvIGZpeGVkIGlwX3RhYmxlcyB4X3RhYmxlcyBpcHY2DQpbICAgNDIuMzY2MjMzXSBDUFU6IDAgUElEOiA0MzUgQ29tbTogdHJ5bWUgVGFpbnRlZDogRyAgICAgICAgIEMgICAgICAgIDQuMTkuNzUtdjcrICMxMjcwDQpbICAgNDIuMzc2NTcyXSBIYXJkd2FyZSBuYW1lOiBCQ00yODM1DQpbICAgNDIuMzgxMjgyXSBQQyBpcyBhdCBpbml0X3VzZXJfbnMrMHgwLzB4MTU0DQpbICAgNDIuMzg4MzI1XSBMUiBpcyBhdCAweGI0MGVmZjI0DQpbICAgNDIuMzk0MjIxXSBwYyA6IFs8ODBkMGQ2NDA+XSAgICBsciA6IFs8YjQwZWZmMjQ+XSAgICBwc3I6IDgwZDBkNjQwDQpbICAgNDIuNDAzMzU5XSBzcCA6IGI0MGEzMTgwICBpcCA6IDAwMDNmMjAwICBmcCA6IDAwMDAwMDAwDQpbICAgNDIuNDExNDU5XSByMTA6IDAwMDAwMDAxICByOSA6IDgwMmEyMGIwICByOCA6IDgwMjk1NTM0DQpbICAgNDIuNDE5NTU2XSByNyA6IDAwMDAwMDAwICByNiA6IDAwMDAwMDAwICByNSA6IDAwMDAwMDAwICByNCA6IGI0MGEzMTAwDQpbICAgNDIuNDI4OTU0XSByMyA6IDAwMDAwMDAxICByMiA6IDAwMDAwMDA3ICByMSA6IDgwZDBkNjQwICByMCA6IDAwMDAwMDAwDQpbICAgNDIuNDM4MjQ1XSBGbGFnczogTnpjdiAgSVJRcyBvbiAgRklRcyBvZmYgIE1vZGUgVVNFUl8yNiAgSVNBIEFSTSAgU2VnbWVudCB1c2VyDQpbICAgNDIuNDQ4MzM0XSBDb250cm9sOiAxMGM1MzgzZCAgVGFibGU6IDM0MTFjMDZhICBEQUM6IDAwMDAwMDU1DQpbICAgNDIuNDU2ODg1XSBQcm9jZXNzIHRyeW1lIChwaWQ6IDQzNSwgc3RhY2sgbGltaXQgPSAweDEyZjQ0OGUxKQ0KDQ0KB01lc3NbICAgNDIuNDY1NjU3XSAtLS1bIGVuZCB0cmFjZSA0ODFjYTdkMjI2MjhmM2I0IF0tLS0NCmFnZSBmcm9tIHN5c2xvZ2RAcmFzcGJlcnJ5cGkgYXQgU2VwIDI2IDA1OjI1OjA4IC4uLg0NCiBrZXJuZWw6WyAgIDQyLjMxNTA5OV0gSW50ZXJuYWwgZXJyb3I6IE9vcHM6IDE3IFsjMV0gU01QIEFSTQ0KDQ0NCgdNZXNzYWdlIGZyb20gc3lzbG9nZEByYXNwYmVycnlwaSBhdCBTZXAgMjYgMDU6MjU6MDkgLi4uDQ0KIGtlcm5lbDpbICAgNDIuNDU2ODg1XSBQcm9jZXNzIHRyeW1lIChwaWQ6IDQzNSwgc3RhY2sgbGltaXQgPSAweDEyZjQ0OGUxKQ0KDVNlZ21lbnRhdGlvbiBmYXVsdA0KcGlAcmFzcGJlcnJ5cGk6fiQg'
175,147,b'Li90cnltZQ0KNjI1MDAwMA0KcGlAcmFzcGJlcnJ5cGk6fiQg'
175,145,b'Li90cnltZQ0KNjI1MDAwMA0KcGlAcmFzcGJlcnJ5cGk6fiQg'
175,158,b'Li90cnltZQ0KNjI1MDAwMA0KcGlAcmFzcGJlcnJ5cGk6fiQg'
175,181,b'Li90cnltZQ0KNjI1MDAwMA0KcGlAcmFzcGJlcnJ5cGk6fiQg'
175,168,b'Li90cnltZQ0KNjI1MDAwMA0KcGlAcmFzcGJlcnJ5cGk6fiQg'
175,142,b'Li90cnltZQ0KWyAgIDQ1LjQ0NDA0OF0gVW5hYmxlIHRvIGhhbmRsZSBrZXJuZWwgcGFnaW5nIHJlcXVlc3QgYXQgdmlydHVhbCBhZGRyZXNzIDU1NTU1NWU3DQpbICAgNDUuNDUyNjg1XSBwZ2QgPSAxYzViMWJjNg0KWyAgIDQ1LjQ1NjU1OF0gWzU1NTU1NWU3XSAqcGdkPTAwMDAwMDAwDQpbICAgNDUuNDYxMzAzXSBJbnRlcm5hbCBlcnJvcjogT29wczogNSBbIzJdIFNNUCBBUk0NClsgICA0NS40NjcwNTNdIE1vZHVsZXMgbGlua2VkIGluOiBibmVwIGhjaV91YXJ0IGJ0YmNtIHNlcmRldiBibHVldG9vdGggZWNkaF9nZW5lcmljIHNoYTI1Nl9nZW5lcmljIGNmZzgwMjExIHJma2lsbCA4MDIxcSBnYXJwIHN0cCBsbGMgcmFzcGJlcnJ5cGlfaHdtb24gaHdtb24gc25kX2JjbTI4MzUoQykgYmNtMjgzNV9jb2RlYyhDKSBiY20yODM1X3Y0bDIoQykgdjRsMl9tZW0ybWVtIHNuZF9wY20gc25kX3RpbWVyIGJjbTI4MzVfbW1hbF92Y2hpcShDKSBzbmQgdmlkZW9idWYyX2RtYV9jb250aWcgdjRsMl9jb21tb24gdmlkZW9idWYyX3ZtYWxsb2MgdmlkZW9idWYyX21lbW9wcyB2aWRlb2J1ZjJfdjRsMiB2aWRlb2J1ZjJfY29tbW9uIHZpZGVvZGV2IG1lZGlhIHZjX3NtX2NtYShDKSB1aW9fcGRydl9nZW5pcnEgdWlvIGZpeGVkIGlwX3RhYmxlcyB4X3RhYmxlcyBpcHY2DQpbICAgNDUuNTEyNzk1XSBDUFU6IDAgUElEOiA0NDEgQ29tbTogdHJ5bWUgVGFpbnRlZDogRyAgICAgIEQgIEMgICAgICAgIDQuMTkuNzUtdjcrICMxMjcwDQpbICAgNDUuNTIzMTI0XSBIYXJkd2FyZSBuYW1lOiBCQ00yODM1DQpbICAgNDUuNTI3NzUzXSBQQyBpcyBhdCBjYXBfY2FwYWJsZSsweDJjLzB4OGMNClsgICA0NS41MzMwODNdIExSIGlzIGF0ICAgKG51bGwpDQpbICAgNDUuNTM3MjQ2XSBwYyA6IFs8ODA0YTE2ODQ+XSAgICBsciA6IFs8MDAwMDAwMDA+XSAgICBwc3I6IDMwMDAwMDEzDQpbICAgNDUuNTQ0ODE0XSBzcCA6IGI0MGVmZjMwICBpcCA6IGI0MGVmZjQwICBmcCA6IGI0MGVmZjNjDQpbICAgNDUuNTUxMzAyXSByMTA6IDAwMDAwMDAwICByOSA6IDAwMDAwMDAwICByOCA6IDAwMDAwMDAwDQpbICAgNDUuNTU3NzYxXSByNyA6IDAwMDAwMDAwICByNiA6IDAwMDAwMDAwICByNSA6IDAwMDAwMDAwICByNCA6IGI0MGEzMzgwDQpbICAgNDUuNTY1NTI3XSByMyA6IDU1NTU1NTFmICByMiA6IDAwMDAwMDA3ICByMSA6IDgwZDBkNjQwICByMCA6IDk0MDgzMzAwDQpbICAgNDUuNTczMjc1XSBGbGFnczogbnpDViAgSVJRcyBvbiAgRklRcyBvbiAgTW9kZSBTVkNfMzIgIElTQSBBUk0gIFNlZ21lbnQgdXNlcg0KWyAgIDQ1LjU4MTY0NV0gQ29udHJvbDogMTBjNTM4M2QgIFRhYmxlOiAzNDExYzA2YSAgREFDOiAwMDAwMDA1NQ0KWyAgIDQ1LjU4ODU4OV0gUHJvY2VzcyB0cnltZSAocGlkOiA0NDEsIHN0YWNrIGxpbWl0ID0gMHgxMmY0NDhlMSkNClsgICA0NS41OTU2NDRdIFN0YWNrOiAoMHhiNDBlZmYzMCB0byAweGI0MGYwMDAwKQ0KWyAgIDQ1LjYwMTE5N10gZmYyMDogICAgICAgICAgICAgICAgICAgICAgICAgICAgICAgICAgICAgYjQwZWZmNGMgYjQwZWZmNDAgODAxMmIzY2MgODA0YTE2NjQNClsgICA0NS42MTE3MTldIGZmNDA6IGI0MGVmZjVjIGI0MGVmZjUwIDgwMTJiM2ZjIDgwMTJiMzNjIGI0MGVmZjk0IGI0MGVmZjYwIDgwMTM1MDcwIDgwMTJiM2VjDQpbICAgNDUuNjIyMjA0XSBmZjYwOiAwMDAwMDAwMyBiNDBhMzMwMCAwMDAwMDAxMCAwMDAwMDAwMCAwMDAwMDAwMCAwMDAwMDAwMCAwMDAwMDBkMCA4MDEwMTFjNA0KWyAgIDQ1LjYzMjY4OV0gZmY4MDogYjQwZWUwMDAgMDAwMDAwZDAgYjQwZWZmYTQgYjQwZWZmOTggODAxMzUxYjAgODAxMzRmYjAgMDAwMDAwMDAgYjQwZWZmYTgNClsgICA0NS42NDMyMDZdIGZmYTA6IDgwMTAxMDAwIDgwMTM1MWE0IDAwMDAwMDAwIDAwMDAwMDAwIDAwMDAwMDAwIDAwMDAwMDAwIDAwMDAwMDAwIDAwMDAwMDAwDQpbICAgNDUuNjUzODQ4XSBmZmMwOiAwMDAwMDAwMCAwMDAwMDAwMCAwMDAwMDAwMCAwMDAwMDBkMCAwMDAwMDAwMCAwMDAwMDAwMCAwMDAwMDAwMCA3ZWRkYWJjNA0KWyAgIDQ1LjY2NDY0Ml0gZmZlMDogNzZlNTc2OTQgN2VkZGFiODggMDAwMTA4OTQgMDAwMTA3MDQgMDAwMDAwMTAgMDAwMDAwMDAgMDAwMDAwMDAgMDAwMDAwMDANClsgICA0NS42NzU1NDNdIFs8ODA0YTE2ODQ+XSAoY2FwX2NhcGFibGUpIGZyb20gWzw4MDEyYjNjYz5dIChuc19jYXBhYmxlX2NvbW1vbisweDljLzB4YjApDQpbICAgNDUuNjg2MzQ4XSBbPDgwMTJiM2NjPl0gKG5zX2NhcGFibGVfY29tbW9uKSBmcm9tIFs8ODAxMmIzZmM+XSAobnNfY2FwYWJsZSsweDFjLzB4MjApDQpbICAgNDUuNjk3MTM4XSBbPDgwMTJiM2ZjPl0gKG5zX2NhcGFibGUpIGZyb20gWzw4MDEzNTA3MD5dIChfX3N5c19zZXRyZXN1aWQrMHhjYy8weDFmNCkNClsgICA0NS43MDc5MThdIFs8ODAxMzUwNzA+XSAoX19zeXNfc2V0cmVzdWlkKSBmcm9tIFs8ODAxMzUxYjA+XSAoc3lzX3NldHJlc3VpZCsweDE4LzB4MWMpDQpbICAgNDUuNzE4OTY5XSBbPDgwMTM1MWIwPl0gKHN5c19zZXRyZXN1aWQpIGZyb20gWzw4MDEwMTAwMD5dIChyZXRfZmFzdF9zeXNjYWxsKzB4MC8weDI4KQ0KWyAgIDQ1LjczNDA1MF0gRXhjZXB0aW9uIHN0YWNrKDB4YjQwZWZmYTggdG8gMHhiNDBlZmZmMCkNClsgICA0NS43NDI2ODVdIGZmYTA6ICAgICAgICAgICAgICAgICAgIDAwMDAwMDAwIDAwMDAwMDAwIDAwMDAwMDAwIDAwMDAwMDAwIDAwMDAwMDAwIDAwMDAwMDAwDQpbICAgNDUuNzU3ODc3XSBmZmMwOiAwMDAwMDAwMCAwMDAwMDAwMCAwMDAwMDAwMCAwMDAwMDBkMCAwMDAwMDAwMCAwMDAwMDAwMCAwMDAwMDAwMCA3ZWRkYWJjNA0KWyAgIDQ1Ljc3MzAzMF0gZmZlMDogNzZlNTc2OTQgN2VkZGFiODggMDAwMTA4OTQgMDAwMTA3MDQNClsgICA0NS43ODE1NjNdIENvZGU6IGUxYTAxMDBjIGUxNTEwMDAzIDBhMDAwMDBkIGU1OTFlMGM4IChlNTkzYzBjOCkgDQpbICAgNDUuNzkxMjg5XSAtLS1bIGVuZCB0cmFjZSA0ODFjYTdkMjI2MjhmM2I1IF0tLS0NCg0NCgdNZXNzYWdlIGZyb20gc3lzbG9nZEByYXNwYmVycnlwaSBhdCBTZXAgMjYgMDU6MjU6MTIgLi4uDQ0KIGtlcm5lbDpbICAgNDUuNDYxMzAzXSBJbnRlcm5hbCBlcnJvcjogT29wczogNSBbIzJdIFNNUCBBUk0NCg0NDQoHTWVzc2FnZSBmcm9tIHN5c2xvZ2RAcmFzcGJlcnJ5cGkgYXQgU2VwIDI2IDA1OjI1OjEyIC4uLg0NCiBrZXJuZWw6WyAgIDQ1LjU4ODU4OV0gUHJvY2VzcyB0cnltZSAocGlkOiA0NDEsIHN0YWNrIGxpbWl0ID0gMHgxMmY0NDhlMSkNCg0NDQoHTWVzc2FnZSBmcm9tIHN5c2xvZ2RAcmFzcGJlcnJ5cGkgYXQgU2VwIDI2IDA1OjI1OjEyIC4uLg0NCiBrZXJuZWw6WyAgIDQ1LjU5NTY0NF0gU3RhY2s6ICgweGI0MGVmZjMwIHRvIDB4YjQwZjAwMDApDQoNDQ0KB01lc3NhZ2UgZnJvbSBzeXNsb2dkQHJhc3BiZXJyeXBpIGF0IFNlcCAyNiAwNToyNToxMiAuLi4NDQoga2VybmVsOlsgICA0NS42MDExOTddIGZmMjA6ICAgICAgICAgICAgICAgICAgICAgICAgICAgICAgICAgICAgIGI0MGVmZjRjIGI0MGVmZjQwIDgwMTJiM2NjIDgwNGExNjY0DQoNDQ0KB01lc3NhZ2UgZnJvbSBzeXNsb2dkQHJhc3BiZXJyeXBpIGF0IFNlcCAyNiAwNToyNToxMiAuLi4NDQoga2VybmVsOlsgICA0NS42MTE3MTldIGZmNDA6IGI0MGVmZjVjIGI0MGVmZjUwIDgwMTJiM2ZjIDgwMTJiMzNjIGI0MGVmZjk0IGI0MGVmZjYwIDgwMTM1MDcwIDgwMTJiM2VjDQoNDQ0KB01lc3NhZ2UgZnJvbSBzeXNsb2dkQHJhc3BiZXJyeXBpIGF0IFNlcCAyNiAwNToyNToxMiAuLi4NDQoga2VybmVsOlsgICA0NS42MjIyMDRdIGZmNjA6IDAwMDAwMDAzIGI0MGEzMzAwIDAwMDAwMDEwIDAwMDAwMDAwIDAwMDAwMDAwIDAwMDAwMDAwIDAwMDAwMGQwIDgwMTAxMWM0DQoNDQ0KB01lc3NhZ2UgZnJvbSBzeXNsb2dkQHJhc3BiZXJyeXBpIGF0IFNlcCAyNiAwNToyNToxMiAuLi4NDQoga2VybmVsOlsgICA0NS42MzI2ODldIGY='
175,183,b'IC4vdHJ5bWUNCjYyNTAwMDANCnBpQHJhc3BiZXJyeXBpOn4kIA=='
175,155,b'Li90cnltZQ0KNjI1MDAwMA0KcGlAcmFzcGJlcnJ5cGk6fiQg'
175,171,b'Li90cnltZQ0KNjI1MDAwMA0KcGlAcmFzcGJlcnJ5cGk6fiQg'
175,163,b'Li90cnltZQ0KWyAgIDQzLjE2NDA4M10gVW5hYmxlIHRvIGhhbmRsZSBrZXJuZWwgTlVMTCBwb2ludGVyIGRlcmVmZXJlbmNlIGF0IHZpcnR1YWwgYWRkcmVzcyAwMDAwMDAwMA0KWyAgIDQzLjE3NDE3MF0gcGdkID0gNTNhZDU4MzcNClsgICA0My4xNzc3NjhdIFswMDAwMDAwMF0gKnBnZD0zM2NkODgzNSwgKnB0ZT0wMDAwMDAwMCwgKnBwdGU9MDAwMDAwMDANClsgICA0My4xODUwNzBdIEludGVybmFsIGVycm9yOiBPb3BzOiA4MDAwMDAwNyBbIzFdIFNNUCBBUk0NClsgICA0My4xOTEyODddIE1vZHVsZXMgbGlua2VkIGluOiBibmVwIGhjaV91YXJ0IGJ0YmNtIHNlcmRldiBibHVldG9vdGggZWNkaF9nZW5lcmljIHNoYTI1Nl9nZW5lcmljIGNmZzgwMjExIHJma2lsbCA4MDIxcSBnYXJwIHN0cCBsbGMgcmFzcGJlcnJ5cGlfaHdtb24gaHdtb24gc25kX2JjbTI4MzUoQykgYmNtMjgzNV9jb2RlYyhDKSB2NGwyX21lbTJtZW0gYmNtMjgzNV92NGwyKEMpIHNuZF9wY20gYmNtMjgzNV9tbWFsX3ZjaGlxKEMpIHY0bDJfY29tbW9uIHZpZGVvYnVmMl9kbWFfY29udGlnIHNuZF90aW1lciB2aWRlb2J1ZjJfdm1hbGxvYyB2aWRlb2J1ZjJfbWVtb3BzIHZpZGVvYnVmMl92NGwyIHNuZCB2aWRlb2J1ZjJfY29tbW9uIHZpZGVvZGV2IG1lZGlhIHZjX3NtX2NtYShDKSBmaXhlZCB1aW9fcGRydl9nZW5pcnEgdWlvIGlwX3RhYmxlcyB4X3RhYmxlcyBpcHY2DQpbICAgNDMuMjM2NzExXSBDUFU6IDMgUElEOiA0NDAgQ29tbTogdHJ5bWUgVGFpbnRlZDogRyAgICAgICAgIEMgICAgICAgIDQuMTkuNzUtdjcrICMxMjcwDQpbICAgNDMuMjQ3MDU5XSBIYXJkd2FyZSBuYW1lOiBCQ00yODM1DQpbICAgNDMuMjUxNzM4XSBQQyBpcyBhdCAgIChudWxsKQ0KWyAgIDQzLjI1NTk0N10gTFIgaXMgYXQgX19zeXNfc2V0cmVzdWlkKzB4MTY4LzB4MWY0DQpbICAgNDMuMjYxODE3XSBwYyA6IFs8MDAwMDAwMDA+XSAgICBsciA6IFs8ODAxMzUxMGM+XSAgICBwc3I6IDIwMDAwMDEzDQpbICAgNDMuMjY5Mzc4XSBzcCA6IGIzY2MxZjUwICBpcCA6IGIzY2MxZjYwICBmcCA6IGIzY2MxZjVjDQpbICAgNDMuMjc1ODg2XSByMTA6IDAwMDAwMDAwICByOSA6IDAwMDAwMDAwICByOCA6IDAwMDAwMDAwDQpbICAgNDMuMjgyMzk3XSByNyA6IDAwMDAwMDAwICByNiA6IDAwMDAwMDAwICByNSA6IGZmZmZmZmZmICByNCA6IGI1YTJmMDgwDQpbICAgNDMuMjkwMjEzXSByMyA6IGI1YTJmMDAwICByMiA6IDAwMDAwMDAwICByMSA6IDAwMDAwMDAwICByMCA6IGI1YTJmMDgwDQpbICAgNDMuMjk3OTg0XSBGbGFnczogbnpDdiAgSVJRcyBvbiAgRklRcyBvbiAgTW9kZSBTVkNfMzIgIElTQSBBUk0gIFNlZ21lbnQgdXNlcg0KWyAgIDQzLjMwNjM2Nl0gQ29udHJvbDogMTBjNTM4M2QgIFRhYmxlOiAzM2NjODA2YSAgREFDOiAwMDAwMDA1NQ0KWyAgIDQzLjMxMzM2Ml0gUHJvY2VzcyB0cnltZSAocGlkOiA0NDAsIHN0YWNrIGxpbWl0ID0gMHg0MWYxZDlhZCkNClsgICA0My4zMjA0NDFdIFN0YWNrOiAoMHhiM2NjMWY1MCB0byAweGIzY2MyMDAwKQ0KWyAgIDQzLjMyNjAwMV0gMWY0MDogICAgICAgICAgICAgICAgICAgICAgICAgICAgICAgICAgICAgYjNjYzFkYTQgYjNjYzFkNjAgODAxNGRlNzggODA4MzcxOWMNClsgICA0My4zMzY1MjhdIDFmNjA6IDgwZDA1NGMwIDQwMDAwMDkzIGIzY2MxZDk0IGIzY2MxZDc4IDgwMjAxZDEwIGI2Nzc0NDNjIDgwMjQwNDhjIDgwMWM1MDIwDQpbICAgNDMuMzQ3MDE3XSAxZjgwOiBiM2NjMDAwMCAwMDAwMDBkMCBiM2NjMWZhNCBiM2NjMWY5OCA4MDEzNTFiMCA4MDEzNGZiMCAwMDAwMDAwMCBiM2NjMWZhOA0KWyAgIDQzLjM1NzQ5OV0gMWZhMDogODAxMDEwMDAgODAxMzUxYTQgMDAwMDAwMDAgMDAwMDAwMDAgMDAwMDAwMDAgMDAwMDAwMDAgMDAwMDAwMDAgMDAwMDAwMDANClsgICA0My4zNjgwMTldIDFmYzA6IDAwMDAwMDAwIDAwMDAwMDAwIDAwMDAwMDAwIDAwMDAwMGQwIDAwMDAwMDAwIDAwMDAwMDAwIDAwMDAwMDAwIDdlZmQxYmM0DQpbICAgNDMuMzc4NjcyXSAxZmUwOiA3NmYxOTY5NCA3ZWZkMWI4OCAwMDAxMDg5NCAwMDAxMDcwNCAwMDAwMDAxMCAwMDAwMDAwMCAwMDAwMDAwMCAwMDAwMDAwMA0KWyAgIDQzLjM4OTQ3OF0gQ29kZTogYmFkIFBDIHZhbHVlDQoNDQoHTWVzc2FnZSBmcm9tWyAgIDQzLjM5Mzg3MV0gLS0tWyBlbmQgdHJhY2UgNGE1ZWU4ODJlNWQ4OGU5NyBdLS0tDQogc3lzbG9nZEByYXNwYmVycnlwaSBhdCBTZXAgMjYgMDU6MjU6MDkgLi4uDQ0KIGtlcm5lbDpbICAgNDMuMTg1MDcwXSBJbnRlcm5hbCBlcnJvcjogT29wczogODAwMDAwMDcgWyMxXSBTTVAgQVJNDQoNDQ0KB01lc3NhZ2UgZnJvbSBzeXNsb2dkQHJhc3BiZXJyeXBpIGF0IFNlcCAyNiAwNToyNToxMCAuLi4NDQoga2VybmVsOlsgICA0My4zMTMzNjJdIFByb2Nlc3MgdHJ5bWUgKHBpZDogNDQwLCBzdGFjayBsaW1pdCA9IDB4NDFmMWQ5YWQpDQoNDQ0KB01lc3NhZ2UgZnJvbSBzeXNsb2dkQHJhc3BiZXJyeXBpIGF0IFNlcCAyNiAwNToyNToxMCAuLi4NDQoga2VybmVsOlsgICA0My4zMjA0NDFdIFN0YWNrOiAoMHhiM2NjMWY1MCB0byAweGIzY2MyMDAwKQ0KDQ0NCgdNZXNzYWdlIGZyb20gc3lzbG9nZEByYXNwYmVycnlwaSBhdCBTZXAgMjYgMDU6MjU6MTAgLi4uDQ0KIGtlcm5lbDpbICAgNDMuMzI2MDAxXSAxZjQwOiAgICAgICAgICAgICAgICAgICAgICAgICAgICAgICAgICAgICBiM2NjMWRhNCBiM2NjMWQ2MCA4MDE0ZGU3OCA4MDgzNzE5Yw0KDQ0NCgdNZXNzYWdlIGZyb20gc3lzbG9nZEByYXNwYmVycnlwaSBhdCBTZXAgMjYgMDU6MjU6MTAgLi4uDQ0KIGtlcm5lbDpbICAgNDMuMzM2NTI4XSAxZjYwOiA4MGQwNTRjMCA0MDAwMDA5MyBiM2NjMWQ5NCBiM2NjMWQ3OCA4MDIwMWQxMCBiNjc3NDQzYyA4MDI0MDQ4YyA4MDFjNTAyMA0KDQ0NCgdNZXNzYWdlIGZyb20gc3lzbG9nZEByYXNwYmVycnlwaSBhdCBTZXAgMjYgMDU6MjU6MTAgLi4uDQ0KIGtlcm5lbDpbICAgNDMuMzQ3MDE3XSAxZjgwOiBiM2NjMDAwMCAwMDAwMDBkMCBiM2NjMWZhNCBiM2NjMWY5OCA4MDEzNTFiMCA4MDEzNGZiMCAwMDAwMDAwMCBiM2NjMWZhOA0KDQ0NCgdNZXNzYWdlIGZyb20gc3lzbG9nZEByYXNwYmVycnlwaSBhdCBTZXAgMjYgMDU6MjU6MTAgLi4uDQ0KIGtlcm5lbDpbICAgNDMuMzU3NDk5XSAxZmEwOiA4MDEwMTAwMCA4MDEzNTFhNCAwMDAwMDAwMCAwMDAwMDAwMCAwMDAwMDAwMCAwMDAwMDAwMCAwMDAwMDAwMCAwMDAwMDAwMA0KDQ0NCgdNZXNzYWdlIGZyb20gc3lzbG9nZEByYXNwYmVycnlwaSBhdCBTZXAgMjYgMDU6MjU6MTAgLi4uDQ0KIGtlcm5lbDpbICAgNDMuMzY4MDE5XSAxZmMwOiAwMDAwMDAwMCAwMDAwMDAwMCAwMDAwMDAwMCAwMDAwMDBkMCAwMDAwMDAwMCAwMDAwMDAwMCAwMDAwMDAwMCA3ZWZkMWJjNA0KDQ0NCgdNZXNzYWdlIGZyb20gc3lzbG9nZEByYXNwYmVycnlwaSBhdCBTZXAgMjYgMDU6MjU6MTAgLi4uDQ0KIGtlcm5lbDpbICAgNDMuMzc4NjcyXSAxZmUwOiA3NmYxOTY5NCA3ZWZkMWI4OCAwMDAxMDg5NCAwMDAxMDcwNCAwMDAwMDAxMCAwMDAwMDAwMCAwMDAwMDAwMCAwMDAwMDAwMA0KDQ0NCgdNZXNzYWdlIGZyb20gc3lzbG9nZEByYXNwYmVycnlwaSBhdCBTZXAgMjYgMDU6MjU6MTAgLi4uDQ0KIGtlcm5lbDpbICAgNDMuMzg5NDc4XSBDb2RlOiBiYWQgUEMgdmFsdWUNCg1TZWdtZW50YXRpb24gZmF1bHQNCnBpQHJhc3BiZXJyeXBpOn4kIA=='
175,143,b'Li90cnltZQ0KWyAgIDQzLjY5NTI4Ml0gVW5hYmxlIHRvIGhhbmRsZSBrZXJuZWwgcGFnaW5nIHJlcXVlc3QgYXQgdmlydHVhbCBhZGRyZXNzIGMwOTEwNTgwDQpbICAgNDMuNzA1Njg3XSBwZ2QgPSA1M2FkNTgzNw0KWyAgIDQzLjcxMTQzMF0gW2MwOTEwNTgwXSAqcGdkPTAwMDAwMDAwDQpbICAgNDMuNzE4MDA3XSBJbnRlcm5hbCBlcnJvcjogT29wczogNSBbIzJdIFNNUCBBUk0NClsgICA0My43MjU1OTldIE1vZHVsZXMgbGlua2VkIGluOiBibmVwIGhjaV91YXJ0IGJ0YmNtIHNlcmRldiBibHVldG9vdGggZWNkaF9nZW5lcmljIHNoYTI1Nl9nZW5lcmljIGNmZzgwMjExIHJma2lsbCA4MDIxcSBnYXJwIHN0cCBsbGMgcmFzcGJlcnJ5cGlfaHdtb24gaHdtb24gc25kX2JjbTI4MzUoQykgYmNtMjgzNV9jb2RlYyhDKSB2NGwyX21lbTJtZW0gYmNtMjgzNV92NGwyKEMpIHNuZF9wY20gYmNtMjgzNV9tbWFsX3ZjaGlxKEMpIHY0bDJfY29tbW9uIHZpZGVvYnVmMl9kbWFfY29udGlnIHNuZF90aW1lciB2aWRlb2J1ZjJfdm1hbGxvYyB2aWRlb2J1ZjJfbWVtb3BzIHZpZGVvYnVmMl92NGwyIHNuZCB2aWRlb2J1ZjJfY29tbW9uIHZpZGVvZGV2IG1lZGlhIHZjX3NtX2NtYShDKSBmaXhlZCB1aW9fcGRydl9nZW5pcnEgdWlvIGlwX3RhYmxlcyB4X3RhYmxlcyBpcHY2DQpbICAgNDMuNzgzMzE0XSBDUFU6IDMgUElEOiA0NDEgQ29tbTogdHJ5bWUgVGFpbnRlZDogRyAgICAgIEQgIEMgICAgICAgIDQuMTkuNzUtdjcrICMxMjcwDQpbICAgNDMuNzk3Mzc4XSBIYXJkd2FyZSBuYW1lOiBCQ00yODM1DQpbICAgNDMuODAzNzkwXSBQQyBpcyBhdCBkb19kZW50cnlfb3BlbisweDExMC8weDNjMA0KWyAgIDQzLjgxMTI5MF0gTFIgaXMgYXQgZG9fZGVudHJ5X29wZW4rMHg0MC8weDNjMA0KWyAgIDQzLjgxODU2NF0gcGMgOiBbPDgwMmE2YzE4Pl0gICAgbHIgOiBbPDgwMmE2YjQ4Pl0gICAgcHNyOiBhMDAwMDAxMw0KWyAgIDQzLjgyNzY5MF0gc3AgOiBiM2NjMWRjOCAgaXAgOiBiM2NjMWRjOCAgZnAgOiBiM2NjMWRlYw0KWyAgIDQzLjgzNTY4Nl0gcjEwOiAwMDAwMDAwMCAgcjkgOiAwMDAwMDAwMCAgcjggOiBiNWFiNGMwOA0KWyAgIDQzLjg0MzYwMV0gcjcgOiBiM2NjMWY1MCAgcjYgOiBiOWJmM2M2OCAgcjUgOiAwMDAwMDAwMCAgcjQgOiBiNWFiNGMwMA0KWyAgIDQzLjg1MjkwNV0gcjMgOiBjMDkxMDU4MCAgcjIgOiAwMDAyMDAwMiAgcjEgOiAwMDAwODAwMSAgcjAgOiAwMDAwMDAwMA0KWyAgIDQzLjg2MjIwM10gRmxhZ3M6IE56Q3YgIElSUXMgb24gIEZJUXMgb24gIE1vZGUgU1ZDXzMyICBJU0EgQVJNICBTZWdtZW50IHVzZXINClsgICA0My44NzIxMzFdIENvbnRyb2w6IDEwYzUzODNkICBUYWJsZTogMzNjYzgwNmEgIERBQzogMDAwMDAwNTUNClsgICA0My44ODA2MTFdIFByb2Nlc3MgdHJ5bWUgKHBpZDogNDQxLCBzdGFjayBsaW1pdCA9IDB4NDFmMWQ5YWQpDQpbICAgNDMuODg5MjMxXSBTdGFjazogKDB4YjNjYzFkYzggdG8gMHhiM2NjMjAwMCkNClsgICA0My44OTYzNDRdIDFkYzA6ICAgICAgICAgICAgICAgICAgIDAwMDIwMDAwIDAwMDAwMDAwIDAwMDAwMDAwIGIzY2MxZjUwIGI1YWI0YzAwIGIzY2MxZTkwDQpbICAgNDMuOTA5OTYwXSAxZGUwOiBiM2NjMWRmYyBiM2NjMWRmMCA4MDJhODIyMCA4MDJhNmIxNCBiM2NjMWU4YyBiM2NjMWUwMCA4MDJiYWM5OCA4MDJhODFmMA0KWyAgIDQzLjkyMzUyNF0gMWUwMDogYjNjYzFlMzQgMDAwMDAwNDAgNzZmZjEwMDAgMDAwMDAwNTQgYjNjYzFlOWMgYjNjYzFlMjAgODAyNzVlODAgYjNjYzAwMDANClsgICA0My45MzcwNzRdIDFlMjA6IGIzYzc4MjAwIDgwMjc4ZDBjIDgwZDA0ZDQ4IDAwMDAwMDQxIDgwZDA1Njg4IDAwMDAwMDAwIDAwMDAwMDAwIDAwMDAwMDA0DQpbICAgNDMuOTUwNjk4XSAxZTQwOiAwMDAwMDAwMiBiOWJmM2M2OCBiOTY2ZjExMCBiOWJiZDY2MCAwMDAwMDAwMCAwMDAwMDAwMCAwMDAwMDAwMCBiNjc3NDQzYw0KWyAgIDQzLjk2NDYwMV0gMWU2MDogMDAwMDAwMDAgODBkMDRkNDggODBkMDRkNDggYjNjYzFmNTAgYjNjYzFlOTAgMDAwMDAwMDEgYjNjYzAwMDAgMDAwMDAxNDINClsgICA0My45Nzg4ODVdIDFlODA6IGIzY2MxZjQ0IGIzY2MxZTkwIDgwMmJjYjgwIDgwMmJhODdjIGI5NjZmMTEwIGI5YmJkNjYwIGFhMTcyYzRmIDAwMDAwMDBjDQpbICAgNDMuOTkzMzg5XSAxZWEwOiBiOWJmMzhlMCAwMDYwMDBjMCAwMDAwMDAwMCBiOWIyMDk5MCBiOWJmM2M2OCAwMDAwMDEwMSAwMDAwMDAwMiAwMDAwMDYzNA0KWyAgIDQ0LjAwODE4M10gMWVjMDogMDAwMDAwMDAgMDAwMDAwMDAgMDAwMDAwMDEgYjNjYzFlZDAgYjk2NmYxMTAgYjhhZDU0YzggMDAwMDAwMDAgMDAwMDAwMDMNClsgICA0NC4wMjMxMjBdIDFlZTA6IDAwMDAwMDAwIDAwMDAwMDAyIDAwMDAwMDAwIDAwMDAwNDAwIDAwMGEwMDAwIDAwMDAwMTAwIGIzY2MxZjM0IGIzY2MxZjA4DQpbICAgNDQuMDM4MjMzXSAxZjAwOiBiOTFjNTAwMCAwMDAwMDAwMCBiOWJmMzk5MCAwMDAwMDAwMiBmZmZmZmY5YyBmZmZmZmY5YyBiOTFjNTAwMCBiNjc3NDQzYw0KWyAgIDQ0LjA1MzQ2OF0gMWYyMDogYjNjYzAwMDAgMDAwMDAwMDMgODBkMDRkNDggZmZmZmZmOWMgYjkxYzUwMDAgODAxMDExYzQgYjNjYzFmOTQgYjNjYzFmNDgNClsgICA0NC4wNjg3MzhdIDFmNDA6IDgwMmE4NTAwIDgwMmJjYjBjIGIzY2MxZjc0IGIzY2MxZjU4IDAwMDIwMDAwIDgwMmEw'
175,136,b'IC4vdHJ5bWUNCjYyNTAwMDANCnBpQHJhc3BiZXJyeXBpOn4kIA=='
175,141,b'Li90cnltZQ0KNjI1MDAwMA0KcGlAcmFzcGJlcnJ5cGk6fiQg'
175,147,b'Li90cnltZQ0KWyAgIDQyLjY2NDA5N10gVW5hYmxlIHRvIGhhbmRsZSBrZXJuZWwgTlVMTCBwb2ludGVyIGRlcmVmZXJlbmNlIGF0IHZpcnR1YWwgYWRkcmVzcyAwMDAwMDA2OA0KWyAgIDQyLjY3NDE2OF0gcGdkID0gZmQxNmY4MTcNClsgICA0Mi42Nzc3NzBdIFswMDAwMDA2OF0gKnBnZD0zNDBhYjgzNSwgKnB0ZT0wMDAwMDAwMCwgKnBwdGU9MDAwMDAwMDANCg0NCgdNZXNzYWdlWyAgIDQyLjY4NTA3N10gSW50ZXJuYWwgZXJyb3I6IE9vcHM6IDE3IFsjMV0gU01QIEFSTQ0KIGZyb20gc3lzbG9nZEByYXNwYmVycnlwaSBhdCBTZXAgMjYgMDU6MjU6MDkgLi4uDQ0KIGtlcm5lbDpbICAgNDIuNjg1MDc3XSBJbnRlcm5bICAgNDIuNjkxMjAwXSBNb2R1bGVzIGxpbmtlZCBpbjogYm5lcCBoY2lfdWFydCBidGJjbSBzZXJkZXYgYmx1ZXRvb3RoIGVjZGhfZ2VuZXJpYyBzaGEyNTZfZ2VuZXJpYyBjZmc4MDIxMSByZmtpbGwgODAyMXEgZ2FycCBzdHAgbGxjIHJhc3BiZXJyeXBpX2h3bW9uIGh3bW9uIGJjbTI4MzVfdjRsMihDKSB2NGwyX2NvbW1vbiB2aWRlb2J1ZjJfdm1hbGxvYyBiY20yODM1X2NvZGVjKEMpIHY0bDJfbWVtMm1lbSBzbmRfYmNtMjgzNShDKSBiY20yODM1X21tYWxfdmNoaXEoQykgdmlkZW9idWYyX2RtYV9jb250aWcgc25kX3BjbSB2aWRlb2J1ZjJfbWVtb3BzIHZpZGVvYnVmMl92NGwyIHNuZF90aW1lciB2aWRlb2J1ZjJfY29tbW9uIHNuZCB2aWRlb2RldiBtZWRpYSB2Y19zbV9jbWEoQykgdWlvX3BkcnZfZ2VuaXJxIHVpbyBmaXhlZCBpcF90YWJsZXMgeF90YWJsZXMgaXB2Ng0KYWwgZXJyb3I6IE9vcHM6IDE3IFsjMV0gU01QIEFSTQ1bICAgNDIuNzM3MjA3XSBDUFU6IDEgUElEOiA0NDAgQ29tbTogdHJ5bWUgVGFpbnRlZDogRyAgICAgICAgIEMgICAgICAgIDQuMTkuNzUtdjcrICMxMjcwDQoKDVsgICA0Mi43NDc5NTZdIEhhcmR3YXJlIG5hbWU6IEJDTTI4MzUNClsgICA0Mi43NTI2NDldIFBDIGlzIGF0IGNhcF9jYXBhYmxlKzB4MTQvMHg4Yw0KWyAgIDQyLjc1ODAyNV0gTFIgaXMgYXQgbnNfY2FwYWJsZV9jb21tb24rMHg5Yy8weGIwDQpbICAgNDIuNzYzOTA5XSBwYyA6IFs8ODA0YTE2NmM+XSAgICBsciA6IFs8ODAxMmIzY2M+XSAgICBwc3I6IDIwMDAwMDEzDQpbICAgNDIuNzcxNDgzXSBzcCA6IGI2Mzg3ZjMwICBpcCA6IGI2Mzg3ZjQwICBmcCA6IGI2Mzg3ZjNjDQpbICAgNDIuNzc4MDA4XSByMTA6IDAwMDAwMDAwICByOSA6IDAwMDAwMDAwICByOCA6IDAwMDAwMDAwDQpbICAgNDIuNzg0NTMzXSByNyA6IDAwMDAwMDAwICByNiA6IDAwMDAwMDAwICByNSA6IDAwMDAwMDAwICByNCA6IGI1YjA5MjgwDQpbICAgNDIuNzkyMzU3XSByMyA6IDAwMDAwMDAxICByMiA6IDAwMDAwMDA3ICByMSA6IDgwZDBkNjQwICByMCA6IDAwMDAwMDAwDQpbICAgNDIuODAwMTM3XSBGbGFnczogbnpDdiAgSVJRcyBvbiAgRklRcyBvbiAgTW9kZSBTVkNfMzIgIElTQSBBUk0gIFNlZ21lbnQgdXNlcg0KWyAgIDQyLjgwODUzM10gQ29udHJvbDogMTBjNTM4M2QgIFRhYmxlOiAzNDE4NDA2YSAgREFDOiAwMDAwMDA1NQ0KWyAgIDQyLjgxNTUzOF0gUHJvY2VzcyB0cnltZSAocGlkOiA0NDAsIHN0YWNrIGxpbWl0ID0gMHhkMmNmY2Y0OSkNClsgICA0Mi44MjI2MjddIFN0YWNrOiAoMHhiNjM4N2YzMCB0byAweGI2Mzg4MDAwKQ0KWyAgIDQyLjgyODE5OF0gN2YyMDogICAgICAgICAgICAgICAgICAgICAgICAgICAgICAgICAgICAgYjYzODdmNGMgYjYzODdmNDAgODAxMmIzY2MgODA0YTE2NjQNClsgICA0Mi44Mzg3NDhdIDdmNDA6IGI2Mzg3ZjVjIGI2Mzg3ZjUwIDgwMTJiM2ZjIDgwMTJiMzNjIGI2Mzg3Zjk0IGI2Mzg3ZjYwIDgwMTM1MDcwIDgwMTJiM2VjDQpbICAgNDIuODQ5MjU5XSA3ZjYwOiAwMDAwMDAwMyBiNWIwOTIwMCAwMDAwMDAxMCAwMDAwMDAwMCAwMDAwMDAwMCAwMDAwMDAwMCAwMDAwMDBkMCA4MDEwMTFjNA0KWyAgIDQyLjg1OTc2MV0gN2Y4MDogYjYzODYwMDAgMDAwMDAwZDAgYjYzODdmYTQgYjYzODdmOTggODAxMzUxYjAgODAxMzRmYjAgMDAwMDAwMDAgYjYzODdmYTgNClsgICA0Mi44NzAyOTldIDdmYTA6IDgwMTAxMDAwIDgwMTM1MWE0IDAwMDAwMDAwIDAwMDAwMDAwIDAwMDAwMDAwIDAwMDAwMDAwIDAwMDAwMDAwIDAwMDAwMDAwDQpbICAgNDIuODgwOTY2XSA3ZmMwOiAwMDAwMDAwMCAwMDAwMDAwMCAwMDAwMDAwMCAwMDAwMDBkMCAwMDAwMDAwMCAwMDAwMDAwMCAwMDAwMDAwMCA3ZTliZGJjNA0KWyAgIDQyLjg5MTc2N10gN2ZlMDogNzZlMzY2OTQgN2U5YmRiODggMDAwMTA4OTQgMDAwMTA3MDQgMDAwMDAwMTAgMDAwMDAwMDAgMDAwMDAwMDAgMDAwMDAwMDANClsgICA0Mi45MDI2NzBdIFs8ODA0YTE2NmM+XSAoY2FwX2NhcGFibGUpIGZyb20gWzw4MDEyYjNjYz5dIChuc19jYXBhYmxlX2NvbW1vbisweDljLzB4YjApDQpbICAgNDIuOTEzNDgxXSBbPDgwMTJiM2NjPl0gKG5zX2NhcGFibGVfY29tbW9uKSBmcm9tIFs8ODAxMmIzZmM+XSAobnNfY2FwYWJsZSsweDFjLzB4MjApDQpbICAgNDIuOTI0MjgyXSBbPDgwMTJiM2ZjPl0gKG5zX2NhcGFibGUpIGZyb20gWzw4MDEzNTA3MD5dIChfX3N5c19zZXRyZXN1aWQrMHhjYy8weDFmNCkNClsgICA0Mi45MzUwNzRdIFs8ODAxMzUwNzA+XSAoX19zeXNfc2V0cmVzdWlkKSBmcm9tIFs8ODAxMzUxYjA+XSAoc3lzX3NldHJlc3VpZCsweDE4LzB4MWMpDQpbICAgNDIuOTQ2MTMyXSBbPDgwMTM1MWIwPl0gKHN5c19zZXRyZXN1aWQpIGZyb20gWzw4MDEwMTAwMD5dIChyZXRfZmFzdF9zeXNjYWxsKzB4MC8weDI4KQ0KWyAgIDQyLjk1NzIyNF0gRXhjZXB0aW9uIHN0YWNrKDB4YjYzODdmYTggdG8gMHhiNjM4N2ZmMCkNClsgICA0Mi45NjM4NjhdIDdmYTA6ICAgICAgICAgICAgICAgICAgIDAwMDAwMDAwIDAwMDAwMDAwIDAwMDAwMDAwIDAwMDAwMDAwIDAwMDAwMDAwIDAwMDAwMDAwDQpbICAgNDIuOTc1MTYwXSA3ZmMwOiAwMDAwMDAwMCAwMDAwMDAwMCAwMDAwMDAwMCAwMDAwMDBkMCAwMDAwMDAwMCAwMDAwMDAwMCAwMDAwMDAwMCA3ZTliZGJjNA0KWyAgIDQyLjk4NjQzNV0gN2ZlMDogNzZlMzY2OTQgN2U5YmRiODggMDAwMTA4OTQgMDAwMTA3MDQNClsgICA0Mi45OTMwMzhdIENvZGU6IGU5MmRkODAwIGUyNGNiMDA0IGU1MmRlMDA0IGU4YmQ0MDAwIChlNTkwMzA2OCkgDQoNDQoHTWVzc2FnZSBmcm9tIHN5WyAgIDQzLjAwMDc0NV0gLS0tWyBlbmQgdHJhY2UgMGYxMzVhMDI0Y2ZjNjU2ZSBdLS0tDQpzbG9nZEByYXNwYmVycnlwaSBhdCBTZXAgMjYgMDU6MjU6MDkgLi4uDQ0KIGtlcm5lbDpbICAgNDIuODE1NTM4XSBQcm9jZXNzIHRyeW1lIChwaWQ6IDQ0MCwgc3RhY2sgbGltaXQgPSAweGQyY2ZjZjQ5KQ0KDQ0NCgdNZXNzYWdlIGZyb20gc3lzbG9nZEByYXNwYmVycnlwaSBhdCBTZXAgMjYgMDU6MjU6MDkgLi4uDQ0KIGtlcm5lbDpbICAgNDIuODIyNjI3XSBTdGFjazogKDB4YjYzODdmMzAgdG8gMHhiNjM4ODAwMCkNCg0NDQoHTWVzc2FnZSBmcm9tIHN5c2xvZ2RAcmFzcGJlcnJ5cGkgYXQgU2VwIDI2IDA1OjI1OjA5IC4uLg0NCiBrZXJuZWw6WyAgIDQyLjgyODE5OF0gN2YyMDogICAgICAgICAgICAgICAgICAgICAgICAgICAgICAgICAgICAgYjYzODdmNGMgYjYzODdmNDAgODAxMmIzY2MgODA0YTE2NjQNCg0NDQoHTWVzc2FnZSBmcm9tIHN5c2xvZ2RAcmFzcGJlcnJ5cGkgYXQgU2VwIDI2IDA1OjI1OjA5IC4uLg0NCiBrZXJuZWw6WyAgIDQyLjgzODc0OF0gN2Y0MDogYjYzODdmNWMgYjYzODdmNTAgODAxMmIzZmMgODAxMmIzM2MgYjYzODdmOTQgYjYzODdmNjAgODAxMzUwNzAgODAxMmIzZWMNCg0NDQoHTWVzc2FnZSBmcm9tIHN5c2xvZ2RAcmFzcGJlcnJ5cGkgYXQgU2VwIDI2IDA1OjI1OjA5IC4uLg0NCiBrZXJuZWw6WyAgIDQyLjg0OTI1OV0gN2Y2MDogMDAwMDAwMDMgYjViMDkyMDAgMDAwMDAwMTAgMDAwMDAwMDAgMDAwMDAwMDAgMDAwMDAwMDAgMDAwMDAwZDAgODAxMDExYzQNCg0NDQoHTWVzc2FnZSBmcm9tIHN5c2xvZ2RAcmFzcGJlcnJ5cGkgYXQgU2VwIDI2IDA1OjI1OjA5IC4uLg0NCiBrZXJuZWw6WyAgIDQyLjg1OTc2MV0gN2Y4MDogYjYzODYwMDAgMDAwMDAwZDAgYjYzODdmYTQgYjYzODdmOTggODAxMzUxYjAgODAxMzRmYjAgMDAwMDAwMDAgYjYzODdmYTgNCg0NDQoHTWVzc2FnZSBmcm9tIHN5c2xvZ2RAcmFzcGJlcnJ5cGkgYXQgU2VwIDI2IDA1OjI1OjA5IC4uLg0NCiBrZXJuZWw6WyAgIDQyLjg3MDI5OV0gN2ZhMDogODAxMDEwMDAgODAxMzUxYTQgMDAwMDAwMDAgMDAwMDAwMDAgMDAwMDAwMDAgMDAwMDAwMDAgMDAwMDAwMDAgMDAwMDAwMDANCg0NDQoHTWVzc2FnZSBmcm9tIHN5c2xvZ2RAcmFzcGJlcnJ5cGkgYXQgU2VwIDI2IDA1OjI1OjA5IC4uLg0NCiBrZXJuZWw6WyAgIDQyLjg4MDk2Nl0gN2ZjMDogMDAwMDAwMDAgMDAwMDAwMDAgMDAwMDAwMDAgMDAwMDAwZDAgMDAwMDAwMDAgMDAwMDAwMDAgMDAwMDAwMDAgN2U5YmRiYzQNCg0NDQoHTWVzc2FnZSBmcm9tIHN5c2xvZ2RAcmFzcGJlcnJ5cGkgYXQgU2VwIDI2IDA1OjI1OjA5IC4uLg0NCiBr'
175,185,b'IC4vdHJ5bWUNCjYyNTAwMDANCnBpQHJhc3BiZXJyeXBpOn4kIA=='
175,173,b'Li90cnltZQ0KWyAgIDQyLjI1MTgwNl0gVW5hYmxlIHRvIGhhbmRsZSBrZXJuZWwgcGFnaW5nIHJlcXVlc3QgYXQgdmlydHVhbCBhZGRyZXNzIDIwNDgxMDAwDQpbICAgNDIuMjYwMDc1XSBwZ2QgPSA0NWRiYjY5Nw0KWyAgIDQyLjI2MzcxMV0gWzIwNDgxMDAwXSAqcGdkPTAwMDAwMDAwDQpbICAgNDIuMjY4MjMxXSBJbnRlcm5hbCBlcnJvcjogT29wczogNSBbIzFdIFNNUCBBUk0NClsgICA0Mi4yNzM3OTFdIE1vZHVsZXMgbGlua2VkIGluOiBibmVwIGhjaV91YXJ0IGJ0YmNtIHNlcmRldiBibHVldG9vdGggZWNkaF9nZW5lcmljIHNoYTI1Nl9nZW5lcmljIGNmZzgwMjExIHJma2lsbCA4MDIxcSBnYXJwIHN0cCBsbGMgc25kX2JjbTI4MzUoQykgc25kX3BjbSByYXNwYmVycnlwaV9od21vbiBiY20yODM1X2NvZGVjKEMpIGh3bW9uIGJjbTI4MzVfdjRsMihDKSBzbmRfdGltZXIgdjRsMl9tZW0ybWVtIHNuZCB2NGwyX2NvbW1vbiBiY20yODM1X21tYWxfdmNoaXEoQykgdmlkZW9idWYyX3ZtYWxsb2MgdmlkZW9idWYyX2RtYV9jb250aWcgdmlkZW9idWYyX21lbW9wcyB2aWRlb2J1ZjJfdjRsMiB2aWRlb2J1ZjJfY29tbW9uIHZpZGVvZGV2IG1lZGlhIHZjX3NtX2NtYShDKSBmaXhlZCB1aW9fcGRydl9nZW5pcnEgdWlvIGlwX3RhYmxlcyB4X3RhYmxlcyBpcHY2DQpbICAgNDIuMzE4OTE0XSBDUFU6IDMgUElEOiA0MzggQ29tbTogdHJ5bWUgVGFpbnRlZDogRyAgICAgICAgIEMgICAgICAgIDQuMTkuNzUtdjcrICMxMjcwDQpbICAgNDIuMzI5MTQ1XSBIYXJkd2FyZSBuYW1lOiBCQ00yODM1DQpbICAgNDIuMzMzNzcwXSBQQyBpcyBhdCBhYm9ydF9jcmVkcysweDE0LzB4NTQNClsgICA0Mi4zMzkxMTVdIExSIGlzIGF0IF9fc3lzX3NldHJlc3VpZCsweDE2OC8weDFmNA0KWyAgIDQyLjM0NDk2Nl0gcGMgOiBbPDgwMTQ1MmU4Pl0gICAgbHIgOiBbPDgwMTM1MTBjPl0gICAgcHNyOiA4MDAwMDAxMw0KWyAgIDQyLjM1MjUwNV0gc3AgOiBiNDRhM2Y1MCAgaXAgOiBiNDRhM2Y2MCAgZnAgOiBiNDRhM2Y1Yw0KWyAgIDQyLjM1ODk3NF0gcjEwOiAwMDAwMDAwMCAgcjkgOiAwMDAwMDAwMCAgcjggOiAwMDAwMDAwMA0KWyAgIDQyLjM2NTQ0NV0gcjcgOiAwMDAwMDAwMCAgcjYgOiA4MDEyYjMzYyAgcjUgOiBmZmZmZmZmZiAgcjQgOiAyMDQ4MTAwMA0KWyAgIDQyLjM3MzI1NV0gcjMgOiBiOTM2ODEwMCAgcjIgOiAwMDAwMDNlOCAgcjEgOiA4MGQwZDY0MCAgcjAgOiAyMDQ4MTAwMA0KWyAgIDQyLjM4MTAzN10gRmxhZ3M6IE56Y3YgIElSUXMgb24gIEZJUXMgb24gIE1vZGUgU1ZDXzMyICBJU0EgQVJNICBTZWdtZW50IHVzZXINClsgICA0Mi4zODk0MzNdIENvbnRyb2w6IDEwYzUzODNkICBUYWJsZTogMzQ0ZjQwNmEgIERBQzogMDAwMDAwNTUNClsgICA0Mi4zOTY0MDVdIFByb2Nlc3MgdHJ5bWUgKHBpZDogNDM4LCBzdGFjayBsaW1pdCA9IDB4NzAzM2I4MzEpDQpbICAgNDIuNDAzNDg4XSBTdGFjazogKDB4YjQ0YTNmNTAgdG8gMHhiNDRhNDAwMCkNClsgICA0Mi40MDkwNzFdIDNmNDA6ICAgICAgICAgICAgICAgICAgICAgICAgICAgICAgICAgICAgIGI0NGEzZjk0IGI0NGEzZjYwIDgwMTM1MTBjIDgwMTQ1MmUwDQpbICAgNDIuNDE5NjQ3XSAzZjYwOiAwMDAwMDAwMyBiOTM2ODEwMCAwMDAwMDAxMCAwMDAwMDAwMCAwMDAwMDAwMCAwMDAwMDAwMCAwMDAwMDBkMCA4MDEwMTFjNA0KWyAgIDQyLjQzMDE4NF0gM2Y4MDogYjQ0YTIwMDAgMDAwMDAwZDAgYjQ0YTNmYTQgYjQ0YTNmOTggODAxMzUxYjAgODAxMzRmYjAgMDAwMDAwMDAgYjQ0YTNmYTgNClsgICA0Mi40NDA3MTNdIDNmYTA6IDgwMTAxMDAwIDgwMTM1MWE0IDAwMDAwMDAwIDAwMDAwMDAwIDAwMDAwMDAwIDAwMDAwMDAwIDAwMDAwMDAwIDAwMDAwMDAwDQpbICAgNDIuNDUxMjc4XSAzZmMwOiAwMDAwMDAwMCAwMDAwMDAwMCAwMDAwMDAwMCAwMDAwMDBkMCAwMDAwMDAwMCAwMDAwMDAwMCAwMDAwMDAwMCA3ZWJkNmJjNA0KWyAgIDQyLjQ2MTk2OF0gM2ZlMDogNzZmMTQ2OTQgN2ViZDZiODggMDAwMTA4OTQgMDAwMTA3MDQgMDAwMDAwMTAgMDAwMDAwMDAgMDAwMDAwMDAgMDAwMDAwMDANClsgICA0Mi40NzI4MDJdIFs8ODAxNDUyZTg+XSAoYWJvcnRfY3JlZHMpIGZyb20gWzw4MDEzNTEwYz5dIChfX3N5c19zZXRyZXN1aWQrMHgxNjgvMHgxZjQpDQpbICAgNDIuNDgzNDY1XSBbPDgwMTM1MTBjPl0gKF9fc3lzX3NldHJlc3VpZCkgZnJvbSBbPDgwMTM1MWIwPl0gKHN5c19zZXRyZXN1aWQrMHgxOC8weDFjKQ0KWyAgIDQyLjQ5NDI3NF0gWzw4MDEzNTFiMD5dIChzeXNfc2V0cmVzdWlkKSBmcm9tIFs8ODAxMDEwMDA+XSAocmV0X2Zhc3Rfc3lzY2FsbCsweDAvMHgyOCkNClsgICA0Mi41MDUxNTJdIEV4Y2VwdGlvbiBzdGFjaygweGI0NGEzZmE4IHRvIDB4YjQ0YTNmZjApDQpbICAgNDIuNTExNzE1XSAzZmEwOiAgICAgICAgICAgICAgICAgICAwMDAwMDAwMCAwMDAwMDAwMCAwMDAwMDAwMCAwMDAwMDAwMCAwMDAwMDAwMCAwMDAwMDAwMA0KWyAgIDQyLjUyMjkwMV0gM2ZjMDogMDAwMDAwMDAgMDAwMDAwMDAgMDAwMDAwMDAgMDAwMDAwZDAgMDAwMDAwMDAgMDAwMDAwMDAgMDAwMDAwMDAgN2ViZDZiYzQNClsgICA0Mi41MzQxNDVdIDNmZTA6IDc2ZjE0Njk0IDdlYmQ2Yjg4IDAwMDEwODk0IDAwMDEwNzA0DQpbICAgNDIuNTQwNzMyXSBDb2RlOiBlOTJkZDgwMCBlMjRjYjAwNCBlNTJkZTAwNCBlOGJkNDAwMCAoZTU5MDIwMDApIA0KWyAgIDQyLjU0ODQyMl0gLS0tWyBlbmQgdHJhY2UgOTcyOWIwZmY2YjQ2MjRkNiBdLS0tDQoNDQoHTWVzc2FnZSBmcm9tIHN5c2xvZ2RAcmFzcGJlcnJ5cGkgYXQgU2VwIDI2IDA1OjI1OjA5IC4uLg0NCiBrZXJuZWw6WyAgIDQyLjI2ODIzMV0gSW50ZXJuYWwgZXJyb3I6IE9vcHM6IDUgWyMxXSBTTVAgQVJNDQoNDQ0KB01lc3NhZ2UgZnJvbSBzeXNsb2dkQHJhc3BiZXJyeXBpIGF0IFNlcCAyNiAwNToyNTowOSAuLi4NDQoga2VybmVsOlsgICA0Mi4zOTY0MDVdIFByb2Nlc3MgdHJ5bWUgKHBpZDogNDM4LCBzdGFjayBsaW1pdCA9IDB4NzAzM2I4MzEpDQoNDQ0KB01lc3NhZ2UgZnJvbSBzeXNsb2dkQHJhc3BiZXJyeXBpIGF0IFNlcCAyNiAwNToyNTowOSAuLi4NDQoga2VybmVsOlsgICA0Mi40MDM0ODhdIFN0YWNrOiAoMHhiNDRhM2Y1MCB0byAweGI0NGE0MDAwKQ0KDQ0NCgdNZXNzYWdlIGZyb20gc3lzbG9nZEByYXNwYmVycnlwaSBhdCBTZXAgMjYgMDU6MjU6MDkgLi4uDQ0KIGtlcm5lbDpbICAgNDIuNDA5MDcxXSAzZjQwOiAgICAgICAgICAgICAgICAgICAgICAgICAgICAgICAgICAgICBiNDRhM2Y5NCBiNDRhM2Y2MCA4MDEzNTEwYyA4MDE0NTJlMA0KDQ0NCgdNZXNzYWdlIGZyb20gc3lzbG9nZEByYXNwYmVycnlwaSBhdCBTZXAgMjYgMDU6MjU6MDkgLi4uDQ0KIGtlcm5lbDpbICAgNDIuNDE5NjQ3XSAzZjYwOiAwMDAwMDAwMyBiOTM2ODEwMCAwMDAwMDAxMCAwMDAwMDAwMCAwMDAwMDAwMCAwMDAwMDAwMCAwMDAwMDBkMCA4MDEwMTFjNA0KDQ0NCgdNZXNzYWdlIGZyb20gc3lzbG9nZEByYXNwYmVycnlwaSBhdCBTZXAgMjYgMDU6MjU6MDkgLi4uDQ0KIGtlcm5lbDpbICAgNDIuNDMwMTg0XSAzZjgwOiBiNDRhMjAwMCAwMDAwMDBkMCBiNDRhM2ZhNCBiNDRhM2Y5OCA4MDEzNTFiMCA4MDEzNGZiMCAwMDAwMDAwMCBiNDRhM2ZhOA0KDQ0NCgdNZXNzYWdlIGZyb20gc3lzbG9nZEByYXNwYmVycnlwaSBhdCBTZXAgMjYgMDU6MjU6MDkgLi4uDQ0KIGtlcm5lbDpbICAgNDIuNDQwNzEzXSAzZmEwOiA4MDEwMTAwMCA4MDEzNTFhNCAwMDAwMDAwMCAwMDAwMDAwMCAwMDAwMDAwMCAwMDAwMDAwMCAwMDAwMDAwMCAwMDAwMDAwMA0KDQ0NCgdNZXNzYWdlIGZyb20gc3lzbG9nZEByYXNwYmVycnlwaSBhdCBTZXAgMjYgMDU6MjU6MDkgLi4uDQ0KIGtlcm5lbDpbICAgNDIuNDUxMjc4XSAzZmMwOiAwMDAwMDAwMCAwMDAwMDAwMCAwMDAwMDAwMCAwMDAwMDBkMCAwMDAwMDAwMCAwMDAwMDAwMCAwMDAwMDAwMCA3ZWJkNmJjNA0KDQ0NCgdNZXNzYWdlIGZyb20gc3lzbG9nZEByYXNwYmVycnlwaSBhdCBTZXAgMjYgMDU6MjU6MDkgLi4uDQ0KIGtlcm5lbDpbICAgNDIuNDYxOTY4XSAzZmUwOiA3NmYxNDY5NCA3ZWJkNmI4OCAwMDAxMDg5NCAwMDAxMDcwNCAwMDAwMDAxMCAwMDAwMDAwMCAwMDAwMDAwMCAwMDAwMDAwMA0KDQ0NCgdNZXNzYWdlIGZyb20gc3lzbG9nZEByYXNwYmVycnlwaSBhdCBTZXAgMjYgMDU6MjU6MDkgLi4uDQ0KIGtlcm5lbDpbICAgNDIuNTQwNzMyXSBDb2RlOiBlOTJkZDgwMCBlMjRjYjAwNCBlNTJkZTAwNCBlOGJkNDAwMCAoZTU5MDIwMDApIA0KDQ=='
175,157,b'IC4vdHJ5bWUNCjYyNTAwMDANCnBpQHJhc3BiZXJyeXBpOn4kIA=='
175,151,b'Li90cnltZQ0KWyAgIDQyLjI2NDExMF0gQmFkIG1vZGUgaW4gcHJlZmV0Y2ggYWJvcnQgaGFuZGxlciBkZXRlY3RlZA0KWyAgIDQyLjI3MDMzOF0gSW50ZXJuYWwgZXJyb3I6IE9vcHMgLSBiYWQgbW9kZTogMCBbIzFdIFNNUCBBUk0NClsgICA0Mi4yNzY4NjVdIE1vZHVsZXMgbGlua2VkIGluOiBibmVwIGhjaV91YXJ0IGJ0YmNtIHNlcmRldiBibHVldG9vdGggZWNkaF9nZW5lcmljIHNoYTI1Nl9nZW5lcmljIGNmZzgwMjExIHJma2lsbCA4MDIxcSBnYXJwIHN0cCBsbGMgc25kX2JjbTI4MzUoQykgYmNtMjgzNV92NGwyKEMpIHJhc3BiZXJyeXBpX2h3bW9uIGh3bW9uIHNuZF9wY20gYmNtMjgzNV9jb2RlYyhDKSB2NGwyX21lbTJtZW0gYmNtMjgzNV9tbWFsX3ZjaGlxKEMpIHY0bDJfY29tbW9uIHZpZGVvYnVmMl9kbWFfY29udGlnIHNuZF90aW1lciB2aWRlb2J1ZjJfdm1hbGxvYyB2aWRlb2J1ZjJfbWVtb3BzIHZpZGVvYnVmMl92NGwyIHNuZCB2aWRlb2J1ZjJfY29tbW9uIHZpZGVvZGV2IG1lZGlhIHZjX3NtX2NtYShDKSB1aW9fcGRydl9nZW5pcnEgdWlvIGZpeGVkIGlwX3RhYmxlcyB4X3RhYmxlcyBpcHY2DQpbICAgNDIuMzIxOTA2XSBDUFU6IDEgUElEOiAwIENvbW06IHN3YXBwZXIvMSBUYWludGVkOiBHICAgICAgICAgQyAgICAgICAgNC4xOS43NS12NysgIzEyNzANClsgICA0Mi4zMzIyMzddIEhhcmR3YXJlIG5hbWU6IEJDTTI4MzUNClsgICA0Mi4zMzY4MjBdIFBDIGlzIGF0IDB4ZmZmZjEyNDANClsgICA0Mi4zNDExMzldIExSIGlzIGF0IGFyY2hfY3B1X2lkbGUrMHg0OC8weDRjDQpbICAgNDIuMzQ2NjE3XSBwYyA6IFs8ZmZmZjEyNDA+XSAgICBsciA6IFs8ODAxMDlhOWM+XSAgICBwc3I6IDYwMDAwMWQxDQpbICAgNDIuMzU0MTczXSBzcCA6IGI5ZDRkZjQwICBpcCA6IGI5ZDRkZjk4ICBmcCA6IGI5ZDRkZjk0DQpbICAgNDIuMzYwNjU1XSByMTA6IDAwMDAwMDAwICByOSA6IDQxMGZkMDM0ICByOCA6IDgwZDhlZDNlDQpbICAgNDIuMzY3MTIyXSByNyA6IDAwMDAwMDAyICByNiA6IDgwZDA0ZGI4ICByNSA6IGI5ZDRjMDAwICByNCA6IDgwZDA0ZDcwDQpbICAgNDIuMzc0OTEwXSByMyA6IDgwMTFiNjAwICByMiA6IGJhMzVlM2U4ICByMSA6IDAwMTE5ZmRjICByMCA6IDAwMDAwMDAwDQpbICAgNDIuMzgyNzAzXSBGbGFnczogblpDdiAgSVJRcyBvZmYgIEZJUXMgb2ZmICBNb2RlIEZJUV8zMiAgSVNBIEFSTSAgU2VnbWVudCBrZXJuZWwNClsgICA0Mi4zOTI2NDVdIENvbnRyb2w6IDEwYzUzODNkICBUYWJsZTogMzYxMTQwNmEgIERBQzogMDAwMDAwNTUNClsgICA0Mi4zOTk2NjRdIFByb2Nlc3Mgc3dhcHBlci8xIChwaWQ6IDAsIHN0YWNrIGxpbWl0ID0gMHg4OTc5NTc2NCkNClsgICA0Mi40MDY5NTJdIFN0YWNrOiAoMHhiOWQ0ZGY0MCB0byAweGI5ZDRlMDAwKQ0KWyAgIDQyLjQxMjUzOV0gZGY0MDogMDAwMDAwMDAgMDAxMTlmZGMgYmEzNWUzZTggODAxMWI2MDAgODBkMDRkNzAgYjlkNGMwMDAgODBkMDRkYjggMDAwMDAwMDINClsgICA0Mi40MjMxNDRdIGRmNjA6IDgwZDhlZDNlIDQxMGZkMDM0IDAwMDAwMDAwIGI5ZDRkZjk0IGI5ZDRkZjk4IGI5ZDRkZjQwIDgwMTA5YTljIGZmZmYxMjQwDQpbICAgNDIuNDMzNzQxXSBkZjgwOiA2MDAwMDFkMSBmZmZmZmZmZiBiOWQ0ZGZhNCBiOWQ0ZGY5OCA4MDgzNmMxYyA4MDEwOWE2MCBiOWQ0ZGZjYyBiOWQ0ZGZhOA0KWyAgIDQyLjQ0NDM0OF0gZGZhMDogODAxNTI2ZDggODA4MzZiZjQgODBjOGMyNGMgMDAwMDAwODcgMDAwMDAwMDEgMTBjMDM4N2QgODBkOWQ5MzggMDAwMDQwNmENClsgICA0Mi40NTUwMzJdIGRmYzA6IGI5ZDRkZmRjIGI5ZDRkZmQwIDgwMTUyYTI4IDgwMTUyNWY4IGI5ZDRkZmY0IGI5ZDRkZmUwIDgwMTBmZGU4IDgwMTUyYTBjDQpbICAgNDIuNDY1ODg2XSBkZmUwOiAzOWQzODA2YSAwMDAwMDA1NSAwMDAwMDAwMCBiOWQ0ZGZmOCAwMDEwMjcwYyA4MDEwZmNjMCAwMDAwMDAwMCAwMDAwMDAwMA0KWyAgIDQyLjQ3Njg1OF0gWzw4MDEwOWE5Yz5dIChhcmNoX2NwdV9pZGxlKSBmcm9tIFs8ODA4MzZjMWM+XSAoZGVmYXVsdF9pZGxlX2NhbGwrMHgzNC8weDQ4KQ0KWyAgIDQyLjQ4Nzg2MF0gWzw4MDgzNmMxYz5dIChkZWZhdWx0X2lkbGVfY2FsbCkgZnJvbSBbPDgwMTUyNmQ4Pl0gKGRvX2lkbGUrMHhlYy8weDE3YykNClsgICA0Mi40OTg1MTldIFs8ODAxNTI2ZDg+XSAoZG9faWRsZSkgZnJvbSBbPDgwMTUyYTI4Pl0gKGNwdV9zdGFydHVwX2VudHJ5KzB4MjgvMHgyYykNClsgICA0Mi41MDkxMzJdIFs8ODAxNTJhMjg+XSAoY3B1X3N0YXJ0dXBfZW50cnkpIGZyb20gWzw4MDEwZmRlOD5dIChzZWNvbmRhcnlfc3RhcnRfa2VybmVsKzB4MTM0LzB4MTQwKQ0KWyAgIDQyLjUyMTMzOV0gWzw4MDEwZmRlOD5dIChzZWNvbmRhcnlfc3RhcnRfa2VybmVsKSBmcm9tIFs8MDAxMDI3MGM+XSAoMHgxMDI3MGMpDQpbICAgNDIuNTMwMjI3XSBDb2RlOiBlMzIwZjAwMCBlMzIwZjAwMCBlMzIwZjAwMCBlMzIwZjAwMCAoZTFhMGMwMGQpIA0KWyAgIDQyLjUzNzk1MF0gLS0tWyBlbmQgdHJhY2UgODZhMzAxMjBmNzQ5NWVkZSBdLS0tDQpbICAgNDIuNTQ0MTM3XSBLZXJuZWwgcGFuaWMgLSBub3Qgc3luY2luZzogQXR0ZW1wdGVkIHRvIGtpbGwgdGhlIGlkbGUgdGFzayENClsgICA0Mi41NTI0NTNdIENQVTM6IHN0b3BwaW5nDQpbICAgNDIuNTU2NjU5XSBDUFU6IDMgUElEOiAwIENvbW06IHN3YXBwZXIvMyBUYWludGVkOiBHICAgICAgRCAgQyAgICAgICAgNC4xOS43NS12NysgIzEyNzANClsgICA0Mi41Njc2NjFdIEhhcmR3YXJlIG5hbWU6IEJDTTI4MzUNClsgICA0Mi41NzI1MDVdIFs8ODAxMTFmY2M+XSAodW53aW5kX2JhY2t0cmFjZSkgZnJvbSBbPDgwMTBkNTQ0Pl0gKHNob3dfc3RhY2srMHgyMC8weDI0KQ0KWyAgIDQyLjU4MzE0NV0gWzw4MDEwZDU0ND5dIChzaG93X3N0YWNrKSBmcm9tIFs8ODA4MTliYzA+XSAoZHVtcF9zdGFjaysweGQ0LzB4MTE4KQ0KWyAgIDQyLjU5MTk5M10gWzw4MDgxOWJjMD5dIChkdW1wX3N0YWNrKSBmcm9tIFs8ODAxMTAzZTQ+XSAoaGFuZGxlX0lQSSsweDM4OC8weDNhOCkNClsgICA0Mi42MDIyMThdIFs8ODAxMTAzZTQ+XSAoaGFuZGxlX0lQSSkgZnJvbSBbPDgwMTAyMWY0Pl0gKGJjbTI4MzZfYXJtX2lycWNoaXBfaGFuZGxlX2lycSsweGEwLzB4YTQpDQpbICAgNDIuNjE0MDQxXSBbPDgwMTAyMWY0Pl0gKGJjbTI4MzZfYXJtX2lycWNoaXBfaGFuZGxlX2lycSkgZnJvbSBbPDgwMTAxOWJjPl0gKF9faXJxX3N2YysweDVjLzB4N2MpDQpbICAgNDIuNjI1NzcwXSBFeGNlcHRpb24gc3RhY2soMHhiOWQ1MWYzOCB0byAweGI5ZDUxZjgwKQ0KWyAgIDQyLjYzMjI0MV0gMWYyMDogICAgICAgICAgICAgICAgICAgICAgICAgICAgICAgICAgICAgICAgICAgICAgICAgICAgICAgODAxMDlhODQgMDAwMDAwMDANClsgICA0Mi42NDMxMjNdIDFmNDA6IDQwMDAwMDkzIDQwMDAwMDkzIDgwZDA0ZDcwIGI5ZDUwMDAwIDgwZDA0ZGI4IDAwMDAwMDA4IDgwZDhlZDNlIDQxMGZkMDM0DQpbICAgNDIuNjUzOTY3XSAxZjYwOiAwMDAwMDAwMCBiOWQ1MWY5NCA4MGQwNTE3YyBiOWQ1MWY4OCAwMDAwMDAwMCA4MDEwOWE4OCA0MDAwMDAxMyBmZmZmZmZmZg0KWyAgIDQyLjY2NDg3M10gWzw4MDEwMTliYz5dIChfX2lycV9zdmMpIGZyb20gWzw4MDEwOWE4OD5dIChhcmNoX2NwdV9pZGxlKzB4MzQvMHg0YykNClsgICA0Mi42NzUwNDNdIFs8ODAxMDlhODg+XSAoYXJjaF9jcHVfaWRsZSkgZnJvbSBbPDgwODM2YzFjPl0gKGRlZmF1bHRfaWRsZV9jYWxsKzB4MzQvMHg0OCkNClsgICA0Mi42ODYwMjFdIFs8ODA4MzZjMWM+XSAoZGVmYXVsdF9pZGxlX2NhbGwpIGZyb20gWzw4MDE1MjZkOD5dIChkb19pZGxlKzB4ZWMvMHgxN2MpDQpbICAgNDIuNzAwMjc5XSBbPDgwMTUyNmQ4Pl0gKGRvX2lkbGUpIGZyb20gWzw4MDE1MmEyOD5dIChjcHVfc3RhcnR1cF9lbnRyeSsweDI4LzB4MmMpDQpbICAgNDIuNzE0NTIwXSBbPDgwMTUyYTI4Pl0gKGNwdV9zdGE='
175,138,b'IC4vdHJ5bWUNCjYyNTAwMDANCnBpQHJhc3BiZXJyeXBpOn4kIA=='
175,168,b'Li90cnltZQ0KWyAgIDQyLjEyNDE4M10gVW5hYmxlIHRvIGhhbmRsZSBrZXJuZWwgcGFnaW5nIHJlcXVlc3QgYXQgdmlydHVhbCBhZGRyZXNzIDAwNTA1NGM4DQpbICAgNDIuMTMyNTQ3XSBwZ2QgPSBjZGVhZDM1NA0KWyAgIDQyLjEzNjE2MF0gWzAwNTA1NGM4XSAqcGdkPTAwMDAwMDAwDQpbICAgNDIuMTQwNjQzXSBJbnRlcm5hbCBlcnJvcjogT29wczogNSBbIzFdIFNNUCBBUk0NClsgICA0Mi4xNDYxOTddIE1vZHVsZXMgbGlua2VkIGluOiBibmVwIGhjaV91YXJ0IGJ0YmNtIHNlcmRldiBibHVldG9vdGggZWNkaF9nZW5lcmljIHNoYTI1Nl9nZW5lcmljIGNmZzgwMjExIHJma2lsbCA4MDIxcSBnYXJwIHN0cCBsbGMgcmFzcGJlcnJ5cGlfaHdtb24gaHdtb24gc25kX2JjbTI4MzUoQykgc25kX3BjbSBiY20yODM1X2NvZGVjKEMpIHNuZF90aW1lciB2NGwyX21lbTJtZW0gYmNtMjgzNV92NGwyKEMpIGJjbTI4MzVfbW1hbF92Y2hpcShDKSBzbmQgdjRsMl9jb21tb24gdmlkZW9idWYyX2RtYV9jb250aWcgdmlkZW9idWYyX3ZtYWxsb2MgdmlkZW9idWYyX21lbW9wcyB2aWRlb2J1ZjJfdjRsMiB2aWRlb2J1ZjJfY29tbW9uIHZpZGVvZGV2IHZjX3NtX2NtYShDKSBtZWRpYSBmaXhlZCB1aW9fcGRydl9nZW5pcnEgdWlvIGlwX3RhYmxlcyB4X3RhYmxlcyBpcHY2DQpbICAgNDIuMTkxMzE3XSBDUFU6IDAgUElEOiA0NDEgQ29tbTogdHJ5bWUgVGFpbnRlZDogRyAgICAgICAgIEMgICAgICAgIDQuMTkuNzUtdjcrICMxMjcwDQpbICAgNDIuMjAxNTQ0XSBIYXJkd2FyZSBuYW1lOiBCQ00yODM1DQpbICAgNDIuMjA2MTY4XSBQQyBpcyBhdCBjYXBfY2FwYWJsZSsweDJjLzB4OGMNClsgICA0Mi4yMTE1MDddIExSIGlzIGF0ICAgKG51bGwpDQpbICAgNDIuMjE1NjU4XSBwYyA6IFs8ODA0YTE2ODQ+XSAgICBsciA6IFs8MDAwMDAwMDA+XSAgICBwc3I6IGEwMDAwMDEzDQpbICAgNDIuMjIzMTg5XSBzcCA6IGI0MDNkZjMwICBpcCA6IGI0MDNkZjQwICBmcCA6IGI0MDNkZjNjDQpbICAgNDIuMjI5NjQ4XSByMTA6IDAwMDAwMDAwICByOSA6IDAwMDAwMDAwICByOCA6IDAwMDAwMDAwDQpbICAgNDIuMjM2MTA4XSByNyA6IDAwMDAwMDAwICByNiA6IDAwMDAwMDAwICByNSA6IDAwMDAwMDAwICByNCA6IGI1YTI0MDgwDQpbICAgNDIuMjQzODkxXSByMyA6IDAwNTA1NDAwICByMiA6IDAwMDAwMDA3ICByMSA6IDgwZDBkNjQwICByMCA6IGI1YTI0MDAwDQpbICAgNDIuMjUxNjQxXSBGbGFnczogTnpDdiAgSVJRcyBvbiAgRklRcyBvbiAgTW9kZSBTVkNfMzIgIElTQSBBUk0gIFNlZ21lbnQgdXNlcg0KWyAgIDQyLjI2MDAwM10gQ29udHJvbDogMTBjNTM4M2QgIFRhYmxlOiAzNDEwNDA2YSAgREFDOiAwMDAwMDA1NQ0KWyAgIDQyLjI2NjkzOV0gUHJvY2VzcyB0cnltZSAocGlkOiA0NDEsIHN0YWNrIGxpbWl0ID0gMHgwMGIyNmNmMykNClsgICA0Mi4yNzM5ODVdIFN0YWNrOiAoMHhiNDAzZGYzMCB0byAweGI0MDNlMDAwKQ0KWyAgIDQyLjI3OTUzMV0gZGYyMDogICAgICAgICAgICAgICAgICAgICAgICAgICAgICAgICAgICAgYjQwM2RmNGMgYjQwM2RmNDAgODAxMmIzY2MgODA0YTE2NjQNClsgICA0Mi4yOTAwMzNdIGRmNDA6IGI0MDNkZjVjIGI0MDNkZjUwIDgwMTJiM2ZjIDgwMTJiMzNjIGI0MDNkZjk0IGI0MDNkZjYwIDgwMTM1MDcwIDgwMTJiM2VjDQpbICAgNDIuMzAwNDk4XSBkZjYwOiAwMDAwMDAwMyBiNWEyNDAwMCAwMDAwMDAxMCAwMDAwMDAwMCAwMDAwMDAwMCAwMDAwMDAwMCAwMDAwMDBkMCA4MDEwMTFjNA0KWyAgIDQyLjMxMDk1Nl0gZGY4MDogYjQwM2MwMDAgMDAwMDAwZDAgYjQwM2RmYTQgYjQwM2RmOTggODAxMzUxYjAgODAxMzRmYjAgMDAwMDAwMDAgYjQwM2RmYTgNClsgICA0Mi4zMjE0NTFdIGRmYTA6IDgwMTAxMDAwIDgwMTM1MWE0IDAwMDAwMDAwIDAwMDAwMDAwIDAwMDAwMDAwIDAwMDAwMDAwIDAwMDAwMDAwIDAwMDAwMDAwDQpbICAgNDIuMzMyMDc0XSBkZmMwOiAwMDAwMDAwMCAwMDAwMDAwMCAwMDAwMDAwMCAwMDAwMDBkMCAwMDAwMDAwMCAwMDAwMDAwMCAwMDAwMDAwMCA3ZWUyZWJjNA0KWyAgIDQyLjM0Mjg0N10gZGZlMDogNzZlOGQ2OTQgN2VlMmViODggMDAwMTA4OTQgMDAwMTA3MDQgMDAwMDAwMTAgMDAwMDAwMDAgMDAwMDAwMDAgMDAwMDAwMDANClsgICA0Mi4zNTM3MjVdIFs8ODA0YTE2ODQ+XSAoY2FwX2NhcGFibGUpIGZyb20gWzw4MDEyYjNjYz5dIChuc19jYXBhYmxlX2NvbW1vbisweDljLzB4YjApDQpbICAgNDIuMzY0NTE0XSBbPDgwMTJiM2NjPl0gKG5zX2NhcGFibGVfY29tbW9uKSBmcm9tIFs8ODAxMmIzZmM+XSAobnNfY2FwYWJsZSsweDFjLzB4MjApDQpbICAgNDIuMzc1Mjk2XSBbPDgwMTJiM2ZjPl0gKG5zX2NhcGFibGUpIGZyb20gWzw4MDEzNTA3MD5dIChfX3N5c19zZXRyZXN1aWQrMHhjYy8weDFmNCkNClsgICA0Mi4zODYwNjldIFs8ODAxMzUwNzA+XSAoX19zeXNfc2V0cmVzdWlkKSBmcm9tIFs8ODAxMzUxYjA+XSAoc3lzX3NldHJlc3VpZCsweDE4LzB4MWMpDQpbICAgNDIuMzk3MTA5XSBbPDgwMTM1MWIwPl0gKHN5c19zZXRyZXN1aWQpIGZyb20gWzw4MDEwMTAwMD5dIChyZXRfZmFzdF9zeXNjYWxsKzB4MC8weDI4KQ0KWyAgIDQyLjQwODE4MF0gRXhjZXB0aW9uIHN0YWNrKDB4YjQwM2RmYTggdG8gMHhiNDAzZGZmMCkNClsgICA0Mi40MTQ4MTZdIGRmYTA6ICAgICAgICAgICAgICAgICAgIDAwMDAwMDAwIDAwMDAwMDAwIDAwMDAwMDAwIDAwMDAwMDAwIDAwMDAwMDAwIDAwMDAwMDAwDQpbICAgNDIuNDI2MDg2XSBkZmMwOiAwMDAwMDAwMCAwMDAwMDAwMCAwMDAwMDAwMCAwMDAwMDBkMCAwMDAwMDAwMCAwMDAwMDAwMCAwMDAwMDAwMCA3ZWUyZWJjNA0KWyAgIDQyLjQzNzM0Ml0gZGZlMDogNzZlOGQ2OTQgN2VlMmViODggMDAwMTA4OTQgMDAwMTA3MDQNClsgICA0Mi40NDM5MzRdIENvZGU6IGUxYTAxMDBjIGUxNTEwMDAzIDBhMDAwMDBkIGU1OTFlMGM4IChlNTkzYzBjOCkgDQpbICAgNDIuNDUxNjg3XSAtLS1bIGVuZCB0cmFjZSA4MzEzMDc4Y2RjZjM4MDc3IF0tLS0NCg0NCgdNZXNzYWdlIGZyb20gc3lzbG9nZEByYXNwYmVycnlwaSBhdCBTZXAgMjYgMDU6MjU6MDkgLi4uDQ0KIGtlcm5lbDpbICAgNDIuMTQwNjQzXSBJbnRlcm5hbCBlcnJvcjogT29wczogNSBbIzFdIFNNUCBBUk0NCg0NDQoHTWVzc2FnZSBmcm9tIHN5c2xvZ2RAcmFzcGJlcnJ5cGkgYXQgU2VwIDI2IDA1OjI1OjA5IC4uLg0NCiBrZXJuZWw6WyAgIDQyLjI2NjkzOV0gUHJvY2VzcyB0cnltZSAocGlkOiA0NDEsIHN0YWNrIGxpbWl0ID0gMHgwMGIyNmNmMykNCg0NDQoHTWVzc2FnZSBmcm9tIHN5c2xvZ2RAcmFzcGJlcnJ5cGkgYXQgU2VwIDI2IDA1OjI1OjA5IC4uLg0NCiBrZXJuZWw6WyAgIDQyLjI3Mzk4NV0gU3RhY2s6ICgweGI0MDNkZjMwIHRvIDB4YjQwM2UwMDApDQoNDQ0KB01lc3NhZ2UgZnJvbSBzeXNsb2dkQHJhc3BiZXJyeXBpIGF0IFNlcCAyNiAwNToyNTowOSAuLi4NDQoga2VybmVsOlsgICA0Mi4yNzk1MzFdIGRmMjA6ICAgICAgICAgICAgICAgICAgICAgICAgICAgICAgICAgICAgIGI0MDNkZjRjIGI0MDNkZjQwIDgwMTJiM2NjIDgwNGExNjY0DQoNDQ0KB01lc3NhZ2UgZnJvbSBzeXNsb2dkQHJhc3BiZXJyeXBpIGF0IFNlcCAyNiAwNToyNTowOSAuLi4NDQoga2VybmVsOlsgICA0Mi4yOTAwMzNdIGRmNDA6IGI0MDNkZjVjIGI0MDNkZjUwIDgwMTJiM2ZjIDgwMTJiMzNjIGI0MDNkZjk0IGI0MDNkZjYwIDgwMTM1MDcwIDgwMTJiM2VjDQoNDQ0KB01lc3NhZ2UgZnJvbSBzeXNsb2dkQHJhc3BiZXJyeXBpIGF0IFNlcCAyNiAwNToyNTowOSAuLi4NDQoga2VybmVsOlsgICA0Mi4zMDA0OThdIGRmNjA6IDAwMDAwMDAzIGI1YTI0MDAwIDAwMDAwMDEwIDAwMDAwMDAwIDAwMDAwMDAwIDAwMDAwMDAwIDAwMDAwMGQwIDgwMTAxMWM0DQoNDQ0KB01lc3NhZ2UgZnJvbSBzeXNsb2dkQHJhc3BiZXJyeXBpIGF0IFNlcCAyNiAwNToyNTowOSAuLi4NDQoga2VybmVsOlsgICA0Mi4zMTA5NTZdIGRmODA6IGI0MDNjMDAwIDAwMDAwMGQwIGI0MDNkZmE0IGI0MDNkZjk4IDgwMTM1MWIwIDgwMTM0ZmIwIDAwMDAwMDAwIGI0MDNkZmE4DQoNDQ0KB01lc3NhZ2UgZnJvbSBzeXNsb2dkQHJhc3BiZXJyeXBpIGF0IFNlcCAyNiAwNToyNTowOSAuLi4NDQoga2VybmVsOlsgICA0Mi4zMjE0NTFdIGRmYTA6IDgwMTAxMDAwIDgwMTM1MWE0IDAwMDAwMDAwIDAwMDAwMDAwIDAwMDAwMDAwIDAwMDAwMDAwIDAwMDAwMDAwIDAwMDAwMDAwDQoNDQ0KB01lc3NhZ2UgZnJvbSBzeXNsb2dkQHJhc3BiZXJyeXBpIGF0IFNlcCAyNiAwNToyNTowOSAuLi4NDQoga2VybmVsOlsgICA0Mi4zMzIwNzRdIGRmYzA6IDAwMDAwMDAwIDAwMDAwMDAwIDAwMDAwMDAwIDAwMDAwMGQwIDAwMDAwMDAwIDAwMDAwMDAwIDAwMDAwMDAwIDdlZTJlYmM0DQoNDQ0KB01lc3NhZ2UgZnJvbSBzeXNsb2dkQHJhc3BiZXJyeXBpIGF0IFNlcCAyNiAwNToyNTowOSAuLi4NDQoga2VybmVsOlsgICA0Mi4zNDI4NDddIGRm'
175,167,b'IC4vdHJ5bWUNCjYyNTAwMDANCnBpQHJhc3BiZXJyeXBpOn4kIA=='
175,149,b'Li90cnltZQ0KNjI1MDAwMA0KcGlAcmFzcGJlcnJ5cGk6fiQg'
175,165,b'Li90cnltZQ0KNjI1MDAwMA0KcGlAcmFzcGJlcnJ5cGk6fiQg'
175,136,b'Li90cnltZQ0KNjI1MDAwMA0KcGlAcmFzcGJlcnJ5cGk6fiQg'
175,166,b'Li90cnltZQ0KNjI1MDAwMA0KcGlAcmFzcGJlcnJ5cGk6fiQg'
175,170,b'Li90cnltZQ0K'
175,162,b'IC4vdHJ5bWUNCjYyNTAwMDANCnBpQHJhc3BiZXJyeXBpOn4kIA=='
175,145,b'Li90cnltZQ0KNjI1MDAwMA0KcGlAcmFzcGJlcnJ5cGk6fiQg'
175,158,b'Li90cnltZQ0KNjI1MDAwMA0KcGlAcmFzcGJlcnJ5cGk6fiQg'
175,138,b'Li90cnltZQ0KWyAgIDQzLjE5NDEzM10gVW5hYmxlIHRvIGhhbmRsZSBrZXJuZWwgcGFnaW5nIHJlcXVlc3QgYXQgdmlydHVhbCBhZGRyZXNzIDU3NTU1NjI3DQpbICAgNDMuMjAyNDk0XSBwZ2QgPSA1ZjYwMTQ2NQ0KWyAgIDQzLjIwNjEwOF0gWzU3NTU1NjI3XSAqcGdkPTAwMDAwMDAwDQpbICAgNDMuMjEwNTkzXSBJbnRlcm5hbCBlcnJvcjogT29wczogNSBbIzFdIFNNUCBBUk0NClsgICA0My4yMTYxNDhdIE1vZHVsZXMgbGlua2VkIGluOiBibmVwIGhjaV91YXJ0IGJ0YmNtIHNlcmRldiBibHVldG9vdGggZWNkaF9nZW5lcmljIHNoYTI1Nl9nZW5lcmljIGNmZzgwMjExIHJma2lsbCA4MDIxcSBnYXJwIHN0cCBsbGMgcmFzcGJlcnJ5cGlfaHdtb24gaHdtb24gYmNtMjgzNV9jb2RlYyhDKSBiY20yODM1X3Y0bDIoQykgdjRsMl9tZW0ybWVtIHNuZF9iY20yODM1KEMpIGJjbTI4MzVfbW1hbF92Y2hpcShDKSBzbmRfcGNtIHZpZGVvYnVmMl9kbWFfY29udGlnIHY0bDJfY29tbW9uIHZpZGVvYnVmMl92bWFsbG9jIHZpZGVvYnVmMl9tZW1vcHMgdmlkZW9idWYyX3Y0bDIgc25kX3RpbWVyIHZpZGVvYnVmMl9jb21tb24gc25kIHZpZGVvZGV2IG1lZGlhIHZjX3NtX2NtYShDKSBmaXhlZCB1aW9fcGRydl9nZW5pcnEgdWlvIGlwX3RhYmxlcyB4X3RhYmxlcyBpcHY2DQpbICAgNDMuMjYxMjY4XSBDUFU6IDAgUElEOiA0NDAgQ29tbTogdHJ5bWUgVGFpbnRlZDogRyAgICAgICAgIEMgICAgICAgIDQuMTkuNzUtdjcrICMxMjcwDQpbICAgNDMuMjcxNTAzXSBIYXJkd2FyZSBuYW1lOiBCQ00yODM1DQpbICAgNDMuMjc2MTMwXSBQQyBpcyBhdCBjYXBfY2FwYWJsZSsweDJjLzB4OGMNClsgICA0My4yODE0NzJdIExSIGlzIGF0ICAgKG51bGwpDQpbICAgNDMuMjg1NjI4XSBwYyA6IFs8ODA0YTE2ODQ+XSAgICBsciA6IFs8MDAwMDAwMDA+XSAgICBwc3I6IDMwMDAwMDEzDQpbICAgNDMuMjkzMTYxXSBzcCA6IGI0MDY1ZjMwICBpcCA6IGI0MDY1ZjQwICBmcCA6IGI0MDY1ZjNjDQpbICAgNDMuMjk5NjI0XSByMTA6IDAwMDAwMDAwICByOSA6IDAwMDAwMDAwICByOCA6IDAwMDAwMDAwDQpbICAgNDMuMzA2MDg3XSByNyA6IDAwMDAwMDAwICByNiA6IDAwMDAwMDAwICByNSA6IDAwMDAwMDAwICByNCA6IGI0MDMwMTAwDQpbICAgNDMuMzEzODc3XSByMyA6IDU3NTU1NTVmICByMiA6IDAwMDAwMDA3ICByMSA6IDgwZDBkNjQwICByMCA6IGIwMDMwMDgwDQpbICAgNDMuMzIxNjM1XSBGbGFnczogbnpDViAgSVJRcyBvbiAgRklRcyBvbiAgTW9kZSBTVkNfMzIgIElTQSBBUk0gIFNlZ21lbnQgdXNlcg0KWyAgIDQzLjMzMDAwOF0gQ29udHJvbDogMTBjNTM4M2QgIFRhYmxlOiAzNDBlNDA2YSAgREFDOiAwMDAwMDA1NQ0KWyAgIDQzLjMzNjk1NV0gUHJvY2VzcyB0cnltZSAocGlkOiA0NDAsIHN0YWNrIGxpbWl0ID0gMHg5NTg3ZDFlMSkNClsgICA0My4zNDQwMTNdIFN0YWNrOiAoMHhiNDA2NWYzMCB0byAweGI0MDY2MDAwKQ0KWyAgIDQzLjM0OTU2OV0gNWYyMDogICAgICAgICAgICAgICAgICAgICAgICAgICAgICAgICAgICAgYjQwNjVmNGMgYjQwNjVmNDAgODAxMmIzY2MgODA0YTE2NjQNClsgICA0My4zNjAwOTZdIDVmNDA6IGI0MDY1ZjVjIGI0MDY1ZjUwIDgwMTJiM2ZjIDgwMTJiMzNjIGI0MDY1Zjk0IGI0MDY1ZjYwIDgwMTM1MDcwIDgwMTJiM2VjDQpbICAgNDMuMzcwNTgyXSA1ZjYwOiAwMDAwMDAwMyBiNDAzMDA4MCAwMDAwMDAxMCAwMDAwMDAwMCAwMDAwMDAwMCAwMDAwMDAwMCAwMDAwMDBkMCA4MDEwMTFjNA0KWyAgIDQzLjM4MTA1OV0gNWY4MDogYjQwNjQwMDAgMDAwMDAwZDAgYjQwNjVmYTQgYjQwNjVmOTggODAxMzUxYjAgODAxMzRmYjAgMDAwMDAwMDAgYjQwNjVmYTgNClsgICA0My4zOTE1NzBdIDVmYTA6IDgwMTAxMDAwIDgwMTM1MWE0IDAwMDAwMDAwIDAwMDAwMDAwIDAwMDAwMDAwIDAwMDAwMDAwIDAwMDAwMDAwIDAwMDAwMDAwDQpbICAgNDMuNDAyMjEyXSA1ZmMwOiAwMDAwMDAwMCAwMDAwMDAwMCAwMDAwMDAwMCAwMDAwMDBkMCAwMDAwMDAwMCAwMDAwMDAwMCAwMDAwMDAwMCA3ZThjMWJjNA0KWyAgIDQzLjQxMzAwMl0gNWZlMDogNzZlN2U2OTQgN2U4YzFiODggMDAwMTA4OTQgMDAwMTA3MDQgMDAwMDAwMTAgMDAwMDAwMDAgMDAwMDAwMDAgMDAwMDAwMDANClsgICA0My40MjM5MDJdIFs8ODA0YTE2ODQ+XSAoY2FwX2NhcGFibGUpIGZyb20gWzw4MDEyYjNjYz5dIChuc19jYXBhYmxlX2NvbW1vbisweDljLzB4YjApDQpbICAgNDMuNDM0NzAyXSBbPDgwMTJiM2NjPl0gKG5zX2NhcGFibGVfY29tbW9uKSBmcm9tIFs8ODAxMmIzZmM+XSAobnNfY2FwYWJsZSsweDFjLzB4MjApDQpbICAgNDMuNDQ1NDg3XSBbPDgwMTJiM2ZjPl0gKG5zX2NhcGFibGUpIGZyb20gWzw4MDEzNTA3MD5dIChfX3N5c19zZXRyZXN1aWQrMHhjYy8weDFmNCkNClsgICA0My40NTYyNjFdIFs8ODAxMzUwNzA+XSAoX19zeXNfc2V0cmVzdWlkKSBmcm9tIFs8ODAxMzUxYjA+XSAoc3lzX3NldHJlc3VpZCsweDE4LzB4MWMpDQpbICAgNDMuNDY3MzAyXSBbPDgwMTM1MWIwPl0gKHN5c19zZXRyZXN1aWQpIGZyb20gWzw4MDEwMTAwMD5dIChyZXRfZmFzdF9zeXNjYWxsKzB4MC8weDI4KQ0KWyAgIDQzLjQ3ODM4MF0gRXhjZXB0aW9uIHN0YWNrKDB4YjQwNjVmYTggdG8gMHhiNDA2NWZmMCkNClsgICA0My40ODcwMTVdIDVmYTA6ICAgICAgICAgICAgICAgICAgIDAwMDAwMDAwIDAwMDAwMDAwIDAwMDAwMDAwIDAwMDAwMDAwIDAwMDAwMDAwIDAwMDAwMDAwDQpbICAgNDMuNTAyMjA1XSA1ZmMwOiAwMDAwMDAwMCAwMDAwMDAwMCAwMDAwMDAwMCAwMDAwMDBkMCAwMDAwMDAwMCAwMDAwMDAwMCAwMDAwMDAwMCA3ZThjMWJjNA0KWyAgIDQzLjUxNzM1NV0gNWZlMDogNzZlN2U2OTQgN2U4YzFiODggMDAwMTA4OTQgMDAwMTA3MDQNClsgICA0My41MjU4ODddIENvZGU6IGUxYTAxMDBjIGUxNTEwMDAzIDBhMDAwMDBkIGU1OTFlMGM4IChlNTkzYzBjOCkgDQpbICAgNDMuNTM1NjEzXSAtLS1bIGVuZCB0cmFjZSBkYzU1OGVlNTc3MWVjMGQ4IF0tLS0NCg0NCgdNZXNzYWdlIGZyb20gc3lzbG9nZEByYXNwYmVycnlwaSBhdCBTZXAgMjYgMDU6MjU6MTAgLi4uDQ0KIGtlcm5lbDpbICAgNDMuMjEwNTkzXSBJbnRlcm5hbCBlcnJvcjogT29wczogNSBbIzFdIFNNUCBBUk0NCg0NDQoHTWVzc2FnZSBmcm9tIHN5c2xvZ2RAcmFzcGJlcnJ5cGkgYXQgU2VwIDI2IDA1OjI1OjEwIC4uLg0NCiBrZXJuZWw6WyAgIDQzLjMzNjk1NV0gUHJvY2VzcyB0cnltZSAocGlkOiA0NDAsIHN0YWNrIGxpbWl0ID0gMHg5NTg3ZDFlMSkNCg0NDQoHTWVzc2FnZSBmcm9tIHN5c2xvZ2RAcmFzcGJlcnJ5cGkgYXQgU2VwIDI2IDA1OjI1OjEwIC4uLg0NCiBrZXJuZWw6WyAgIDQzLjM0NDAxM10gU3RhY2s6ICgweGI0MDY1ZjMwIHRvIDB4YjQwNjYwMDApDQoNDQ0KB01lc3NhZ2UgZnJvbSBzeXNsb2dkQHJhc3BiZXJyeXBpIGF0IFNlcCAyNiAwNToyNToxMCAuLi4NDQoga2VybmVsOlsgICA0My4zNDk1NjldIDVmMjA6ICAgICAgICAgICAgICAgICAgICAgICAgICAgICAgICAgICAgIGI0MDY1ZjRjIGI0MDY1ZjQwIDgwMTJiM2NjIDgwNGExNjY0DQoNDQ0KB01lc3NhZ2UgZnJvbSBzeXNsb2dkQHJhc3BiZXJyeXBpIGF0IFNlcCAyNiAwNToyNToxMCAuLi4NDQoga2VybmVsOlsgICA0My4zNjAwOTZdIDVmNDA6IGI0MDY1ZjVjIGI0MDY1ZjUwIDgwMTJiM2ZjIDgwMTJiMzNjIGI0MDY1Zjk0IGI0MDY1ZjYwIDgwMTM1MDcwIDgwMTJiM2VjDQoNDQ0KB01lc3NhZ2UgZnJvbSBzeXNsb2dkQHJhc3BiZXJyeXBpIGF0IFNlcCAyNiAwNToyNToxMCAuLi4NDQoga2VybmVsOlsgICA0My4zNzA1ODJdIDVmNjA6IDAwMDAwMDAzIGI0MDMwMDgwIDAwMDAwMDEwIDAwMDAwMDAwIDAwMDAwMDAwIDAwMDAwMDAwIDAwMDAwMGQwIDgwMTAxMWM0DQoNDQ0KB01lc3NhZ2UgZnJvbSBzeXNsb2dkQHJhc3BiZXJyeXBpIGF0IFNlcCAyNiAwNToyNToxMCAuLi4NDQoga2VybmVsOlsgICA0My4zODEwNTldIDVmODA6IGI0MDY0MDAwIDAwMDAwMGQwIGI0MDY1ZmE0IGI0MDY1Zjk4IDgwMTM1MWIwIDgwMTM0'
175,166,b'IC4vdHJ5bWUNCjYyNTAwMDANCnBpQHJhc3BiZXJyeXBpOn4kIA=='
175,169,b'Li90cnltZQ0KWyAgIDQyLjIxNDIyOF0gVW5hYmxlIHRvIGhhbmRsZSBrZXJuZWwgTlVMTCBwb2ludGVyIGRlcmVmZXJlbmNlIGF0IHZpcnR1YWwgYWRkcmVzcyAwMDAwMDBjOA0KWyAgIDQyLjIyNDMyN10gcGdkID0gODM4ZTg5NDcNClsgICA0Mi4yMjc5MjRdIFswMDAwMDBjOF0gKnBnZD0zNDA1MTgzNSwgKnB0ZT0wMDAwMDAwMCwgKnBwdGU9MDAwMDAwMDANClsgICA0Mi4yMzUyMzVdIEludGVybmFsIGVycm9yOiBPb3BzOiAxNyBbIzFdIFNNUCBBUk0NClsgICA0Mi4yNDA5MjJdIE1vZHVsZXMgbGlua2VkIGluOiBibmVwIGhjaV91YXJ0IGJ0YmNtIHNlcmRldiBibHVldG9vdGggZWNkaF9nZW5lcmljIHNoYTI1Nl9nZW5lcmljIGNmZzgwMjExIHJma2lsbCA4MDIxcSBnYXJwIHN0cCBsbGMgcmFzcGJlcnJ5cGlfaHdtb24gaHdtb24gYmNtMjgzNV9jb2RlYyhDKSBiY20yODM1X3Y0bDIoQykgc25kX2JjbTI4MzUoQykgdjRsMl9tZW0ybWVtIGJjbTI4MzVfbW1hbF92Y2hpcShDKSB2NGwyX2NvbW1vbiB2aWRlb2J1ZjJfZG1hX2NvbnRpZyBzbmRfcGNtIHZpZGVvYnVmMl92bWFsbG9jIHZpZGVvYnVmMl9tZW1vcHMgdmlkZW9idWYyX3Y0bDIgc25kX3RpbWVyIHZpZGVvYnVmMl9jb21tb24gc25kIHZpZGVvZGV2IG1lZGlhIHZjX3NtX2NtYShDKSBmaXhlZCB1aW9fcGRydl9nZW5pcnEgdWlvIGlwX3RhYmxlcyB4X3RhYmxlcyBpcHY2DQpbICAgNDIuMjg2MzQzXSBDUFU6IDAgUElEOiA0MzggQ29tbTogdHJ5bWUgVGFpbnRlZDogRyAgICAgICAgIEMgICAgICAgIDQuMTkuNzUtdjcrICMxMjcwDQpbICAgNDIuMjk2NjkwXSBIYXJkd2FyZSBuYW1lOiBCQ00yODM1DQpbICAgNDIuMzAxMzc4XSBQQyBpcyBhdCBjYXBfY2FwYWJsZSsweDI4LzB4OGMNClsgICA0Mi4zMDY3NDRdIExSIGlzIGF0ICAgKG51bGwpDQpbICAgNDIuMzEwOTI1XSBwYyA6IFs8ODA0YTE2ODA+XSAgICBsciA6IFs8MDAwMDAwMDA+XSAgICBwc3I6IDAwMDAwMDEzDQpbICAgNDIuMzE4NDg2XSBzcCA6IGI0MGIxZjMwICBpcCA6IDAwMDAwMDAwICBmcCA6IGI0MGIxZjNjDQpbICAgNDIuMzI0OTk1XSByMTA6IDAwMDAwMDAwICByOSA6IDAwMDAwMDAwICByOCA6IDAwMDAwMDAwDQpbICAgNDIuMzMxNDk3XSByNyA6IDAwMDAwMDAwICByNiA6IDAwMDAwMDAwICByNSA6IDAwMDAwMDAwICByNCA6IGI2MjNhMTgwDQpbICAgNDIuMzM5Mjk4XSByMyA6IGFhYWIyYWJlICByMiA6IDAwMDAwMDA3ICByMSA6IDAwMDAwMDAwICByMCA6IDk2MjFhMTAwDQpbICAgNDIuMzQ3MDUzXSBGbGFnczogbnpjdiAgSVJRcyBvbiAgRklRcyBvbiAgTW9kZSBTVkNfMzIgIElTQSBBUk0gIFNlZ21lbnQgdXNlcg0KWyAgIDQyLjM1NTQyMV0gQ29udHJvbDogMTBjNTM4M2QgIFRhYmxlOiAzNDAwYzA2YSAgREFDOiAwMDAwMDA1NQ0KWyAgIDQyLjM2MjQwMl0gUHJvY2VzcyB0cnltZSAocGlkOiA0MzgsIHN0YWNrIGxpbWl0ID0gMHg5YTFkMzdhZikNClsgICA0Mi4zNjk0NjddIFN0YWNrOiAoMHhiNDBiMWYzMCB0byAweGI0MGIyMDAwKQ0KWyAgIDQyLjM3NTAxM10gMWYyMDogICAgICAgICAgICAgICAgICAgICAgICAgICAgICAgICAgICAgYjQwYjFmNGMgYjQwYjFmNDAgODAxMmIzY2MgODA0YTE2NjQNClsgICA0Mi4zODU1MTddIDFmNDA6IGI0MGIxZjVjIGI0MGIxZjUwIDgwMTJiM2ZjIDgwMTJiMzNjIGI0MGIxZjk0IGI0MGIxZjYwIDgwMTM1MDcwIDgwMTJiM2VjDQpbICAgNDIuMzk1OTgwXSAxZjYwOiAwMDAwMDAwMyBiNjIzYTEwMCAwMDAwMDAxMCAwMDAwMDAwMCAwMDAwMDAwMCAwMDAwMDAwMCAwMDAwMDBkMCA4MDEwMTFjNA0KWyAgIDQyLjQwNjQzM10gMWY4MDogYjQwYjAwMDAgMDAwMDAwZDAgYjQwYjFmYTQgYjQwYjFmOTggODAxMzUxYjAgODAxMzRmYjAgMDAwMDAwMDAgYjQwYjFmYTgNClsgICA0Mi40MTY5MjZdIDFmYTA6IDgwMTAxMDAwIDgwMTM1MWE0IDAwMDAwMDAwIDAwMDAwMDAwIDAwMDAwMDAwIDAwMDAwMDAwIDAwMDAwMDAwIDAwMDAwMDAwDQpbICAgNDIuNDI3NTQzXSAxZmMwOiAwMDAwMDAwMCAwMDAwMDAwMCAwMDAwMDAwMCAwMDAwMDBkMCAwMDAwMDAwMCAwMDAwMDAwMCAwMDAwMDAwMCA3ZWQ2ZWJjNA0KWyAgIDQyLjQzODMwOV0gMWZlMDogNzZlY2Q2OTQgN2VkNmViODggMDAwMTA4OTQgMDAwMTA3MDQgMDAwMDAwMTAgMDAwMDAwMDAgMDAwMDAwMDAgMDAwMDAwMDANClsgICA0Mi40NDkxODhdIFs8ODA0YTE2ODA+XSAoY2FwX2NhcGFibGUpIGZyb20gWzw4MDEyYjNjYz5dIChuc19jYXBhYmxlX2NvbW1vbisweDljLzB4YjApDQpbICAgNDIuNDU5OTg1XSBbPDgwMTJiM2NjPl0gKG5zX2NhcGFibGVfY29tbW9uKSBmcm9tIFs8ODAxMmIzZmM+XSAobnNfY2FwYWJsZSsweDFjLzB4MjApDQpbICAgNDIuNDcwNzcyXSBbPDgwMTJiM2ZjPl0gKG5zX2NhcGFibGUpIGZyb20gWzw4MDEzNTA3MD5dIChfX3N5c19zZXRyZXN1aWQrMHhjYy8weDFmNCkNClsgICA0Mi40ODE1NDhdIFs8ODAxMzUwNzA+XSAoX19zeXNfc2V0cmVzdWlkKSBmcm9tIFs8ODAxMzUxYjA+XSAoc3lzX3NldHJlc3VpZCsweDE4LzB4MWMpDQpbICAgNDIuNDkyNTg5XSBbPDgwMTM1MWIwPl0gKHN5c19zZXRyZXN1aWQpIGZyb20gWzw4MDEwMTAwMD5dIChyZXRfZmFzdF9zeXNjYWxsKzB4MC8weDI4KQ0KWyAgIDQyLjUwMzY2M10gRXhjZXB0aW9uIHN0YWNrKDB4YjQwYjFmYTggdG8gMHhiNDBiMWZmMCkNClsgICA0Mi41MTAzMDBdIDFmYTA6ICAgICAgICAgICAgICAgICAgIDAwMDAwMDAwIDAwMDAwMDAwIDAwMDAwMDAwIDAwMDAwMDAwIDAwMDAwMDAwIDAwMDAwMDAwDQpbICAgNDIuNTIxNTc0XSAxZmMwOiAwMDAwMDAwMCAwMDAwMDAwMCAwMDAwMDAwMCAwMDAwMDBkMCAwMDAwMDAwMCAwMDAwMDAwMCAwMDAwMDAwMCA3ZWQ2ZWJjNA0KWyAgIDQyLjUzMjgzM10gMWZlMDogNzZlY2Q2OTQgN2VkNmViODggMDAwMTA4OTQgMDAwMTA3MDQNClsgICA0Mi41Mzk0MjddIENvZGU6IGVhMDAwMDAwIGUxYTAxMDBjIGUxNTEwMDAzIDBhMDAwMDBkIChlNTkxZTBjOCkgDQpbICAgNDIuNTQ3MjA4XSAtLS1bIGVuZCB0cmFjZSBmZjBkYTZkYWZlZTQyYmEwIF0tLS0NCg0NCgdNZXNzYWdlIGZyb20gc3lzbG9nZEByYXNwYmVycnlwaSBhdCBTZXAgMjYgMDU6MjU6MDggLi4uDQ0KIGtlcm5lbDpbICAgNDIuMjM1MjM1XSBJbnRlcm5hbCBlcnJvcjogT29wczogMTcgWyMxXSBTTVAgQVJNDQoNDQ0KB01lc3NhZ2UgZnJvbSBzeXNsb2dkQHJhc3BiZXJyeXBpIGF0IFNlcCAyNiAwNToyNTowOSAuLi4NDQoga2VybmVsOlsgICA0Mi4zNjI0MDJdIFByb2Nlc3MgdHJ5bWUgKHBpZDogNDM4LCBzdGFjayBsaW1pdCA9IDB4OWExZDM3YWYpDQoNDQ0KB01lc3NhZ2UgZnJvbSBzeXNsb2dkQHJhc3BiZXJyeXBpIGF0IFNlcCAyNiAwNToyNTowOSAuLi4NDQoga2VybmVsOlsgICA0Mi4zNjk0NjddIFN0YWNrOiAoMHhiNDBiMWYzMCB0byAweGI0MGIyMDAwKQ0KDQ0NCgdNZXNzYWdlIGZyb20gc3lzbG9nZEByYXNwYmVycnlwaSBhdCBTZXAgMjYgMDU6MjU6MDkgLi4uDQ0KIGtlcm5lbDpbICAgNDIuMzc1MDEzXSAxZjIwOiAgICAgICAgICAgICAgICAgICAgICAgICAgICAgICAgICAgICBiNDBiMWY0YyBiNDBiMWY0MCA4MDEyYjNjYyA4MDRhMTY2NA0KDQ0NCgdNZXNzYWdlIGZyb20gc3lzbG9nZEByYXNwYmVycnlwaSBhdCBTZXAgMjYgMDU6MjU6MDkgLi4uDQ0KIGtlcm5lbDpbICAgNDIuMzg1NTE3XSAxZjQwOiBiNDBiMWY1YyBiNDBiMWY1MCA4MDEyYjNmYyA4MDEyYjMzYyBiNDBiMWY5NCBiNDBiMWY2MCA4MDEzNTA3MCA4MDEyYjNlYw0KDQ0NCgdNZXNzYWdlIGZyb20gc3lzbG9nZEByYXNwYmVycnlwaSBhdCBTZXAgMjYgMDU6MjU6MDkgLi4uDQ0KIGtlcm5lbDpbICAgNDIuMzk1OTgwXSAxZjYwOiAwMDAwMDAwMyBiNjIzYTEwMCAwMDAwMDAxMCAwMDAwMDAwMCAwMDAwMDAwMCAwMDAwMDAwMCAwMDAwMDBkMCA4MDEwMTFjNA0KDQ0NCgdNZXNzYWdlIGZyb20gc3lzbG9nZEByYXNwYmVycnlwaSBhdCBTZXAgMjYgMDU6MjU6MDkgLi4uDQ0KIGtlcm5lbDpbICAgNDIuNDA2NDMzXSAxZjgwOiBiNDBiMDAwMCAwMDAwMDBkMCBiNDBiMWZhNCBiNDBiMWY5OCA4MDEzNTFiMCA4MDEzNGZiMCAwMDAwMDAwMCBiNDBiMWZhOA0KDQ0NCgdNZXNzYWdlIGZyb20gc3lzbG9nZEByYXNwYmVycnlwaSBhdCBTZXAgMjYgMDU6MjU6MDkgLi4uDQ0KIGtlcm5lbDpbICAgNDIuNDE2OTI2XSAxZmEwOiA4MDEwMTAwMCA4MDEzNTFhNCAwMDAwMDAwMCAwMDAwMDAwMCAwMDAwMDAwMCAwMDAwMDAwMCAwMDAwMDAwMCAwMDAwMDAwMA0KDQ0NCgdNZXNzYWdlIGZyb20gc3lzbG9nZEByYXNwYmVycnlwaSBhdCBTZXAgMjYgMDU6MjU6MDkgLi4uDQ0KIGtlcm5lbDpbICAgNDIuNDI3NTQzXSAxZmMwOiAwMDAwMDAwMCAwMDAwMDAwMCAwMDAwMDAwMCAwMDAwMDBkMCAwMDAwMDAwMCAwMDAwMDAwMCAwMDAwMDAwMCA3ZWQ2ZWJjNA0KDQ0NCgdNZXNzYWdlIGZyb20gc3lzbG9nZEByYXNwYmVycnlwaSBhdCBTZXAg'
175,137,b'IC4vdHJ5bWUNCjYyNTAwMDANCnBpQHJhc3BiZXJyeXBpOn4kIA=='
175,138,b'Li90cnltZQ0KWyAgIDQyLjIyNDExOV0gLS0tLS0tLS0tLS0tWyBjdXQgaGVyZSBdLS0tLS0tLS0tLS0tDQpbICAgNDIuMjI5NzAyXSBrZXJuZWwgQlVHIGF0IGtlcm5lbC9jcmVkLmM6NTIyIQ0KWyAgIDQyLjIzNDg3N10gSW50ZXJuYWwgZXJyb3I6IE9vcHMgLSBCVUc6IDAgWyMxXSBTTVAgQVJNDQpbICAgNDIuMjQwOTM4XSBNb2R1bGVzIGxpbmtlZCBpbjogYm5lcCBoY2lfdWFydCBidGJjbSBzZXJkZXYgYmx1ZXRvb3RoIGVjZGhfZ2VuZXJpYyBzaGEyNTZfZ2VuZXJpYyBjZmc4MDIxMSByZmtpbGwgODAyMXEgZ2FycCBzdHAgbGxjIGJjbTI4MzVfY29kZWMoQykgYmNtMjgzNV92NGwyKEMpIHY0bDJfbWVtMm1lbSB2NGwyX2NvbW1vbiBiY20yODM1X21tYWxfdmNoaXEoQykgdmlkZW9idWYyX2RtYV9jb250aWcgdmlkZW9idWYyX3ZtYWxsb2MgdmlkZW9idWYyX21lbW9wcyBzbmRfYmNtMjgzNShDKSB2aWRlb2J1ZjJfdjRsMiByYXNwYmVycnlwaV9od21vbiBod21vbiB2aWRlb2J1ZjJfY29tbW9uIHNuZF9wY20gc25kX3RpbWVyIHZpZGVvZGV2IHNuZCBtZWRpYSB2Y19zbV9jbWEoQykgZml4ZWQgdWlvX3BkcnZfZ2VuaXJxIHVpbyBpcF90YWJsZXMgeF90YWJsZXMgaXB2Ng0KWyAgIDQyLjI4NTkyMF0gQ1BVOiAwIFBJRDogNDM4IENvbW06IHRyeW1lIFRhaW50ZWQ6IEcgICAgICAgICBDICAgICAgICA0LjE5Ljc1LXY3KyAjMTI3MA0KWyAgIDQyLjI5NjA3OV0gSGFyZHdhcmUgbmFtZTogQkNNMjgzNQ0KWyAgIDQyLjMwMDY2NF0gUEMgaXMgYXQgYWJvcnRfY3JlZHMrMHg1MC8weDU0DQpbICAgNDIuMzA1OTcyXSBMUiBpcyBhdCBfX3N5c19zZXRyZXN1aWQrMHgxNjgvMHgxZjQNClsgICA0Mi4zMTE4MjFdIHBjIDogWzw4MDE0NTMyND5dICAgIGxyIDogWzw4MDEzNTEwYz5dICAgIHBzcjogYTAwMDAwMTMNClsgICA0Mi4zMTkzNTddIHNwIDogYjQwZjNmNTAgIGlwIDogYjQwZjNmNjAgIGZwIDogYjQwZjNmNWMNClsgICA0Mi4zMjU4MjBdIHIxMDogMDAwMDAwMDAgIHI5IDogMDAwMDAwMDAgIHI4IDogMDAwMDAwMDANClsgICA0Mi4zMzIyNjZdIHI3IDogMDAwMDAwMDAgIHI2IDogODAxMmIzM2MgIHI1IDogZmZmZmZmZmYgIHI0IDogYjQwZjNmNTANClsgICA0Mi4zNDAwNTFdIHIzIDogYjU4MmIwODAgIHIyIDogYjQwZjNmOTQgIHIxIDogODBkMGQ2NDAgIHIwIDogYjQwZjNmNTANClsgICA0Mi4zNDc4MzddIEZsYWdzOiBOekN2ICBJUlFzIG9uICBGSVFzIG9uICBNb2RlIFNWQ18zMiAgSVNBIEFSTSAgU2VnbWVudCB1c2VyDQpbICAgNDIuMzU2MjQ4XSBDb250cm9sOiAxMGM1MzgzZCAgVGFibGU6IDM0MGFjMDZhICBEQUM6IDAwMDAwMDU1DQpbICAgNDIuMzYzMjM1XSBQcm9jZXNzIHRyeW1lIChwaWQ6IDQzOCwgc3RhY2sgbGltaXQgPSAweDVjZDhiNTMyKQ0KWyAgIDQyLjM3MDMyM10gU3RhY2s6ICgweGI0MGYzZjUwIHRvIDB4YjQwZjQwMDApDQpbICAgNDIuMzc1OTA0XSAzZjQwOiAgICAgICAgICAgICAgICAgICAgICAgICAgICAgICAgICAgICBiNDBmM2Y5NCBiNDBmM2Y2MCA4MDEzNTEwYyA4MDE0NTJlMA0KWyAgIDQyLjM4NjQ3M10gM2Y2MDogMDAwMDAwMDMgYjU4MmIwODAgMDAwMDAwMTAgMDAwMDAwMDAgMDAwMDAwMDAgMDAwMDAwMDAgMDAwMDAwZDAgODAxMDExYzQNClsgICA0Mi4zOTcwMTBdIDNmODA6IGI0MGYyMDAwIDAwMDAwMGQwIGI0MGYzZmE0IGI0MGYzZjk4IDgwMTM1MWIwIDgwMTM0ZmIwIDAwMDAwMDAwIGI0MGYzZmE4DQpbICAgNDIuNDA3NTQ2XSAzZmEwOiA4MDEwMTAwMCA4MDEzNTFhNCAwMDAwMDAwMCAwMDAwMDAwMCAwMDAwMDAwMCAwMDAwMDAwMCAwMDAwMDAwMCAwMDAwMDAwMA0KWyAgIDQyLjQxODExOF0gM2ZjMDogMDAwMDAwMDAgMDAwMDAwMDAgMDAwMDAwMDAgMDAwMDAwZDAgMDAwMDAwMDAgMDAwMDAwMDAgMDAwMDAwMDAgN2U5MGNiYzQNClsgICA0Mi40Mjg4MTRdIDNmZTA6IDc2ZTk5Njk0IDdlOTBjYjg4IDAwMDEwODk0IDAwMDEwNzA0IDAwMDAwMDEwIDAwMDAwMDAwIDAwMDAwMDAwIDAwMDAwMDAwDQpbICAgNDIuNDM5NjUzXSBbPDgwMTQ1MzI0Pl0gKGFib3J0X2NyZWRzKSBmcm9tIFs8ODAxMzUxMGM+XSAoX19zeXNfc2V0cmVzdWlkKzB4MTY4LzB4MWY0KQ0KWyAgIDQyLjQ1MDMyMF0gWzw4MDEzNTEwYz5dIChfX3N5c19zZXRyZXN1aWQpIGZyb20gWzw4MDEzNTFiMD5dIChzeXNfc2V0cmVzdWlkKzB4MTgvMHgxYykNClsgICA0Mi40NjExMzNdIFs8ODAxMzUxYjA+XSAoc3lzX3NldHJlc3VpZCkgZnJvbSBbPDgwMTAxMDAwPl0gKHJldF9mYXN0X3N5c2NhbGwrMHgwLzB4MjgpDQpbICAgNDIuNDcyMDEyXSBFeGNlcHRpb24gc3RhY2soMHhiNDBmM2ZhOCB0byAweGI0MGYzZmYwKQ0KWyAgIDQyLjQ3ODU3NV0gM2ZhMDogICAgICAgICAgICAgICAgICAgMDAwMDAwMDAgMDAwMDAwMDAgMDAwMDAwMDAgMDAwMDAwMDAgMDAwMDAwMDAgMDAwMDAwMDANClsgICA0Mi40ODk3NTldIDNmYzA6IDAwMDAwMDAwIDAwMDAwMDAwIDAwMDAwMDAwIDAwMDAwMGQwIDAwMDAwMDAwIDAwMDAwMDAwIDAwMDAwMDAwIDdlOTBjYmM0DQpbICAgNDIuNTAxMDAzXSAzZmUwOiA3NmU5OTY5NCA3ZTkwY2I4OCAwMDAxMDg5NCAwMDAxMDcwNA0KWyAgIDQyLjUwNzU4OF0gQ29kZTogZTM1MjAwMDAgMTg5ZGE4MDAgZWJmZmZlY2UgZTg5ZGE4MDAgKGU3ZjAwMWYyKSANClsgICA0Mi41MTUyMjBdIC0tLVsgZW5kIHRyYWNlIDc3NTUwNzE2YjkzZTU4NzUgXS0tLQ0KDQ0KB01lc3NhZ2UgZnJvbSBzeXNsb2dkQHJhc3BiZXJyeXBpIGF0IFNlcCAyNiAwNToyNTowOSAuLi4NDQoga2VybmVsOlsgICA0Mi4yMzQ4NzddIEludGVybmFsIGVycm9yOiBPb3BzIC0gQlVHOiAwIFsjMV0gU01QIEFSTQ0KDQ0NCgdNZXNzYWdlIGZyb20gc3lzbG9nZEByYXNwYmVycnlwaSBhdCBTZXAgMjYgMDU6MjU6MDkgLi4uDQ0KIGtlcm5lbDpbICAgNDIuMzYzMjM1XSBQcm9jZXNzIHRyeW1lIChwaWQ6IDQzOCwgc3RhY2sgbGltaXQgPSAweDVjZDhiNTMyKQ0KDQ0NCgdNZXNzYWdlIGZyb20gc3lzbG9nZEByYXNwYmVycnlwaSBhdCBTZXAgMjYgMDU6MjU6MDkgLi4uDQ0KIGtlcm5lbDpbICAgNDIuMzcwMzIzXSBTdGFjazogKDB4YjQwZjNmNTAgdG8gMHhiNDBmNDAwMCkNCg0NDQoHTWVzc2FnZSBmcm9tIHN5c2xvZ2RAcmFzcGJlcnJ5cGkgYXQgU2VwIDI2IDA1OjI1OjA5IC4uLg0NCiBrZXJuZWw6WyAgIDQyLjM3NTkwNF0gM2Y0MDogICAgICAgICAgICAgICAgICAgICAgICAgICAgICAgICAgICAgYjQwZjNmOTQgYjQwZjNmNjAgODAxMzUxMGMgODAxNDUyZTANCg0NDQoHTWVzc2FnZSBmcm9tIHN5c2xvZ2RAcmFzcGJlcnJ5cGkgYXQgU2VwIDI2IDA1OjI1OjA5IC4uLg0NCiBrZXJuZWw6WyAgIDQyLjM4NjQ3M10gM2Y2MDogMDAwMDAwMDMgYjU4MmIwODAgMDAwMDAwMTAgMDAwMDAwMDAgMDAwMDAwMDAgMDAwMDAwMDAgMDAwMDAwZDAgODAxMDExYzQNCg0NDQoHTWVzc2FnZSBmcm9tIHN5c2xvZ2RAcmFzcGJlcnJ5cGkgYXQgU2VwIDI2IDA1OjI1OjA5IC4uLg0NCiBrZXJuZWw6WyAgIDQyLjM5NzAxMF0gM2Y4MDogYjQwZjIwMDAgMDAwMDAwZDAgYjQwZjNmYTQgYjQwZjNmOTggODAxMzUxYjAgODAxMzRmYjAgMDAwMDAwMDAgYjQwZjNmYTgNCg0NDQoHTWVzc2FnZSBmcm9tIHN5c2xvZ2RAcmFzcGJlcnJ5cGkgYXQgU2VwIDI2IDA1OjI1OjA5IC4uLg0NCiBrZXJuZWw6WyAgIDQyLjQwNzU0Nl0gM2ZhMDogODAxMDEwMDAgODAxMzUxYTQgMDAwMDAwMDAgMDAwMDAwMDAgMDAwMDAwMDAgMDAwMDAwMDAgMDAwMDAwMDAgMDAwMDAwMDANCg0NDQoHTWVzc2FnZSBmcm9tIHN5c2xvZ2RAcmFzcGJlcnJ5cGkgYXQgU2VwIDI2IDA1OjI1OjA5IC4uLg0NCiBrZXJuZWw6WyAgIDQyLjQxODExOF0gM2ZjMDogMDAwMDAwMDAgMDAwMDAwMDAgMDAwMDAwMDAgMDAwMDAwZDAgMDAwMDAwMDAgMDAwMDAwMDAgMDAwMDAwMDAgN2U5MGNiYzQNCg0NDQoHTWVzc2FnZSBmcm9tIHN5c2xvZ2RAcmFzcGJlcnJ5cGkgYXQgU2VwIDI2IDA1OjI1OjA5IC4uLg0NCiBrZXJuZWw6WyAgIDQyLjQyODgxNF0gM2ZlMDogNzZlOTk2OTQgN2U5MGNiODggMDAwMTA4OTQgMDAwMTA3MDQgMDAwMDAwMTAgMDAwMDAwMDAgMDAwMDAwMDAgMDAwMDAwMDANCg0NDQoHTWVzc2FnZSBmcm9tIHN5c2xvZ2RAcmFzcGJlcnJ5cGkgYXQgU2VwIDI2IDA1OjI1OjA5IC4uLg0NCiBrZXJuZWw6WyAgIDQyLjUwNzU4OF0gQ29kZTogZTM1MjAwMDAgMTg5ZGE4MDAgZWJmZmZlY2UgZTg5ZGE4MDAgKGU3ZjAwMWYyKSANCg1TZWdtZW50YXRpb24gZmF1bHQNCnBpQHJhc3BiZXJyeXBpOn4kIA=='
175,162,b'Li90cnltZQ0KNjI1MDAwMA0KcGlAcmFzcGJlcnJ5cGk6fiQg'
175,175,b'Li90cnltZQ0KNjI1MDAwMA0KcGlAcmFzcGJlcnJ5cGk6fiQg'
175,172,b'Li90cnltZQ0KNjI1MDAwMA0KcGlAcmFzcGJlcnJ5cGk6fiQg'
175,145,b'Li90cnltZQ0KNjI1MDAwMA0KcGlAcmFzcGJlcnJ5cGk6fiQg'
175,179,b'Li90cnltZQ0KNjI1MDAwMA0KcGlAcmFzcGJlcnJ5cGk6fiQg'
175,170,b'Li90cnltZQ0K'
175,141,b'IC4vdHJ5bWUNCjYyNTAwMDANCnBpQHJhc3BiZXJyeXBpOn4kIA=='
175,157,b'Li90cnltZQ0KWyAgIDQyLjIyNDE1OV0gVW5hYmxlIHRvIGhhbmRsZSBrZXJuZWwgcGFnaW5nIHJlcXVlc3QgYXQgdmlydHVhbCBhZGRyZXNzIDU1NWY1NjFmDQpbICAgNDIuMjMyNTI2XSBwZ2QgPSBiM2ZlMjMyOA0KWyAgIDQyLjIzNjE0Ml0gWzU1NWY1NjFmXSAqcGdkPTAwMDAwMDAwDQpbICAgNDIuMjQwNjI5XSBJbnRlcm5hbCBlcnJvcjogT29wczogNSBbIzFdIFNNUCBBUk0NClsgICA0Mi4yNDYxODZdIE1vZHVsZXMgbGlua2VkIGluOiBibmVwIGhjaV91YXJ0IGJ0YmNtIHNlcmRldiBibHVldG9vdGggZWNkaF9nZW5lcmljIHNoYTI1Nl9nZW5lcmljIGNmZzgwMjExIHJma2lsbCA4MDIxcSBnYXJwIHN0cCBsbGMgcmFzcGJlcnJ5cGlfaHdtb24gaHdtb24gc25kX2JjbTI4MzUoQykgc25kX3BjbSBzbmRfdGltZXIgYmNtMjgzNV9jb2RlYyhDKSBiY20yODM1X3Y0bDIoQykgc25kIHY0bDJfbWVtMm1lbSB2NGwyX2NvbW1vbiBiY20yODM1X21tYWxfdmNoaXEoQykgdmlkZW9idWYyX3ZtYWxsb2MgdmlkZW9idWYyX2RtYV9jb250aWcgdmlkZW9idWYyX21lbW9wcyB2aWRlb2J1ZjJfdjRsMiB2aWRlb2J1ZjJfY29tbW9uIHZjX3NtX2NtYShDKSB2aWRlb2RldiBtZWRpYSBmaXhlZCB1aW9fcGRydl9nZW5pcnEgdWlvIGlwX3RhYmxlcyB4X3RhYmxlcyBpcHY2DQpbICAgNDIuMjkxMzMzXSBDUFU6IDEgUElEOiA0MzkgQ29tbTogdHJ5bWUgVGFpbnRlZDogRyAgICAgICAgIEMgICAgICAgIDQuMTkuNzUtdjcrICMxMjcwDQpbICAgNDIuMzAxNTc5XSBIYXJkd2FyZSBuYW1lOiBCQ00yODM1DQpbICAgNDIuMzA2MjEyXSBQQyBpcyBhdCBjYXBfY2FwYWJsZSsweDJjLzB4OGMNClsgICA0Mi4zMTE1NjFdIExSIGlzIGF0ICAgKG51bGwpDQpbICAgNDIuMzE1NzIzXSBwYyA6IFs8ODA0YTE2ODQ+XSAgICBsciA6IFs8MDAwMDAwMDA+XSAgICBwc3I6IDMwMDAwMDEzDQpbICAgNDIuMzIzMjYyXSBzcCA6IGI0NTBmZjMwICBpcCA6IGI0NTBmZjQwICBmcCA6IGI0NTBmZjNjDQpbICAgNDIuMzI5NzMwXSByMTA6IDAwMDAwMDAwICByOSA6IDAwMDAwMDAwICByOCA6IDAwMDAwMDAwDQpbICAgNDIuMzM2MTk5XSByNyA6IDAwMDAwMDAwICByNiA6IDAwMDAwMDAwICByNSA6IDAwMDAwMDAwICByNCA6IGI3ZmVkMjAwDQpbICAgNDIuMzQzOTkyXSByMyA6IDU1NWY1NTU3ICByMiA6IDAwMDAwMDA3ICByMSA6IDgwZDBkNjQwICByMCA6IGE0ZGVkMDAwDQpbICAgNDIuMzUxNzU4XSBGbGFnczogbnpDViAgSVJRcyBvbiAgRklRcyBvbiAgTW9kZSBTVkNfMzIgIElTQSBBUk0gIFNlZ21lbnQgdXNlcg0KWyAgIDQyLjM2MDEzOF0gQ29udHJvbDogMTBjNTM4M2QgIFRhYmxlOiAzNDRmNDA2YSAgREFDOiAwMDAwMDA1NQ0KWyAgIDQyLjM2NzA5MV0gUHJvY2VzcyB0cnltZSAocGlkOiA0MzksIHN0YWNrIGxpbWl0ID0gMHg5YWQwMWNjNikNClsgICA0Mi4zNzQxNTZdIFN0YWNrOiAoMHhiNDUwZmYzMCB0byAweGI0NTEwMDAwKQ0KWyAgIDQyLjM3OTcyMF0gZmYyMDogICAgICAgICAgICAgICAgICAgICAgICAgICAgICAgICAgICAgYjQ1MGZmNGMgYjQ1MGZmNDAgODAxMmIzY2MgODA0YTE2NjQNClsgICA0Mi4zOTAyNTZdIGZmNDA6IGI0NTBmZjVjIGI0NTBmZjUwIDgwMTJiM2ZjIDgwMTJiMzNjIGI0NTBmZjk0IGI0NTBmZjYwIDgwMTM1MDcwIDgwMTJiM2VjDQpbICAgNDIuNDAwNzU0XSBmZjYwOiAwMDAwMDAwMyBiN2ZlZDAwMCAwMDAwMDAxMCAwMDAwMDAwMCAwMDAwMDAwMCAwMDAwMDAwMCAwMDAwMDBkMCA4MDEwMTFjNA0KWyAgIDQyLjQxMTI0Ml0gZmY4MDogYjQ1MGUwMDAgMDAwMDAwZDAgYjQ1MGZmYTQgYjQ1MGZmOTggODAxMzUxYjAgODAxMzRmYjAgMDAwMDAwMDAgYjQ1MGZmYTgNClsgICA0Mi40MjE3NjVdIGZmYTA6IDgwMTAxMDAwIDgwMTM1MWE0IDAwMDAwMDAwIDAwMDAwMDAwIDAwMDAwMDAwIDAwMDAwMDAwIDAwMDAwMDAwIDAwMDAwMDAwDQpbICAgNDIuNDMyNDE5XSBmZmMwOiAwMDAwMDAwMCAwMDAwMDAwMCAwMDAwMDAwMCAwMDAwMDBkMCAwMDAwMDAwMCAwMDAwMDAwMCAwMDAwMDAwMCA3ZTk3MGJjNA0KWyAgIDQyLjQ0MzIyM10gZmZlMDogNzZmMjA2OTQgN2U5NzBiODggMDAwMTA4OTQgMDAwMTA3MDQgMDAwMDAwMTAgMDAwMDAwMDAgMDAwMDAwMDAgMDAwMDAwMDANClsgICA0Mi40NTQxMzldIFs8ODA0YTE2ODQ+XSAoY2FwX2NhcGFibGUpIGZyb20gWzw4MDEyYjNjYz5dIChuc19jYXBhYmxlX2NvbW1vbisweDljLzB4YjApDQpbICAgNDIuNDY0OTU4XSBbPDgwMTJiM2NjPl0gKG5zX2NhcGFibGVfY29tbW9uKSBmcm9tIFs8ODAxMmIzZmM+XSAobnNfY2FwYWJsZSsweDFjLzB4MjApDQpbICAgNDIuNDc1NzYwXSBbPDgwMTJiM2ZjPl0gKG5zX2NhcGFibGUpIGZyb20gWzw4MDEzNTA3MD5dIChfX3N5c19zZXRyZXN1aWQrMHhjYy8weDFmNCkNClsgICA0Mi40ODY1NTddIFs8ODAxMzUwNzA+XSAoX19zeXNfc2V0cmVzdWlkKSBmcm9tIFs8ODAxMzUxYjA+XSAoc3lzX3NldHJlc3VpZCsweDE4LzB4MWMpDQpbICAgNDIuNDk3NjI4XSBbPDgwMTM1MWIwPl0gKHN5c19zZXRyZXN1aWQpIGZyb20gWzw4MDEwMTAwMD5dIChyZXRfZmFzdF9zeXNjYWxsKzB4MC8weDI4KQ0KWyAgIDQyLjUxMjc1N10gRXhjZXB0aW9uIHN0YWNrKDB4YjQ1MGZmYTggdG8gMHhiNDUwZmZmMCkNClsgICA0Mi41MjE0MThdIGZmYTA6ICAgICAgICAgICAgICAgICAgIDAwMDAwMDAwIDAwMDAwMDAwIDAwMDAwMDAwIDAwMDAwMDAwIDAwMDAwMDAwIDAwMDAwMDAwDQpbICAgNDIuNTM2NjYxXSBmZmMwOiAwMDAwMDAwMCAwMDAwMDAwMCAwMDAwMDAwMCAwMDAwMDBkMCAwMDAwMDAwMCAwMDAwMDAwMCAwMDAwMDAwMCA3ZTk3MGJjNA0KWyAgIDQyLjU1MTg2Nl0gZmZlMDogNzZmMjA2OTQgN2U5NzBiODggMDAwMTA4OTQgMDAwMTA3MDQNClsgICA0Mi41NjA0MzFdIENvZGU6IGUxYTAxMDBjIGUxNTEwMDAzIDBhMDAwMDBkIGU1OTFlMGM4IChlNTkzYzBjOCkgDQpbICAgNDIuNTcwMTM4XSAtLS1bIGVuZCB0cmFjZSAzNjNiZGNhNzY2ZGM2ZjRhIF0tLS0NCg0NCgdNZXNzYWdlIGZyb20gc3lzbG9nZEByYXNwYmVycnlwaSBhdCBTZXAgMjYgMDU6MjU6MDkgLi4uDQ0KIGtlcm5lbDpbICAgNDIuMjQwNjI5XSBJbnRlcm5hbCBlcnJvcjogT29wczogNSBbIzFdIFNNUCBBUk0NCg0NDQoHTWVzc2FnZSBmcm9tIHN5c2xvZ2RAcmFzcGJlcnJ5cGkgYXQgU2VwIDI2IDA1OjI1OjA5IC4uLg0NCiBrZXJuZWw6WyAgIDQyLjM2NzA5MV0gUHJvY2VzcyB0cnltZSAocGlkOiA0MzksIHN0YWNrIGxpbWl0ID0gMHg5YWQwMWNjNikNCg0NDQoHTWVzc2FnZSBmcm9tIHN5c2xvZ2RAcmFzcGJlcnJ5cGkgYXQgU2VwIDI2IDA1OjI1OjA5IC4uLg0NCiBrZXJuZWw6WyAgIDQyLjM3NDE1Nl0gU3RhY2s6ICgweGI0NTBmZjMwIHRvIDB4YjQ1MTAwMDApDQoNDQ0KB01lc3NhZ2UgZnJvbSBzeXNsb2dkQHJhc3BiZXJyeXBpIGF0IFNlcCAyNiAwNToyNTowOSAuLi4NDQoga2VybmVsOlsgICA0Mi4zNzk3MjBdIGZmMjA6ICAgICAgICAgICAgICAgICAgICAgICAgICAgICAgICAgICAgIGI0NTBmZjRjIGI0NTBmZjQwIDgwMTJiM2NjIDgwNGExNjY0DQoNDQ0KB01lc3NhZ2UgZnJvbSBzeXNsb2dkQHJhc3BiZXJyeXBpIGF0IFNlcCAyNiAwNToyNTowOSAuLi4NDQoga2VybmVsOlsgICA0Mi4zOTAyNTZdIGZmNDA6IGI0NTBmZjVjIGI0NTBmZjUwIDgwMTJiM2ZjIDgwMTJiMzNjIGI0NTBmZjk0IGI0NTBmZjYwIDgwMTM1MDcwIDgwMTJiM2VjDQoNU2VnbWVudGF0aW9uIGZhdWx0DQoNDQoHTWVzc2FnZSBmcm9tIHN5c2xvZ2RAcmFzcGJlcnJ5cGkgYXQgU2VwIDI2IDA1OjI1OjA5IC4uLg0NCiBrZXJuZWw6WyAgIDQyLjQwMDc1NF0gZmY2MDogMDAwMDAwMDMgYjdmZWQwMDAgMDAwMDAwMTAgMDAwMDAwMDAgMDAwMDAwMDAgMDAwMDAwMDAgMDAwMDAwZDAgODAxMDExYzQNCg0NDQoHTWVzc2FnZSBmcm9tIHN5c2xvZ2RAcmFzcGJlcnJ5cGkgYXQgU2VwIDI2IDA1OjI1OjA5IC4uLg0NCiBrZXJuZQ=='
175,135,b'IC4vdHJ5bWUNCjYyNTAwMDANCnBpQHJhc3BiZXJyeXBpOn4kIA=='
175,155,b'Li90cnltZQ0KWyAgIDQyLjA5MTgxMl0gLS0tLS0tLS0tLS0tWyBjdXQgaGVyZSBdLS0tLS0tLS0tLS0tDQpbICAgNDIuMDk3Mzk5XSBrZXJuZWwgQlVHIGF0IGtlcm5lbC9jcmVkLmM6NTIyIQ0KWyAgIDQyLjEwMjU3Nl0gSW50ZXJuYWwgZXJyb3I6IE9vcHMgLSBCVUc6IDAgWyMxXSBTTVAgQVJNDQpbICAgNDIuMTA4NjQwXSBNb2R1bGVzIGxpbmtlZCBpbjogYm5lcCBoY2lfdWFydCBidGJjbSBzZXJkZXYgYmx1ZXRvb3RoIGVjZGhfZ2VuZXJpYyBzaGEyNTZfZ2VuZXJpYyBjZmc4MDIxMSByZmtpbGwgODAyMXEgZ2FycCBzdHAgbGxjIHJhc3BiZXJyeXBpX2h3bW9uIGh3bW9uIHNuZF9iY20yODM1KEMpIGJjbTI4MzVfY29kZWMoQykgc25kX3BjbSBiY20yODM1X3Y0bDIoQykgdjRsMl9tZW0ybWVtIHY0bDJfY29tbW9uIGJjbTI4MzVfbW1hbF92Y2hpcShDKSB2aWRlb2J1ZjJfdm1hbGxvYyBzbmRfdGltZXIgdmlkZW9idWYyX2RtYV9jb250aWcgdmlkZW9idWYyX21lbW9wcyB2aWRlb2J1ZjJfdjRsMiBzbmQgdmlkZW9idWYyX2NvbW1vbiB2aWRlb2RldiBtZWRpYSB2Y19zbV9jbWEoQykgZml4ZWQgdWlvX3BkcnZfZ2VuaXJxIHVpbyBpcF90YWJsZXMgeF90YWJsZXMgaXB2Ng0KWyAgIDQyLjE1MzY0M10gQ1BVOiAzIFBJRDogNDM2IENvbW06IHRyeW1lIFRhaW50ZWQ6IEcgICAgICAgICBDICAgICAgICA0LjE5Ljc1LXY3KyAjMTI3MA0KWyAgIDQyLjE2MzgxMl0gSGFyZHdhcmUgbmFtZTogQkNNMjgzNQ0KWyAgIDQyLjE2ODQwMl0gUEMgaXMgYXQgYWJvcnRfY3JlZHMrMHg1MC8weDU0DQpbICAgNDIuMTczNzExXSBMUiBpcyBhdCBfX3N5c19zZXRyZXN1aWQrMHgxNjgvMHgxZjQNClsgICA0Mi4xNzk1NjRdIHBjIDogWzw4MDE0NTMyND5dICAgIGxyIDogWzw4MDEzNTEwYz5dICAgIHBzcjogYTAwMDAwMTMNClsgICA0Mi4xODcxMDJdIHNwIDogYjViZGZmNTAgIGlwIDogYjViZGZmNjAgIGZwIDogYjViZGZmNWMNClsgICA0Mi4xOTM1NzBdIHIxMDogMDAwMDAwMDAgIHI5IDogMDAwMDAwMDAgIHI4IDogMDAwMDAwMDANClsgICA0Mi4yMDAwMTldIHI3IDogMDAwMDAwMDAgIHI2IDogODAxMmIzM2MgIHI1IDogZmZmZmZmZmYgIHI0IDogYjViZGZmNTANClsgICA0Mi4yMDc4MTBdIHIzIDogYjU5ZDUwODAgIHIyIDogYjViZGZmOTQgIHIxIDogODBkMGQ2NDAgIHIwIDogYjViZGZmNTANClsgICA0Mi4yMTU2MDBdIEZsYWdzOiBOekN2ICBJUlFzIG9uICBGSVFzIG9uICBNb2RlIFNWQ18zMiAgSVNBIEFSTSAgU2VnbWVudCB1c2VyDQpbICAgNDIuMjI0MDE1XSBDb250cm9sOiAxMGM1MzgzZCAgVGFibGU6IDM0MGNjMDZhICBEQUM6IDAwMDAwMDU1DQpbICAgNDIuMjMxMDA3XSBQcm9jZXNzIHRyeW1lIChwaWQ6IDQzNiwgc3RhY2sgbGltaXQgPSAweDk1YWY1MDY2KQ0KWyAgIDQyLjIzODA5OF0gU3RhY2s6ICgweGI1YmRmZjUwIHRvIDB4YjViZTAwMDApDQpbICAgNDIuMjQzNjgwXSBmZjQwOiAgICAgICAgICAgICAgICAgICAgICAgICAgICAgICAgICAgICBiNWJkZmY5NCBiNWJkZmY2MCA4MDEzNTEwYyA4MDE0NTJlMA0KWyAgIDQyLjI1NDI1NV0gZmY2MDogMDAwMDAwMDMgYjU5ZDUwODAgMDAwMDAwMTAgMDAwMDAwMDAgMDAwMDAwMDAgMDAwMDAwMDAgMDAwMDAwZDAgODAxMDExYzQNClsgICA0Mi4yNjQ3OTJdIGZmODA6IGI1YmRlMDAwIDAwMDAwMGQwIGI1YmRmZmE0IGI1YmRmZjk4IDgwMTM1MWIwIDgwMTM0ZmIwIDAwMDAwMDAwIGI1YmRmZmE4DQpbICAgNDIuMjc1MzE3XSBmZmEwOiA4MDEwMTAwMCA4MDEzNTFhNCAwMDAwMDAwMCAwMDAwMDAwMCAwMDAwMDAwMCAwMDAwMDAwMCAwMDAwMDAwMCAwMDAwMDAwMA0KWyAgIDQyLjI4NTg4Ml0gZmZjMDogMDAwMDAwMDAgMDAwMDAwMDAgMDAwMDAwMDAgMDAwMDAwZDAgMDAwMDAwMDAgMDAwMDAwMDAgMDAwMDAwMDAgN2ViNmNiYzQNClsgICA0Mi4yOTY1NzVdIGZmZTA6IDc2ZWZjNjk0IDdlYjZjYjg4IDAwMDEwODk0IDAwMDEwNzA0IDAwMDAwMDEwIDAwMDAwMDAwIDAwMDAwMDAwIDAwMDAwMDAwDQpbICAgNDIuMzA3NDEyXSBbPDgwMTQ1MzI0Pl0gKGFib3J0X2NyZWRzKSBmcm9tIFs8ODAxMzUxMGM+XSAoX19zeXNfc2V0cmVzdWlkKzB4MTY4LzB4MWY0KQ0KWyAgIDQyLjMxODA3N10gWzw4MDEzNTEwYz5dIChfX3N5c19zZXRyZXN1aWQpIGZyb20gWzw4MDEzNTFiMD5dIChzeXNfc2V0cmVzdWlkKzB4MTgvMHgxYykNClsgICA0Mi4zMjg4ODZdIFs8ODAxMzUxYjA+XSAoc3lzX3NldHJlc3VpZCkgZnJvbSBbPDgwMTAxMDAwPl0gKHJldF9mYXN0X3N5c2NhbGwrMHgwLzB4MjgpDQpbICAgNDIuMzM5NzYxXSBFeGNlcHRpb24gc3RhY2soMHhiNWJkZmZhOCB0byAweGI1YmRmZmYwKQ0KWyAgIDQyLjM0NjMyNF0gZmZhMDogICAgICAgICAgICAgICAgICAgMDAwMDAwMDAgMDAwMDAwMDAgMDAwMDAwMDAgMDAwMDAwMDAgMDAwMDAwMDAgMDAwMDAwMDANClsgICA0Mi4zNTc1MDddIGZmYzA6IDAwMDAwMDAwIDAwMDAwMDAwIDAwMDAwMDAwIDAwMDAwMGQwIDAwMDAwMDAwIDAwMDAwMDAwIDAwMDAwMDAwIDdlYjZjYmM0DQpbICAgNDIuMzY4NzUxXSBmZmUwOiA3NmVmYzY5NCA3ZWI2Y2I4OCAwMDAxMDg5NCAwMDAxMDcwNA0KWyAgIDQyLjM3NTM0MF0gQ29kZTogZTM1MjAwMDAgMTg5ZGE4MDAgZWJmZmZlY2UgZTg5ZGE4MDAgKGU3ZjAwMWYyKSANClsgICA0Mi4zODI5NzVdIC0tLVsgZW5kIHRyYWNlIGI2NjZiZWJiYWM5ODkzNWYgXS0tLQ0KDQ0KB01lc3NhZ2UgZnJvbSBzeXNsb2dkQHJhc3BiZXJyeXBpIGF0IFNlcCAyNiAwNToyNTowOSAuLi4NDQoga2VybmVsOlsgICA0Mi4xMDI1NzZdIEludGVybmFsIGVycm9yOiBPb3BzIC0gQlVHOiAwIFsjMV0gU01QIEFSTQ0KDQ0NCgdNZXNzYWdlIGZyb20gc3lzbG9nZEByYXNwYmVycnlwaSBhdCBTZXAgMjYgMDU6MjU6MDkgLi4uDQ0KIGtlcm5lbDpbICAgNDIuMjMxMDA3XSBQcm9jZXNzIHRyeW1lIChwaWQ6IDQzNiwgc3RhY2sgbGltaXQgPSAweDk1YWY1MDY2KQ0KDQ0NCgdNZXNzYWdlIGZyb20gc3lzbG9nZEByYXNwYmVycnlwaSBhdCBTZXAgMjYgMDU6MjU6MDkgLi4uDQ0KIGtlcm5lbDpbICAgNDIuMjM4MDk4XSBTdGFjazogKDB4YjViZGZmNTAgdG8gMHhiNWJlMDAwMCkNCg0NDQoHTWVzc2FnZSBmcm9tIHN5c2xvZ2RAcmFzcGJlcnJ5cGkgYXQgU2VwIDI2IDA1OjI1OjA5IC4uLg0NCiBrZXJuZWw6WyAgIDQyLjI0MzY4MF0gZmY0MDogICAgICAgICAgICAgICAgICAgICAgICAgICAgICAgICAgICAgYjViZGZmOTQgYjViZGZmNjAgODAxMzUxMGMgODAxNDUyZTANCg0NDQoHTWVzc2FnZSBmcm9tIHN5c2xvZ2RAcmFzcGJlcnJ5cGkgYXQgU2VwIDI2IDA1OjI1OjA5IC4uLg0NCiBrZXJuZWw6WyAgIDQyLjI1NDI1NV0gZmY2MDogMDAwMDAwMDMgYjU5ZDUwODAgMDAwMDAwMTAgMDAwMDAwMDAgMDAwMDAwMDAgMDAwMDAwMDAgMDAwMDAwZDAgODAxMDExYzQNCg0NDQoHTWVzc2FnZSBmcm9tIHN5c2xvZ2RAcmFzcGJlcnJ5cGkgYXQgU2VwIDI2IDA1OjI1OjA5IC4uLg0NCiBrZXJuZWw6WyAgIDQyLjI2NDc5Ml0gZmY4MDogYjViZGUwMDAgMDAwMDAwZDAgYjViZGZmYTQgYjViZGZmOTggODAxMzUxYjAgODAxMzRmYjAgMDAwMDAwMDAgYjViZGZmYTgNCg0NDQoHTWVzc2FnZSBmcm9tIHN5c2xvZ2RAcmFzcGJlcnJ5cGkgYXQgU2VwIDI2IDA1OjI1OjA5IC4uLg0NCiBrZXJuZWw6WyAgIDQyLjI3NTMxN10gZmZhMDogODAxMDEwMDAgODAxMzUxYTQgMDAwMDAwMDAgMDAwMDAwMDAgMDAwMDAwMDAgMDAwMDAwMDAgMDAwMDAwMDAgMDAwMDAwMDANCg0NDQoHTWVzc2FnZSBmcm9tIHN5c2xvZ2RAcmFzcGJlcnJ5cGkgYXQgU2VwIDI2IDA1OjI1OjA5IC4uLg0NCiBrZXJuZWw6WyAgIDQyLjI4NTg4Ml0gZmZjMDogMDAwMDAwMDAgMDAwMDAwMDAgMDAwMDAwMDAgMDAwMDAwZDAgMDAwMDAwMDAgMDAwMDAwMDAgMDAwMDAwMDAgN2ViNmNiYzQNCg0NDQoHTWVzc2FnZSBmcm9tIHN5c2xvZ2RAcmFzcGJlcnJ5cGkgYXQgU2VwIDI2IDA1OjI1OjA5IC4uLg0NCiBrZXJuZWw6WyAgIDQyLjI5NjU3NV0gZmZlMDogNzZlZmM2OTQgN2ViNmNiODggMDAwMTA4OTQgMDAwMTA3MDQgMDAwMDAwMTAgMDAwMDAwMDAgMDAwMDAwMDAgMDAwMDAwMDANCg0NDQoHTWVzc2FnZSBmcm9tIHN5c2xvZ2RAcmFzcGJlcnJ5cGkgYXQgU2VwIDI2IDA1OjI1OjA5IC4uLg0NCiBrZXJuZWw6WyAgIDQyLjM3NTM0MF0gQ29kZTogZTM1MjAwMDAgMTg5ZGE4MDAgZWJmZmZlY2UgZTg5ZGE4MDAgKGU3ZjAwMWYyKSANCg0='
175,154,b'IC4vdHJ5bWUNCjYyNTAwMDANCnBpQHJhc3BiZXJyeXBpOn4kIA=='
175,140,b'Li90cnltZQ0KNjI1MDAwMA0KcGlAcmFzcGJlcnJ5cGk6fiQg'
175,156,b'Li90cnltZQ0KNjI1MDAwMA0KcGlAcmFzcGJlcnJ5cGk6fiQg'
175,148,b'Li90cnltZQ0KWyAgIDQzLjIxNDEwOV0gVW5hYmxlIHRvIGhhbmRsZSBrZXJuZWwgcGFnaW5nIHJlcXVlc3QgYXQgdmlydHVhbCBhZGRyZXNzIDU1NTVkOGJmDQpbICAgNDMuMjIyNDcyXSBwZ2QgPSA2MGU1ZTAwNg0KWyAgIDQzLjIyNjA4NF0gWzU1NTVkOGJmXSAqcGdkPTAwMDAwMDAwDQpbICAgNDMuMjMwNTY4XSBJbnRlcm5hbCBlcnJvcjogT29wczogNSBbIzFdIFNNUCBBUk0NClsgICA0My4yMzYxMjJdIE1vZHVsZXMgbGlua2VkIGluOiBibmVwIGhjaV91YXJ0IGJ0YmNtIHNlcmRldiBibHVldG9vdGggZWNkaF9nZW5lcmljIHNoYTI1Nl9nZW5lcmljIGNmZzgwMjExIHJma2lsbCA4MDIxcSBnYXJwIHN0cCBsbGMgcmFzcGJlcnJ5cGlfaHdtb24gaHdtb24gc25kX2JjbTI4MzUoQykgc25kX3BjbSBzbmRfdGltZXIgc25kIGJjbTI4MzVfY29kZWMoQykgdjRsMl9tZW0ybWVtIGJjbTI4MzVfdjRsMihDKSBiY20yODM1X21tYWxfdmNoaXEoQykgdjRsMl9jb21tb24gdmlkZW9idWYyX2RtYV9jb250aWcgdmlkZW9idWYyX3ZtYWxsb2MgdmlkZW9idWYyX21lbW9wcyB2aWRlb2J1ZjJfdjRsMiB2aWRlb2J1ZjJfY29tbW9uIHZpZGVvZGV2IHZjX3NtX2NtYShDKSBtZWRpYSBmaXhlZCB1aW9fcGRydl9nZW5pcnEgdWlvIGlwX3RhYmxlcyB4X3RhYmxlcyBpcHY2DQpbICAgNDMuMjgxMjMyXSBDUFU6IDAgUElEOiA0MzkgQ29tbTogdHJ5bWUgVGFpbnRlZDogRyAgICAgICAgIEMgICAgICAgIDQuMTkuNzUtdjcrICMxMjcwDQpbICAgNDMuMjkxNDYyXSBIYXJkd2FyZSBuYW1lOiBCQ00yODM1DQpbICAgNDMuMjk2MDg5XSBQQyBpcyBhdCBjYXBfY2FwYWJsZSsweDJjLzB4OGMNClsgICA0My4zMDE0MzFdIExSIGlzIGF0ICAgKG51bGwpDQpbICAgNDMuMzA1NTg2XSBwYyA6IFs8ODA0YTE2ODQ+XSAgICBsciA6IFs8MDAwMDAwMDA+XSAgICBwc3I6IDMwMDAwMDEzDQpbICAgNDMuMzEzMTE5XSBzcCA6IGI2MWQ5ZjMwICBpcCA6IGI2MWQ5ZjQwICBmcCA6IGI2MWQ5ZjNjDQpbICAgNDMuMzE5NTgxXSByMTA6IDAwMDAwMDAwICByOSA6IDAwMDAwMDAwICByOCA6IDAwMDAwMDAwDQpbICAgNDMuMzI2MDQ1XSByNyA6IDAwMDAwMDAwICByNiA6IDAwMDAwMDAwICByNSA6IDAwMDAwMDAwICByNCA6IGI1YmRkMTAwDQpbICAgNDMuMzMzODMyXSByMyA6IDU1NTVkN2Y3ICByMiA6IDAwMDAwMDA3ICByMSA6IDgwZDBkNjQwICByMCA6IGE0YmRkMDgwDQpbICAgNDMuMzQxNTk0XSBGbGFnczogbnpDViAgSVJRcyBvbiAgRklRcyBvbiAgTW9kZSBTVkNfMzIgIElTQSBBUk0gIFNlZ21lbnQgdXNlcg0KWyAgIDQzLjM0OTk2OV0gQ29udHJvbDogMTBjNTM4M2QgIFRhYmxlOiAzNDQ0YzA2YSAgREFDOiAwMDAwMDA1NQ0KWyAgIDQzLjM1NjkxOF0gUHJvY2VzcyB0cnltZSAocGlkOiA0MzksIHN0YWNrIGxpbWl0ID0gMHhmMDI5NTQ1ZSkNClsgICA0My4zNjM5NzddIFN0YWNrOiAoMHhiNjFkOWYzMCB0byAweGI2MWRhMDAwKQ0KWyAgIDQzLjM2OTUzN10gOWYyMDogICAgICAgICAgICAgICAgICAgICAgICAgICAgICAgICAgICAgYjYxZDlmNGMgYjYxZDlmNDAgODAxMmIzY2MgODA0YTE2NjQNClsgICA0My4zODAwNjFdIDlmNDA6IGI2MWQ5ZjVjIGI2MWQ5ZjUwIDgwMTJiM2ZjIDgwMTJiMzNjIGI2MWQ5Zjk0IGI2MWQ5ZjYwIDgwMTM1MDcwIDgwMTJiM2VjDQpbICAgNDMuMzkwNTQ3XSA5ZjYwOiAwMDAwMDAwMyBiNWJkZDA4MCAwMDAwMDAxMCAwMDAwMDAwMCAwMDAwMDAwMCAwMDAwMDAwMCAwMDAwMDBkMCA4MDEwMTFjNA0KWyAgIDQzLjQwMTAyNV0gOWY4MDogYjYxZDgwMDAgMDAwMDAwZDAgYjYxZDlmYTQgYjYxZDlmOTggODAxMzUxYjAgODAxMzRmYjAgMDAwMDAwMDAgYjYxZDlmYTgNClsgICA0My40MTE1MzldIDlmYTA6IDgwMTAxMDAwIDgwMTM1MWE0IDAwMDAwMDAwIDAwMDAwMDAwIDAwMDAwMDAwIDAwMDAwMDAwIDAwMDAwMDAwIDAwMDAwMDAwDQpbICAgNDMuNDIyMTgxXSA5ZmMwOiAwMDAwMDAwMCAwMDAwMDAwMCAwMDAwMDAwMCAwMDAwMDBkMCAwMDAwMDAwMCAwMDAwMDAwMCAwMDAwMDAwMCA3ZWQ3NGJjNA0KWyAgIDQzLjQzMjk3MV0gOWZlMDogNzZlZjQ2OTQgN2VkNzRiODggMDAwMTA4OTQgMDAwMTA3MDQgMDAwMDAwMTAgMDAwMDAwMDAgMDAwMDAwMDAgMDAwMDAwMDANClsgICA0My40NDM4NjhdIFs8ODA0YTE2ODQ+XSAoY2FwX2NhcGFibGUpIGZyb20gWzw4MDEyYjNjYz5dIChuc19jYXBhYmxlX2NvbW1vbisweDljLzB4YjApDQpbICAgNDMuNDU0NjY4XSBbPDgwMTJiM2NjPl0gKG5zX2NhcGFibGVfY29tbW9uKSBmcm9tIFs8ODAxMmIzZmM+XSAobnNfY2FwYWJsZSsweDFjLzB4MjApDQpbICAgNDMuNDY1NDUyXSBbPDgwMTJiM2ZjPl0gKG5zX2NhcGFibGUpIGZyb20gWzw4MDEzNTA3MD5dIChfX3N5c19zZXRyZXN1aWQrMHhjYy8weDFmNCkNClsgICA0My40NzYyMjhdIFs8ODAxMzUwNzA+XSAoX19zeXNfc2V0cmVzdWlkKSBmcm9tIFs8ODAxMzUxYjA+XSAoc3lzX3NldHJlc3VpZCsweDE4LzB4MWMpDQpbICAgNDMuNDg3Mjc5XSBbPDgwMTM1MWIwPl0gKHN5c19zZXRyZXN1aWQpIGZyb20gWzw4MDEwMTAwMD5dIChyZXRfZmFzdF9zeXNjYWxsKzB4MC8weDI4KQ0KWyAgIDQzLjUwMjM1N10gRXhjZXB0aW9uIHN0YWNrKDB4YjYxZDlmYTggdG8gMHhiNjFkOWZmMCkNClsgICA0My41MTA5OTJdIDlmYTA6ICAgICAgICAgICAgICAgICAgIDAwMDAwMDAwIDAwMDAwMDAwIDAwMDAwMDAwIDAwMDAwMDAwIDAwMDAwMDAwIDAwMDAwMDAwDQpbICAgNDMuNTI2MTg0XSA5ZmMwOiAwMDAwMDAwMCAwMDAwMDAwMCAwMDAwMDAwMCAwMDAwMDBkMCAwMDAwMDAwMCAwMDAwMDAwMCAwMDAwMDAwMCA3ZWQ3NGJjNA0KWyAgIDQzLjU0MTMzOV0gOWZlMDogNzZlZjQ2OTQgN2VkNzRiODggMDAwMTA4OTQgMDAwMTA3MDQNClsgICA0My41NDk4NzNdIENvZGU6IGUxYTAxMDBjIGUxNTEwMDAzIDBhMDAwMDBkIGU1OTFlMGM4IChlNTkzYzBjOCkgDQpbICAgNDMuNTU5NjA5XSAtLS1bIGVuZCB0cmFjZSBiYTNkMzdjNmQzMjI0OTY2IF0tLS0NCg0NCgdNZXNzYWdlIGZyb20gc3lzbG9nZEByYXNwYmVycnlwaSBhdCBTZXAgMjYgMDU6MjU6MTAgLi4uDQ0KIGtlcm5lbDpbICAgNDMuMjMwNTY4XSBJbnRlcm5hbCBlcnJvcjogT29wczogNSBbIzFdIFNNUCBBUk0NCg0NDQoHTWVzc2FnZSBmcm9tIHN5c2xvZ2RAcmFzcGJlcnJ5cGkgYXQgU2VwIDI2IDA1OjI1OjEwIC4uLg0NCiBrZXJuZWw6WyAgIDQzLjM1NjkxOF0gUHJvY2VzcyB0cnltZSAocGlkOiA0MzksIHN0YWNrIGxpbWl0ID0gMHhmMDI5NTQ1ZSkNCg0NDQoHTWVzc2FnZSBmcm9tIHN5c2xvZ2RAcmFzcGJlcnJ5cGkgYXQgU2VwIDI2IDA1OjI1OjEwIC4uLg0NCiBrZXJuZWw6WyAgIDQzLjM2Mzk3N10gU3RhY2s6ICgweGI2MWQ5ZjMwIHRvIDB4YjYxZGEwMDApDQoNDQ0KB01lc3NhZ2UgZnJvbSBzeXNsb2dkQHJhc3BiZXJyeXBpIGF0IFNlcCAyNiAwNToyNToxMCAuLi4NDQoga2VybmVsOlsgICA0My4zNjk1MzddIDlmMjA6ICAgICAgICAgICAgICAgICAgICAgICAgICAgICAgICAgICAgIGI2MWQ5ZjRjIGI2MWQ5ZjQwIDgwMTJiM2NjIDgwNGExNjY0DQoNDQ0KB01lc3NhZ2UgZnJvbSBzeXNsb2dkQHJhc3BiZXJyeXBpIGF0IFNlcCAyNiAwNToyNToxMCAuLi4NDQoga2VybmVsOlsgICA0My4zODAwNjFdIDlmNDA6IGI2MWQ5ZjVjIGI2MWQ5ZjUwIDgwMTJiM2ZjIDgwMTJiMzNjIGI2MWQ5Zjk0IGI2MWQ5ZjYwIDgwMTM1MDcwIDgwMTJiM2VjDQoNDQ0KB01lc3NhZ2UgZnJvbSBzeXNsb2dkQHJhc3BiZXJyeXBpIGF0IFNlcCAyNiAwNToyNToxMCAuLi4NDQoga2VybmVsOlsgICA0My4zOTA1NDddIDlmNjA6IDAwMDAwMDAzIGI1YmRkMDgwIDAwMDAwMDEwIDAwMDAwMDAwIDAwMDAwMDAwIDAwMDAwMDAwIDAwMDAwMGQwIDgwMTAxMWM0DQoNDQ0KB01lc3NhZ2UgZnJvbSBzeXNsb2dkQHJhc3BiZXJyeXBpIGF0IFNlcCAyNiAwNToyNToxMCAuLi4NDQoga2VybmVsOlsgICA0My40MDEwMjVdIDlmODA6IGI2MWQ4MDAwIDAwMDAwMGQwIGI2MWQ5ZmE0'
175,181,b'IC4vdHJ5bWUNCjYyNTAwMDANCnBpQHJhc3BiZXJyeXBpOn4kIA=='
175,181,b'Li90cnltZQ0KWyAgIDQyLjMwNDEzMl0gVW5hYmxlIHRvIGhhbmRsZSBrZXJuZWwgcGFnaW5nIHJlcXVlc3QgYXQgdmlydHVhbCBhZGRyZXNzIGUzNTcwMGM4DQpbICAgNDIuMzEyNDAwXSBwZ2QgPSBkNWY1NWVmYw0KWyAgIDQyLjMxNjAwN10gW2UzNTcwMGM4XSAqcGdkPTAwMDAwMDAwDQpbICAgNDIuMzIwNDg5XSBJbnRlcm5hbCBlcnJvcjogT29wczogNSBbIzFdIFNNUCBBUk0NClsgICA0Mi4zMjYwNDRdIE1vZHVsZXMgbGlua2VkIGluOiBibmVwIGhjaV91YXJ0IGJ0YmNtIHNlcmRldiBibHVldG9vdGggZWNkaF9nZW5lcmljIHNoYTI1Nl9nZW5lcmljIGNmZzgwMjExIHJma2lsbCA4MDIxcSBnYXJwIHN0cCBsbGMgcmFzcGJlcnJ5cGlfaHdtb24gc25kX2JjbTI4MzUoQykgaHdtb24gc25kX3BjbSBiY20yODM1X2NvZGVjKEMpIGJjbTI4MzVfdjRsMihDKSB2NGwyX21lbTJtZW0gc25kX3RpbWVyIGJjbTI4MzVfbW1hbF92Y2hpcShDKSB2NGwyX2NvbW1vbiB2aWRlb2J1ZjJfZG1hX2NvbnRpZyB2aWRlb2J1ZjJfdm1hbGxvYyB2aWRlb2J1ZjJfbWVtb3BzIHNuZCB2aWRlb2J1ZjJfdjRsMiB2aWRlb2J1ZjJfY29tbW9uIHZpZGVvZGV2IG1lZGlhIHZjX3NtX2NtYShDKSBmaXhlZCB1aW9fcGRydl9nZW5pcnEgdWlvIGlwX3RhYmxlcyB4X3RhYmxlcyBpcHY2DQpbICAgNDIuMzcxMTU3XSBDUFU6IDMgUElEOiA0MzggQ29tbTogdHJ5bWUgVGFpbnRlZDogRyAgICAgICAgIEMgICAgICAgIDQuMTkuNzUtdjcrICMxMjcwDQpbICAgNDIuMzgxMzc3XSBIYXJkd2FyZSBuYW1lOiBCQ00yODM1DQpbICAgNDIuMzg1OTk3XSBQQyBpcyBhdCBjYXBfY2FwYWJsZSsweDJjLzB4OGMNClsgICA0Mi4zOTEzMzJdIExSIGlzIGF0ICAgKG51bGwpDQpbICAgNDIuMzk1NDc5XSBwYyA6IFs8ODA0YTE2ODQ+XSAgICBsciA6IFs8MDAwMDAwMDA+XSAgICBwc3I6IDgwMDAwMDEzDQpbICAgNDIuNDAzMDA0XSBzcCA6IGI0MGViZjMwICBpcCA6IGI0MGViZjQwICBmcCA6IGI0MGViZjNjDQpbICAgNDIuNDA5NDU5XSByMTA6IDAwMDAwMDAwICByOSA6IDAwMDAwMDAwICByOCA6IDAwMDAwMDAwDQpbICAgNDIuNDE1OTE1XSByNyA6IDAwMDAwMDAwICByNiA6IDAwMDAwMDAwICByNSA6IDAwMDAwMDAwICByNCA6IGI1YmZkMjgwDQpbICAgNDIuNDIzNjk0XSByMyA6IGUzNTcwMDAwICByMiA6IDAwMDAwMDA3ICByMSA6IDgwZDBkNjQwICByMCA6IGI0YmZkMDAwDQpbICAgNDIuNDMxNDQ0XSBGbGFnczogTnpjdiAgSVJRcyBvbiAgRklRcyBvbiAgTW9kZSBTVkNfMzIgIElTQSBBUk0gIFNlZ21lbnQgdXNlcg0KWyAgIDQyLjQzOTgwNV0gQ29udHJvbDogMTBjNTM4M2QgIFRhYmxlOiAzNDEyYzA2YSAgREFDOiAwMDAwMDA1NQ0KWyAgIDQyLjQ0NjczOV0gUHJvY2VzcyB0cnltZSAocGlkOiA0MzgsIHN0YWNrIGxpbWl0ID0gMHhjMjZiYTFmOCkNClsgICA0Mi40NTM3ODddIFN0YWNrOiAoMHhiNDBlYmYzMCB0byAweGI0MGVjMDAwKQ0KWyAgIDQyLjQ1OTMzMl0gYmYyMDogICAgICAgICAgICAgICAgICAgICAgICAgICAgICAgICAgICAgYjQwZWJmNGMgYjQwZWJmNDAgODAxMmIzY2MgODA0YTE2NjQNClsgICA0Mi40Njk4MzZdIGJmNDA6IGI0MGViZjVjIGI0MGViZjUwIDgwMTJiM2ZjIDgwMTJiMzNjIGI0MGViZjk0IGI0MGViZjYwIDgwMTM1MDcwIDgwMTJiM2VjDQpbICAgNDIuNDgwMzAwXSBiZjYwOiAwMDAwMDAwMyBiNWJmZDAwMCAwMDAwMDAxMCAwMDAwMDAwMCAwMDAwMDAwMCAwMDAwMDAwMCAwMDAwMDBkMCA4MDEwMTFjNA0KWyAgIDQyLjQ5MDc2Nl0gYmY4MDogYjQwZWEwMDAgMDAwMDAwZDAgYjQwZWJmYTQgYjQwZWJmOTggODAxMzUxYjAgODAxMzRmYjAgMDAwMDAwMDAgYjQwZWJmYTgNClsgICA0Mi41MDEyNzBdIGJmYTA6IDgwMTAxMDAwIDgwMTM1MWE0IDAwMDAwMDAwIDAwMDAwMDAwIDAwMDAwMDAwIDAwMDAwMDAwIDAwMDAwMDAwIDAwMDAwMDAwDQpbICAgNDIuNTExOTAxXSBiZmMwOiAwMDAwMDAwMCAwMDAwMDAwMCAwMDAwMDAwMCAwMDAwMDBkMCAwMDAwMDAwMCAwMDAwMDAwMCAwMDAwMDAwMCA3ZTgwZWJjNA0KWyAgIDQyLjUyMjY4MV0gYmZlMDogNzZlNDY2OTQgN2U4MGViODggMDAwMTA4OTQgMDAwMTA3MDQgMDAwMDAwMTAgMDAwMDAwMDAgMDAwMDAwMDAgMDAwMDAwMDANClsgICA0Mi41MzM1NjhdIFs8ODA0YTE2ODQ+XSAoY2FwX2NhcGFibGUpIGZyb20gWzw4MDEyYjNjYz5dIChuc19jYXBhYmxlX2NvbW1vbisweDljLzB4YjApDQpbICAgNDIuNTQ0MzYzXSBbPDgwMTJiM2NjPl0gKG5zX2NhcGFibGVfY29tbW9uKSBmcm9tIFs8ODAxMmIzZmM+XSAobnNfY2FwYWJsZSsweDFjLzB4MjApDQpbICAgNDIuNTU1MTQ3XSBbPDgwMTJiM2ZjPl0gKG5zX2NhcGFibGUpIGZyb20gWzw4MDEzNTA3MD5dIChfX3N5c19zZXRyZXN1aWQrMHhjYy8weDFmNCkNClsgICA0Mi41NjU5MjFdIFs8ODAxMzUwNzA+XSAoX19zeXNfc2V0cmVzdWlkKSBmcm9tIFs8ODAxMzUxYjA+XSAoc3lzX3NldHJlc3VpZCsweDE4LzB4MWMpDQpbICAgNDIuNTc2OTYyXSBbPDgwMTM1MWIwPl0gKHN5c19zZXRyZXN1aWQpIGZyb20gWzw4MDEwMTAwMD5dIChyZXRfZmFzdF9zeXNjYWxsKzB4MC8weDI4KQ0KWyAgIDQyLjU4ODAzNl0gRXhjZXB0aW9uIHN0YWNrKDB4YjQwZWJmYTggdG8gMHhiNDBlYmZmMCkNClsgICA0Mi41OTQ2NzNdIGJmYTA6ICAgICAgICAgICAgICAgICAgIDAwMDAwMDAwIDAwMDAwMDAwIDAwMDAwMDAwIDAwMDAwMDAwIDAwMDAwMDAwIDAwMDAwMDAwDQpbICAgNDIuNjA1OTQ3XSBiZmMwOiAwMDAwMDAwMCAwMDAwMDAwMCAwMDAwMDAwMCAwMDAwMDBkMCAwMDAwMDAwMCAwMDAwMDAwMCAwMDAwMDAwMCA3ZTgwZWJjNA0KWyAgIDQyLjYxNzIwNV0gYmZlMDogNzZlNDY2OTQgN2U4MGViODggMDAwMTA4OTQgMDAwMTA3MDQNClsgICA0Mi42MjM4MDBdIENvZGU6IGUxYTAxMDBjIGUxNTEwMDAzIDBhMDAwMDBkIGU1OTFlMGM4IChlNTkzYzBjOCkgDQpbICAgNDIuNjMxNDM5XSAtLS1bIGVuZCB0cmFjZSBlN2NkYjFmM2ZmZjU1YTk0IF0tLS0NCg0NCgdNZXNzYWdlIGZyb20gc3lzbG9nZEByYXNwYmVycnlwaSBhdCBTZXAgMjYgMDU6MjU6MDkgLi4uDQ0KIGtlcm5lbDpbICAgNDIuMzIwNDg5XSBJbnRlcm5hbCBlcnJvcjogT29wczogNSBbIzFdIFNNUCBBUk0NCg0NDQoHTWVzc2FnZSBmcm9tIHN5c2xvZ2RAcmFzcGJlcnJ5cGkgYXQgU2VwIDI2IDA1OjI1OjA5IC4uLg0NCiBrZXJuZWw6WyAgIDQyLjQ0NjczOV0gUHJvY2VzcyB0cnltZSAocGlkOiA0MzgsIHN0YWNrIGxpbWl0ID0gMHhjMjZiYTFmOCkNCg0NDQoHTWVzc2FnZSBmcm9tIHN5c2xvZ2RAcmFzcGJlcnJ5cGkgYXQgU2VwIDI2IDA1OjI1OjA5IC4uLg0NCiBrZXJuZWw6WyAgIDQyLjQ1Mzc4N10gU3RhY2s6ICgweGI0MGViZjMwIHRvIDB4YjQwZWMwMDApDQoNDQ0KB01lc3NhZ2UgZnJvbSBzeXNsb2dkQHJhc3BiZXJyeXBpIGF0IFNlcCAyNiAwNToyNTowOSAuLi4NDQoga2VybmVsOlsgICA0Mi40NTkzMzJdIGJmMjA6ICAgICAgICAgICAgICAgICAgICAgICAgICAgICAgICAgICAgIGI0MGViZjRjIGI0MGViZjQwIDgwMTJiM2NjIDgwNGExNjY0DQoNDQ0KB01lc3NhZ2UgZnJvbSBzeXNsb2dkQHJhc3BiZXJyeXBpIGF0IFNlcCAyNiAwNToyNTowOSAuLi4NDQoga2VybmVsOlsgICA0Mi40Njk4MzZdIGJmNDA6IGI0MGViZjVjIGI0MGViZjUwIDgwMTJiM2ZjIDgwMTJiMzNjIGI0MGViZjk0IGI0MGViZjYwIDgwMTM1MDcwIDgwMTJiM2VjDQoNDQ0KB01lc3NhZ2UgZnJvbSBzeXNsb2dkQHJhc3BiZXJyeXBpIGF0IFNlcCAyNiAwNToyNTowOSAuLi4NDQoga2VybmVsOlsgICA0Mi40ODAzMDBdIGJmNjA6IDAwMDAwMDAzIGI1YmZkMDAwIDAwMDAwMDEwIDAwMDAwMDAwIDAwMDAwMDAwIDAwMDAwMDAwIDAwMDAwMGQwIDgwMTAxMWM0DQoNDQ0KB01lc3NhZ2UgZnJvbSBzeXNsb2dkQHJhc3BiZXJyeXBpIGF0IFNlcCAyNiAwNToyNTowOSAuLi4NDQoga2VybmVsOlsgICA0Mi40OTA3NjZdIGJmODA6IGI0MGVhMDAwIDAwMDAwMGQwIGI0MGViZmE0IGI0MGViZjk4IDgwMTM1MWIwIDgwMTM0ZmIwIDAwMDAwMDAwIGI0MGViZmE4DQoNDQ0KB01lc3NhZ2UgZnJvbSBzeXNsb2dkQHJhc3BiZXJyeXBpIGF0IFNlcCAyNiAwNToyNTowOSAuLi4NDQoga2VybmVsOlsgICA0Mi41MDEyNzBdIGJmYTA6IDgwMTAxMDAwIDgwMTM1MWE0IDAwMDAwMDAwIDAwMDAwMDAwIDAwMDAwMDAwIDAwMDAwMDAwIDAwMDAwMDAwIDAwMDAwMDAwDQoNDQ0KB01lc3NhZ2UgZnJvbSBzeXNsb2dkQHJhc3BiZXJyeXBpIGF0IFNlcCAyNiAwNToyNTowOSAuLi4NDQoga2VybmVsOlsgICA0Mi41MTE5MDFdIGJmYzA6IDAwMDAwMDAwIDAwMDAwMDAwIDAwMDAwMDAwIDAwMDAwMGQwIDAwMDAwMDAwIDAwMDAwMDAwIDAwMDAwMDAwIDdlODBlYmM0DQoNDQ0KB01lc3NhZ2UgZnJvbSBzeXNsb2dkQHJhc3BiZXJyeXBpIGF0IFNlcCAyNiAwNToyNTowOSAuLi4NDQoga2VybmVsOlsgICA0Mi41MjI2ODFdIGJmZTA6IA=='
175,175,b'IC4vdHJ5bWUNCjYyNTAwMDANCnBpQHJhc3BiZXJyeXBpOn4kIA=='
175,183,b'Li90cnltZQ0K'
175,159,b'IC4vdHJ5bWUNCjYyNTAwMDANCnBpQHJhc3BiZXJyeXBpOn4kIA=='
175,135,b'Li90cnltZQ0KNjI1MDAwMA0KcGlAcmFzcGJlcnJ5cGk6fiQg'
175,171,b'Li90cnltZQ0KNjI1MDAwMA0KcGlAcmFzcGJlcnJ5cGk6fiQg'
175,162,b'Li90cnltZQ0KNjI1MDAwMA0KcGlAcmFzcGJlcnJ5cGk6fiQg'
175,149,b'Li90cnltZQ0KNjI1MDAwMA0KcGlAcmFzcGJlcnJ5cGk6fiQg'
175,154,b'Li90cnltZQ0KNjI1MDAwMA0KcGlAcmFzcGJlcnJ5cGk6fiQg'
