187,112,b'Li90cnltZQ0KNjI1MDAwMA0KZ3JpOjEwMDAvMTAwMC8xMDAwcGlAcmFzcGJlcnJ5cGk6fiQg'
187,108,b'Li90cnltZQ0KNjI1MDAwMA0KZ3JpOjEwMDAvMTAwMC8xMDAwcGlAcmFzcGJlcnJ5cGk6fiQg'
187,133,b'Li90cnltZQ0KNjI1MDAwMA0KZ3JpOjEwMDAvMTAwMC8xMDAwcGlAcmFzcGJlcnJ5cGk6fiQg'
187,120,b'Li90cnltZQ0KNjI1MDAwMA0KZ3JpOjEwMDAvMTAwMC8xMDAwcGlAcmFzcGJlcnJ5cGk6fiQg'
187,112,b'Li90cnltZQ0KNjI1MDAwMA0KZ3JpOjEwMDAvMTAwMC8xMDAwcGlAcmFzcGJlcnJ5cGk6fiQg'
187,96,b'Li90cnltZQ0KNjI1MDAwMA0KZ3JpOjEwMDAvMTAwMC8xMDAwcGlAcmFzcGJlcnJ5cGk6fiQg'
187,133,b'Li90cnltZQ0K'
187,133,b'IC4vdHJ5bWUNCjYyNTAwMDANCmdyaToxMDAwLzEwMDAvMTAwMHBpQHJhc3BiZXJyeXBpOn4kIA=='
187,123,b'Li90cnltZQ0KNjI1MDAwMA0KZ3JpOjEwMDAvMTAwMC8xMDAwcGlAcmFzcGJlcnJ5cGk6fiQg'
187,135,b'Li90cnltZQ0KNjI1MDAwMA0KZ3JpOjEwMDAvMTAwMC8xMDAwcGlAcmFzcGJlcnJ5cGk6fiQg'
187,115,b'Li90cnltZQ0KNjI1MDAwMA0KZ3JpOjEwMDAvMTAwMC8xMDAwcGlAcmFzcGJlcnJ5cGk6fiQg'
187,121,b'Li90cnltZQ0KNjI1MDAwMA0KZ3JpOjEwMDAvMTAwMC8xMDAwcGlAcmFzcGJlcnJ5cGk6fiQg'
187,121,b'Li90cnltZQ0KNjI1MDAwMA0KZ3JpOjEwMDAvMTAwMC8xMDAwcGlAcmFzcGJlcnJ5cGk6fiQg'
187,120,b'Li90cnltZQ0KNjI1MDAwMA0KZ3JpOjEwMDAvMTAwMC8xMDAwcGlAcmFzcGJlcnJ5cGk6fiQg'
187,131,b'Li90cnltZQ0KWyAgIDQ2Ljg0NDEyNF0gVW5hYmxlIHRvIGhhbmRsZSBrZXJuZWwgTlVMTCBwb2ludGVyIGRlcmVmZXJlbmNlIGF0IHZpcnR1YWwgYWRkcmVzcyAwMDAwMDMyOA0KWyAgIDQ2Ljg1NDIwNl0gcGdkID0gOGZkYjBiZjENClsgICA0Ni44NTc4MDRdIFswMDAwMDMyOF0gKnBnZD0zNWI2YjgzNSwgKnB0ZT0wMDAwMDAwMCwgKnBwdGU9MDAwMDAwMDANClsgICA0Ni44NjUxMTNdIEludGVybmFsIGVycm9yOiBPb3BzOiAxNyBbIzFdIFNNUCBBUk0NCg0NCgdNZXNzYWdlIGZyb20gc3lzbG9nZEByYXNwYmVycnlwaSBhdCBTZXAgMjYgMDU6MjU6MTMgLi4uDQ0KIGtlcm5lbDpbICAgNDYuODY1MTEzXSBJbnRlcm5hbCBlcnJvcjogT29wczogMTcgWyMxXSBTTVAgQVJNDQoNWyAgIDQ2Ljg3MDgwOF0gTW9kdWxlcyBsaW5rZWQgaW46IGJuZXAgaGNpX3VhcnQgYnRiY20gc2VyZGV2IGJsdWV0b290aCBlY2RoX2dlbmVyaWMgc2hhMjU2X2dlbmVyaWMgY2ZnODAyMTEgcmZraWxsIDgwMjFxIGdhcnAgc3RwIGxsYyBiY20yODM1X2NvZGVjKEMpIGJjbTI4MzVfdjRsMihDKSBzbmRfYmNtMjgzNShDKSByYXNwYmVycnlwaV9od21vbiB2NGwyX21lbTJtZW0gaHdtb24gYmNtMjgzNV9tbWFsX3ZjaGlxKEMpIHNuZF9wY20gdmlkZW9idWYyX2RtYV9jb250aWcgdjRsMl9jb21tb24gdmlkZW9idWYyX3ZtYWxsb2MgdmlkZW9idWYyX21lbW9wcyB2aWRlb2J1ZjJfdjRsMiBzbmRfdGltZXIgdmlkZW9idWYyX2NvbW1vbiBzbmQgdmlkZW9kZXYgbWVkaWEgdmNfc21fY21hKEMpIGZpeGVkIHVpb19wZHJ2X2dlbmlycSB1aW8gaXBfdGFibGVzIHhfdGFibGVzIGlwdjYNClsgICA0Ni45MjMwNTddIENQVTogMyBQSUQ6IDQ0NiBDb21tOiB0cnltZSBUYWludGVkOiBHICAgICAgICAgQyAgICAgICAgNC4xOS43NS12NysgIzEyNzANClsgICA0Ni45MzY1NDBdIEhhcmR3YXJlIG5hbWU6IEJDTTI4MzUNClsgICA0Ni45NDI4MzddIFBDIGlzIGF0IGNvbW1pdF9jcmVkcysweDkwLzB4MjljDQpbICAgNDYuOTQ5OTgwXSBMUiBpcyBhdCBfX3N5c19zZXRyZXN1aWQrMHgxNjgvMHgxZjQNClsgICA0Ni45NTc0MjddIHBjIDogWzw4MDE0NTBjOD5dICAgIGxyIDogWzw4MDEzNTEwYz5dICAgIHBzcjogODAwMDAwMTMNClsgICA0Ni45NjY1ODNdIHNwIDogYjdmN2RmNjAgIGlwIDogYjdmN2RmNDAgIGZwIDogYjdmN2RmOTQNClsgICA0Ni45NzQ2OTZdIHIxMDogMDAwMDAwMDAgIHI5IDogMDAwMDAwMDAgIHI4IDogMDAwMDAwMDANClsgICA0Ni45ODI4MTJdIHI3IDogMDAwMDAwMDAgIHI2IDogMDAwMDAwMDAgIHI1IDogZmZmZmZmZmYgIHI0IDogYjVhYmQyODANClsgICA0Ni45OTIyMTZdIHIzIDogYjVhYmQyMDAgIHIyIDogMDAwMDAzZTggIHIxIDogMDAwMDAwMDEgIHIwIDogYjVhYmQyODANClsgICA0Ny4wMDE1MTVdIEZsYWdzOiBOemN2ICBJUlFzIG9uICBGSVFzIG9uICBNb2RlIFNWQ18zMiAgSVNBIEFSTSAgU2VnbWVudCB1c2VyDQpbICAgNDcuMDExNDMyXSBDb250cm9sOiAxMGM1MzgzZCAgVGFibGU6IDM3ZDk4MDZhICBEQUM6IDAwMDAwMDU1DQpbICAgNDcuMDE5OTg4XSBQcm9jZXNzIHRyeW1lIChwaWQ6IDQ0Niwgc3RhY2sgbGltaXQgPSAweDAxYmJiNjZjKQ0KWyAgIDQ3LjAyODYyNF0gU3RhY2s6ICgweGI3ZjdkZjYwIHRvIDB4YjdmN2UwMDApDQpbICAgNDcuMDM1NzE5XSBkZjYwOiAwMDAwMDAwMyBiNWFiZDIwMCAwMDAwMDAxMCAwMDAwMDAwMCAwMDAwMDAwMCAwMDAwMDAwMCAwMDAwMDBkMCA4MDEwMTFjNA0KWyAgIDQ3LjA0OTMzMl0gZGY4MDogYjdmN2MwMDAgMDAwMDAwZDAgYjdmN2RmYTQgYjdmN2RmOTggODAxMzUxYjAgODAxMzRmYjAgMDAwMDAwMDAgYjdmN2RmYTgNClsgICA0Ny4wNjI5MzNdIGRmYTA6IDgwMTAxMDAwIDgwMTM1MWE0IDAwMDAwMDAwIDAwMDAwMDAwIDAwMDAwMDAwIDAwMDAwMDAwIDAwMDAwMDAwIDAwMDAwMDAwDQpbICAgNDcuMDc2NTIxXSBkZmMwOiAwMDAwMDAwMCAwMDAwMDAwMCAwMDAwMDAwMCAwMDAwMDBkMCAwMDAwMDAwMCAwMDAwMDAwMCAwMDAwMDAwMCA3ZTllM2JjNA0KWyAgIDQ3LjA5MDIwMV0gZGZlMDogNzZmMWU2OTQgN2U5ZTNiNzggMDAwMTA5NjggMDAwMTA3MzggMDAwMDAwMTAgMDAwMDAwMDAgMDAwMDAwMDAgMDAwMDAwMDANClsgICA0Ny4xMDQxODFdIFs8ODAxNDUwYzg+XSAoY29tbWl0X2NyZWRzKSBmcm9tIFs8ODAxMzUxYjA+XSAoc3lzX3NldHJlc3VpZCsweDE4LzB4MWMpDQpbICAgNDcuMTE3OTM2XSBbPDgwMTM1MWIwPl0gKHN5c19zZXRyZXN1aWQpIGZyb20gWzw4MDEwMTAwMD5dIChyZXRfZmFzdF9zeXNjYWxsKzB4MC8weDI4KQ0KWyAgIDQ3LjEzMjE4M10gRXhjZXB0aW9uIHN0YWNrKDB4YjdmN2RmYTggdG8gMHhiN2Y3ZGZmMCkNClsgICA0Ny4xNDA1MzddIGRmYTA6ICAgICAgICAgICAgICAgICAgIDAwMDAwMDAwIDAwMDAwMDAwIDAwMDAwMDAwIDAwMDAwMDAwIDAwMDAwMDAwIDAwMDAwMDAwDQpbICAgNDcuMTU1MzgxXSBkZmMwOiAwMDAwMDAwMCAwMDAwMDAwMCAwMDAwMDAwMCAwMDAwMDBkMCAwMDAwMDAwMCAwMDAwMDAwMCAwMDAwMDAwMCA3ZTllM2JjNA0KWyAgIDQ3LjE3MDI5Nl0gZGZlMDogNzZmMWU2OTQgN2U5ZTNiNzggMDAwMTA5NjggMDAwMTA3MzgNClsgICA0Ny4xNzg3ODZdIENvZGU6IGUxNWMwMDAzIDBhMDAwMDUwIGU1OTYwMzI4IGUzNTAwMDAwICgwYTAwMDAwMykgDQoNDQoHTWVzc2FnZSBmcm9tIHN5WyAgIDQ3LjE4ODQyN10gLS0tWyBlbmQgdHJhY2UgYTk2MzA3OWU1N2I0OTJmMyBdLS0tDQpzbG9nZEByYXNwYmVycnlwaSBhdCBTZXAgMjYgMDU6MjU6MTMgLi4uDQ0KIGtlcm5lbDpbICAgNDcuMDE5OTg4XSBQcm9jZXNzIHRyeW1lIChwaWQ6IDQ0Niwgc3RhY2sgbGltaXQgPSAweDAxYmJiNjZjKQ0KDQ0NCgdNZXNzYWdlIGZyb20gc3lzbG9nZEByYXNwYmVycnlwaSBhdCBTZXAgMjYgMDU6MjU6MTMgLi4uDQ0KIGtlcm5lbDpbICAgNDcuMDI4NjI0XSBTdGFjazogKDB4YjdmN2RmNjAgdG8gMHhiN2Y3ZTAwMCkNCg0NDQoHTWVzc2FnZSBmcm9tIHN5c2xvZ2RAcmFzcGJlcnJ5cGkgYXQgU2VwIDI2IDA1OjI1OjEzIC4uLg0NCiBrZXJuZWw6WyAgIDQ3LjAzNTcxOV0gZGY2MDogMDAwMDAwMDMgYjVhYmQyMDAgMDAwMDAwMTAgMDAwMDAwMDAgMDAwMDAwMDAgMDAwMDAwMDAgMDAwMDAwZDAgODAxMDExYzQNCg0NDQoHTWVzc2FnZSBmcm9tIHN5c2xvZ2RAcmFzcGJlcnJ5cGkgYXQgU2VwIDI2IDA1OjI1OjEzIC4uLg0NCiBrZXJuZWw6WyAgIDQ3LjA0OTMzMl0gZGY4MDogYjdmN2MwMDAgMDAwMDAwZDAgYjdmN2RmYTQgYjdmN2RmOTggODAxMzUxYjAgODAxMzRmYjAgMDAwMDAwMDAgYjdmN2RmYTgNCg0NDQoHTWVzc2FnZSBmcm9tIHN5c2xvZ2RAcmFzcGJlcnJ5cGkgYXQgU2VwIDI2IDA1OjI1OjEzIC4uLg0NCiBrZXJuZWw6WyAgIDQ3LjA2MjkzM10gZGZhMDogODAxMDEwMDAgODAxMzUxYTQgMDAwMDAwMDAgMDAwMDAwMDAgMDAwMDAwMDAgMDAwMDAwMDAgMDAwMDAwMDAgMDAwMDAwMDANCg0NDQoHTWVzc2FnZSBmcm9tIHN5c2xvZ2RAcmFzcGJlcnJ5cGkgYXQgU2VwIDI2IDA1OjI1OjEzIC4uLg0NCiBrZXJuZWw6WyAgIDQ3LjA3NjUyMV0gZGZjMDogMDAwMDAwMDAgMDAwMDAwMDAgMDAwMDAwMDAgMDAwMDAwZDAgMDAwMDAwMDAgMDAwMDAwMDAgMDAwMDAwMDAgN2U5ZTNiYzQNCg0NDQoHTWVzc2FnZSBmcm9tIHN5c2xvZ2RAcmFzcGJlcnJ5cGkgYXQgU2VwIDI2IDA1OjI1OjEzIC4uLg0NCiBrZXJuZWw6WyAgIDQ3LjA5MDIwMV0gZGZlMDogNzZmMWU2OTQgN2U5ZTNiNzggMDAwMTA5NjggMDAwMTA3MzggMDAwMDAwMTAgMDAwMDAwMDAgMDAwMDAwMDAgMDAwMDAwMDANCg0NDQoHTWVzc2FnZSBmcm9tIHN5c2xvZ2RAcmFzcGJlcnJ5cGkgYXQgU2VwIDI2IDA1OjI1OjEzIC4uLg0NCiBrZXJuZWw6WyAgIDQ3LjE3ODc4Nl0gQ29kZTogZTE1YzAwMDMgMGEwMDAwNTAgZTU5NjAzMjggZTM1MDAwMDAgKDBhMDAwMDAzKSANCg1TZWdtZW50YXRpb24gZmF1bHQNCnBpQHJhc3BiZXJyeXBpOn4kIA=='
187,133,b'Li90cnltZQ0K'
187,103,b'IC4vdHJ5bWUNCjYyNTAwMDANCmdyaToxMDAwLzEwMDAvMTAwMHBpQHJhc3BiZXJyeXBpOn4kIA=='
187,100,b'Li90cnltZQ0KNjI1MDAwMA0KZ3JpOjEwMDAvMTAwMC8xMDAwcGlAcmFzcGJlcnJ5cGk6fiQg'
187,129,b'Li90cnltZQ0KNjI1MDAwMA0KZ3JpOjEwMDAvMTAwMC8xMDAwcGlAcmFzcGJlcnJ5cGk6fiQg'
187,114,b'Li90cnltZQ0KNjI1MDAwMA0KZ3JpOjEwMDAvMTAwMC8xMDAwcGlAcmFzcGJlcnJ5cGk6fiQg'
187,134,b'Li90cnltZQ0KNjI1MDAwMA0KZ3JpOjEwMDAvMTAwMC8xMDAwcGlAcmFzcGJlcnJ5cGk6fiQg'
187,107,b'Li90cnltZQ0KNjI1MDAwMA0KZ3JpOjEwMDAvMTAwMC8xMDAwcGlAcmFzcGJlcnJ5cGk6fiQg'
187,114,b'Li90cnltZQ0KNjI1MDAwMA0KZ3JpOjEwMDAvMTAwMC8xMDAwcGlAcmFzcGJlcnJ5cGk6fiQg'
187,132,b'Li90cnltZQ0KWyAgIDQ2Ljg5NDA3NF0gVW5hYmxlIHRvIGhhbmRsZSBrZXJuZWwgTlVMTCBwb2ludGVyIGRlcmVmZXJlbmNlIGF0IHZpcnR1YWwgYWRkcmVzcyAwMDAwMDBjOA0KWyAgIDQ2LjkwNDE3NV0gcGdkID0gMmIxM2M5MjQNClsgICA0Ni45MDc3NzhdIFswMDAwMDBjOF0gKnBnZD0zNTljMTgzNSwgKnB0ZT0wMDAwMDAwMCwgKnBwdGU9MDAwMDAwMDANCg0NCgdNZXNzWyAgIDQ2LjkxNTA5N10gSW50ZXJuYWwgZXJyb3I6IE9vcHM6IDE3IFsjMV0gU01QIEFSTQ0KYWdlIGZyb20gc3lzbG9nZEByYXNwYmVycnlwaSBhdCBTZXAgMjYgMDU6MjU6MTMgLi4uDQ0KIGtlcm5lbDpbICAgNDYuOTE1MDk3XSBJbnRbICAgNDYuOTIwOTQ1XSBNb2R1bGVzIGxpbmtlZCBpbjogYm5lcCBoY2lfdWFydCBidGJjbSBzZXJkZXYgYmx1ZXRvb3RoIGVjZGhfZ2VuZXJpYyBzaGEyNTZfZ2VuZXJpYyBjZmc4MDIxMSByZmtpbGwgODAyMXEgZ2FycCBzdHAgbGxjIHJhc3BiZXJyeXBpX2h3bW9uIGh3bW9uIGJjbTI4MzVfY29kZWMoQykgc25kX2JjbTI4MzUoQykgYmNtMjgzNV92NGwyKEMpIHY0bDJfbWVtMm1lbSBiY20yODM1X21tYWxfdmNoaXEoQykgdmlkZW9idWYyX2RtYV9jb250aWcgc25kX3BjbSB2NGwyX2NvbW1vbiB2aWRlb2J1ZjJfdm1hbGxvYyB2aWRlb2J1ZjJfbWVtb3BzIHNuZF90aW1lciB2aWRlb2J1ZjJfdjRsMiBzbmQgdmlkZW9idWYyX2NvbW1vbiB2aWRlb2RldiB2Y19zbV9jbWEoQykgbWVkaWEgdWlvX3BkcnZfZ2VuaXJxIHVpbyBmaXhlZCBpcF90YWJsZXMgeF90YWJsZXMgaXB2Ng0KZXJuYWwgZXJyb3I6IE9vcHM6IDE3IFsjMV0gU01QIEFSTQ0KDVsgICA0Ni45NjY5NTddIENQVTogMSBQSUQ6IDQ0NiBDb21tOiB0cnltZSBUYWludGVkOiBHICAgICAgICAgQyAgICAgICAgNC4xOS43NS12NysgIzEyNzANClsgICA0Ni45ODA1MDFdIEhhcmR3YXJlIG5hbWU6IEJDTTI4MzUNClsgICA0Ni45ODY4MzBdIFBDIGlzIGF0IGNhcF9jYXBhYmxlKzB4MmMvMHg4Yw0KWyAgIDQ2Ljk5MzgxMl0gTFIgaXMgYXQgICAobnVsbCkNClsgICA0Ni45OTk1NTddIHBjIDogWzw4MDRhMTY4ND5dICAgIGxyIDogWzwwMDAwMDAwMD5dICAgIHBzcjogYTAwMDAwMTMNClsgICA0Ny4wMDg3MTldIHNwIDogYjViMzFmMzAgIGlwIDogYjViMzFmNDAgIGZwIDogYjViMzFmM2MNClsgICA0Ny4wMTY4NDRdIHIxMDogMDAwMDAwMDAgIHI5IDogMDAwMDAwMDAgIHI4IDogMDAwMDAwMDANClsgICA0Ny4wMjQ5NzRdIHI3IDogMDAwMDAwMDAgIHI2IDogMDAwMDAwMDAgIHI1IDogMDAwMDAwMDAgIHI0IDogYjdkODkzMDANClsgICA0Ny4wMzQzNzBdIHIzIDogMDAwMDAwMDAgIHIyIDogMDAwMDAwMDcgIHIxIDogODBkMGQ2NDAgIHIwIDogYjQ1MDkyODANClsgICA0Ny4wNDM2NDldIEZsYWdzOiBOekN2ICBJUlFzIG9uICBGSVFzIG9uICBNb2RlIFNWQ18zMiAgSVNBIEFSTSAgU2VnbWVudCB1c2VyDQpbICAgNDcuMDUyMDU1XSBDb250cm9sOiAxMGM1MzgzZCAgVGFibGU6IDM0MTk0MDZhICBEQUM6IDAwMDAwMDU1DQpbICAgNDcuMDU5MDUyXSBQcm9jZXNzIHRyeW1lIChwaWQ6IDQ0Niwgc3RhY2sgbGltaXQgPSAweDRjNDI4NDY5KQ0KWyAgIDQ3LjA2NjEzMV0gU3RhY2s6ICgweGI1YjMxZjMwIHRvIDB4YjViMzIwMDApDQpbICAgNDcuMDcxNjkzXSAxZjIwOiAgICAgICAgICAgICAgICAgICAgICAgICAgICAgICAgICAgICBiNWIzMWY0YyBiNWIzMWY0MCA4MDEyYjNjYyA4MDRhMTY2NA0KWyAgIDQ3LjA4MjIyNV0gMWY0MDogYjViMzFmNWMgYjViMzFmNTAgODAxMmIzZmMgODAxMmIzM2MgYjViMzFmOTQgYjViMzFmNjAgODAxMzUwNzAgODAxMmIzZWMNClsgICA0Ny4wOTI3MTddIDFmNjA6IDAwMDAwMDAzIGI3ZDg5MjgwIDAwMDAwMDEwIDAwMDAwMDAwIDAwMDAwMDAwIDAwMDAwMDAwIDAwMDAwMGQwIDgwMTAxMWM0DQpbICAgNDcuMTAzMjAxXSAxZjgwOiBiNWIzMDAwMCAwMDAwMDBkMCBiNWIzMWZhNCBiNWIzMWY5OCA4MDEzNTFiMCA4MDEzNGZiMCAwMDAwMDAwMCBiNWIzMWZhOA0KWyAgIDQ3LjExMzcyNF0gMWZhMDogODAxMDEwMDAgODAxMzUxYTQgMDAwMDAwMDAgMDAwMDAwMDAgMDAwMDAwMDAgMDAwMDAwMDAgMDAwMDAwMDAgMDAwMDAwMDANClsgICA0Ny4xMjQzNzRdIDFmYzA6IDAwMDAwMDAwIDAwMDAwMDAwIDAwMDAwMDAwIDAwMDAwMGQwIDAwMDAwMDAwIDAwMDAwMDAwIDAwMDAwMDAwIDdlYTc3YmM0DQpbICAgNDcuMTM1MTc0XSAxZmUwOiA3NmYwYjY5NCA3ZWE3N2I3OCAwMDAxMDk2OCAwMDAxMDczOCAwMDAwMDAxMCAwMDAwMDAwMCAwMDAwMDAwMCAwMDAwMDAwMA0KWyAgIDQ3LjE0NjA3NV0gWzw4MDRhMTY4ND5dIChjYXBfY2FwYWJsZSkgZnJvbSBbPDgwMTJiM2NjPl0gKG5zX2NhcGFibGVfY29tbW9uKzB4OWMvMHhiMCkNClsgICA0Ny4xNTY4OTBdIFs8ODAxMmIzY2M+XSAobnNfY2FwYWJsZV9jb21tb24pIGZyb20gWzw4MDEyYjNmYz5dIChuc19jYXBhYmxlKzB4MWMvMHgyMCkNClsgICA0Ny4xNjc2OTJdIFs8ODAxMmIzZmM+XSAobnNfY2FwYWJsZSkgZnJvbSBbPDgwMTM1MDcwPl0gKF9fc3lzX3NldHJlc3VpZCsweGNjLzB4MWY0KQ0KWyAgIDQ3LjE3ODQ4OF0gWzw4MDEzNTA3MD5dIChfX3N5c19zZXRyZXN1aWQpIGZyb20gWzw4MDEzNTFiMD5dIChzeXNfc2V0cmVzdWlkKzB4MTgvMHgxYykNClsgICA0Ny4xODk1NDddIFs8ODAxMzUxYjA+XSAoc3lzX3NldHJlc3VpZCkgZnJvbSBbPDgwMTAxMDAwPl0gKHJldF9mYXN0X3N5c2NhbGwrMHgwLzB4MjgpDQpbICAgNDcuMjAwNjM5XSBFeGNlcHRpb24gc3RhY2soMHhiNWIzMWZhOCB0byAweGI1YjMxZmYwKQ0KWyAgIDQ3LjIwNzI4NF0gMWZhMDogICAgICAgICAgICAgICAgICAgMDAwMDAwMDAgMDAwMDAwMDAgMDAwMDAwMDAgMDAwMDAwMDAgMDAwMDAwMDAgMDAwMDAwMDANClsgICA0Ny4yMTg1NzRdIDFmYzA6IDAwMDAwMDAwIDAwMDAwMDAwIDAwMDAwMDAwIDAwMDAwMGQwIDAwMDAwMDAwIDAwMDAwMDAwIDAwMDAwMDAwIDdlYTc3YmM0DQpbICAgNDcuMjI5ODQ3XSAxZmUwOiA3NmYwYjY5NCA3ZWE3N2I3OCAwMDAxMDk2OCAwMDAxMDczOA0KWyAgIDQ3LjIzNjQ0OV0gQ29kZTogZTFhMDEwMGMgZTE1MTAwMDMgMGEwMDAwMGQgZTU5MWUwYzggKGU1OTNjMGM4KSANCg0NCgdNZXNzYWdlIGZyb20gc3lbICAgNDcuMjQ0MTQ2XSAtLS1bIGVuZCB0cmFjZSAzNjA0MGFkZDA1MzJiNDI2IF0tLS0NCnNsb2dkQHJhc3BiZXJyeXBpIGF0IFNlcCAyNiAwNToyNToxMyAuLi4NDQoga2VybmVsOlsgICA0Ny4wNTkwNTJdIFByb2Nlc3MgdHJ5bWUgKHBpZDogNDQ2LCBzdGFjayBsaW1pdCA9IDB4NGM0Mjg0NjkpDQoNDQ0KB01lc3NhZ2UgZnJvbSBzeXNsb2dkQHJhc3BiZXJyeXBpIGF0IFNlcCAyNiAwNToyNToxMyAuLi4NDQoga2VybmVsOlsgICA0Ny4wNjYxMzFdIFN0YWNrOiAoMHhiNWIzMWYzMCB0byAweGI1YjMyMDAwKQ0KDQ0NCgdNZXNzYWdlIGZyb20gc3lzbG9nZEByYXNwYmVycnlwaSBhdCBTZXAgMjYgMDU6MjU6MTMgLi4uDQ0KIGtlcm5lbDpbICAgNDcuMDcxNjkzXSAxZjIwOiAgICAgICAgICAgICAgICAgICAgICAgICAgICAgICAgICAgICBiNWIzMWY0YyBiNWIzMWY0MCA4MDEyYjNjYyA4MDRhMTY2NA0KDQ0NCgdNZXNzYWdlIGZyb20gc3lzbG9nZEByYXNwYmVycnlwaSBhdCBTZXAgMjYgMDU6MjU6MTMgLi4uDQ0KIGtlcm5lbDpbICAgNDcuMDgyMjI1XSAxZjQwOiBiNWIzMWY1YyBiNWIzMWY1MCA4MDEyYjNmYyA4MDEyYjMzYyBiNWIzMWY5NCBiNWIzMWY2MCA4MDEzNTA3MCA4MDEyYjNlYw0KDQ0NCgdNZXNzYWdlIGZyb20gc3lzbG9nZEByYXNwYmVycnlwaSBhdCBTZXAgMjYgMDU6MjU6MTMgLi4uDQ0KIGtlcm5lbDpbICAgNDcuMDkyNzE3XSAxZjYwOiAwMDAwMDAwMyBiN2Q4OTI4MCAwMDAwMDAxMCAwMDAwMDAwMCAwMDAwMDAwMCAwMDAwMDAwMCAwMDAwMDBkMCA4MDEwMTFjNA0KDQ0NCgdNZXNzYWdlIGZyb20gc3lzbG9nZEByYXNwYmVycnlwaSBhdCBTZXAgMjYgMDU6MjU6MTMgLi4uDQ0KIGtlcm5lbDpbICAgNDcuMTAzMjAxXSAxZjgwOiBiNWIzMDAwMCAwMDAwMDBkMCBiNWIzMWZhNCBiNWIzMWY5OCA4MDEzNTFiMCA4MDEzNGZiMCAwMDAwMDAwMCBiNWIzMWZhOA0KDQ0NCgdNZXNzYWdlIGZyb20gc3lzbG9nZEByYXNwYmVycnlwaSBhdCBTZXAgMjYgMDU6MjU6MTMgLi4uDQ0KIGtlcm5lbDpbICAgNDcuMTEzNzI0XSAxZmEwOiA4MDEwMTAwMCA4MDEzNTFhNCAwMDAwMDAwMCAwMDAwMDAwMCAwMDAwMDAwMCAwMDAwMDAwMCAwMDAwMDAwMCAwMDAwMDAwMA0KDQ0NCgdNZXNzYWdlIGZyb20gc3lzbG9nZEByYXNwYmVycnlwaSBhdCBTZXAgMjYgMDU6MjU6MTMgLi4uDQ0KIGtlcm5lbDpbICAgNDcuMTI0Mzc0XSAxZmMwOiAwMDAwMDAwMCAwMDAwMDAwMCAwMDAwMDAwMCAwMDAwMDBkMCAwMDAwMDAwMCAwMDAwMDAwMCAwMDAwMDAwMCA3ZWE3N2JjNA0KDQ0NCgdNZXNzYWdlIGZyb20gc3lzbG9nZEByYXNwYmVycnlwaSBhdCBTZXAgMjYgMDU6MjU6MTMgLi4uDQ0KIGtlcm5lbDpbICAgNDcuMTM1MTc0XSAxZmUwOiA3NmYwYjY5NCA3ZWE3N2I3OCAwMDAxMDk2OCAwMDAxMDczOCAwMDAwMDAxMCAwMDAwMDAwMCAwMDAwMDAwMCAwMDAwMDAwMA0KDQ0NCgdNZXNzYWdlIGZyb20gc3lzbG9nZEByYXNwYmVycnlwaSBhdCBTZXAgMjYgMDU6MjU6MTMgLi4uDQ0KIGtlcm5lbDpbICAgNDcuMjM2NDQ5XSBDb2RlOiBlMWEwMTAwYyBlMTUxMDAwMyAwYTAwMDAwZCBlNTkxZTBjOCAoZTU5M2MwYzgpIA0KDVNlZ21lbnRhdGlvbiBmYXVsdA0KcGlAcmFzcGJlcnJ5cGk6fiQg'
187,109,b'Li90cnltZQ0KNjI1MDAwMA0KZ3JpOjEwMDAvMTAwMC8xMDAwcGlAcmFzcGJlcnJ5cGk6fiQg'
187,130,b'Li90cnltZQ0KNjI1MDAwMA0KZ3JpOjEwMDAvMTAwMC8xMDAwcGlAcmFzcGJlcnJ5cGk6fiQg'
187,106,b'Li90cnltZQ0KNjI1MDAwMA0KZ3JpOjEwMDAvMTAwMC8xMDAwcGlAcmFzcGJlcnJ5cGk6fiQg'
187,120,b'Li90cnltZQ0KNjI1MDAwMA0KZ3JpOjEwMDAvMTAwMC8xMDAwcGlAcmFzcGJlcnJ5cGk6fiQg'
187,109,b'Li90cnltZQ0KNjI1MDAwMA0KZ3JpOjEwMDAvMTAwMC8xMDAwcGlAcmFzcGJlcnJ5cGk6fiQg'
187,110,b'Li90cnltZQ0KNjI1MDAwMA0KZ3JpOjEwMDAvMTAwMC8xMDAwcGlAcmFzcGJlcnJ5cGk6fiQg'
187,126,b'Li90cnltZQ0KNjI1MDAwMA0KZ3JpOjEwMDAvMTAwMC8xMDAwcGlAcmFzcGJlcnJ5cGk6fiQg'
187,129,b'Li90cnltZQ0KNjI1MDAwMA0KZ3JpOjEwMDAvMTAwMC8xMDAwcGlAcmFzcGJlcnJ5cGk6fiQg'
187,99,b'Li90cnltZQ0KNjI1MDAwMA0KZ3JpOjEwMDAvMTAwMC8xMDAwcGlAcmFzcGJlcnJ5cGk6fiQg'
187,104,b'Li90cnltZQ0KNjI1MDAwMA0KZ3JpOjEwMDAvMTAwMC8xMDAwcGlAcmFzcGJlcnJ5cGk6fiQg'
187,133,b'Li90cnltZQ0KNjI1MDAwMA0KZ3JpOjEwMDAvMTAwMC8xMDAwcGlAcmFzcGJlcnJ5cGk6fiQg'
187,125,b'Li90cnltZQ0KNjI1MDAwMA0KZ3JpOjEwMDAvMTAwMC8xMDAwcGlAcmFzcGJlcnJ5cGk6fiQg'
187,104,b'Li90cnltZQ0KNjI1MDAwMA0KZ3JpOjEwMDAvMTAwMC8xMDAwcGlAcmFzcGJlcnJ5cGk6fiQg'
187,107,b'Li90cnltZQ0KNjI1MDAwMA0KZ3JpOjEwMDAvMTAwMC8xMDAwcGlAcmFzcGJlcnJ5cGk6fiQg'
187,119,b'Li90cnltZQ0KNjI1MDAwMA0KZ3JpOjEwMDAvMTAwMC8xMDAwcGlAcmFzcGJlcnJ5cGk6fiQg'
187,120,b'Li90cnltZQ0KNjI1MDAwMA0KZ3JpOjEwMDAvMTAwMC8xMDAwcGlAcmFzcGJlcnJ5cGk6fiQg'
187,107,b'Li90cnltZQ0KNjI1MDAwMA0KZ3JpOjEwMDAvMTAwMC8xMDAwcGlAcmFzcGJlcnJ5cGk6fiQg'
187,105,b'Li90cnltZQ0KNjI1MDAwMA0KZ3JpOjEwMDAvMTAwMC8xMDAwcGlAcmFzcGJlcnJ5cGk6fiQg'
187,105,b'Li90cnltZQ0KNjI1MDAwMA0KZ3JpOjEwMDAvMTAwMC8xMDAwcGlAcmFzcGJlcnJ5cGk6fiQg'
187,123,b'Li90cnltZQ0KNjI1MDAwMA0KZ3JpOjEwMDAvMTAwMC8xMDAwcGlAcmFzcGJlcnJ5cGk6fiQg'
187,120,b'Li90cnltZQ0KNjI1MDAwMA0KZ3JpOjEwMDAvMTAwMC8xMDAwcGlAcmFzcGJlcnJ5cGk6fiQg'
187,95,b'Li90cnltZQ0KNjI1MDAwMA0KZ3JpOjEwMDAvMTAwMC8xMDAwcGlAcmFzcGJlcnJ5cGk6fiQg'
187,128,b'Li90cnltZQ0KNjI1MDAwMA0KZ3JpOjEwMDAvMTAwMC8xMDAwcGlAcmFzcGJlcnJ5cGk6fiQg'
187,112,b'Li90cnltZQ0KNjI1MDAwMA0KZ3JpOjEwMDAvMTAwMC8xMDAwcGlAcmFzcGJlcnJ5cGk6fiQg'
187,116,b'Li90cnltZQ0KNjI1MDAwMA0KZ3JpOjEwMDAvMTAwMC8xMDAwcGlAcmFzcGJlcnJ5cGk6fiQg'
187,106,b'Li90cnltZQ0KNjI1MDAwMA0KZ3JpOjEwMDAvMTAwMC8xMDAwcGlAcmFzcGJlcnJ5cGk6fiQg'
187,104,b'Li90cnltZQ0KNjI1MDAwMA0KZ3JpOjEwMDAvMTAwMC8xMDAwcGlAcmFzcGJlcnJ5cGk6fiQg'
187,107,b'Li90cnltZQ0KNjI1MDAwMA0KZ3JpOjEwMDAvMTAwMC8xMDAwcGlAcmFzcGJlcnJ5cGk6fiQg'
187,104,b'Li90cnltZQ0KNjI1MDAwMA0KZ3JpOjEwMDAvMTAwMC8xMDAwcGlAcmFzcGJlcnJ5cGk6fiQg'
187,106,b'Li90cnltZQ0KNjI1MDAwMA0KZ3JpOjEwMDAvMTAwMC8xMDAwcGlAcmFzcGJlcnJ5cGk6fiQg'
187,131,b'Li90cnltZQ0KWyAgIDcwLjM4NDA3M10gVW5hYmxlIHRvIGhhbmRsZSBrZXJuZWwgcGFnaW5nIHJlcXVlc3QgYXQgdmlydHVhbCBhZGRyZXNzIDU1NTc3NWJmDQpbICAgNzAuMzkyOTg0XSBwZ2QgPSAyYjEzYzkyNA0KWyAgIDcwLjM5NzExN10gWzU1NTc3NWJmXSAqcGdkPTAwMDAwMDAwDQoNDQoHTWVzc2FnZSBmcm9tWyAgIDcwLjQwMjEyMF0gSW50ZXJuYWwgZXJyb3I6IE9vcHM6IDUgWyMyXSBTTVAgQVJNDQogc3lzbG9nZEByYXNwYmVycnlwaSBhdCBTZXAgMjYgMDU6MjU6MzcgLi4uDQ0KIGtlcm5lbDpbICAgNzAuNDAyMTIwXSBJbnRlcm5hbCBlcnJvcjogT29wczogNSBbIzJbICAgNzAuNDA4NjM2XSBNb2R1bGVzIGxpbmtlZCBpbjogYm5lcCBoY2lfdWFydCBidGJjbSBzZXJkZXYgYmx1ZXRvb3RoIGVjZGhfZ2VuZXJpYyBzaGEyNTZfZ2VuZXJpYyBjZmc4MDIxMSByZmtpbGwgODAyMXEgZ2FycCBzdHAgbGxjIHJhc3BiZXJyeXBpX2h3bW9uIGh3bW9uIGJjbTI4MzVfY29kZWMoQykgc25kX2JjbTI4MzUoQykgYmNtMjgzNV92NGwyKEMpIHY0bDJfbWVtMm1lbSBiY20yODM1X21tYWxfdmNoaXEoQykgdmlkZW9idWYyX2RtYV9jb250aWcgc25kX3BjbSB2NGwyX2NvbW1vbiB2aWRlb2J1ZjJfdm1hbGxvYyB2aWRlb2J1ZjJfbWVtb3BzIHNuZF90aW1lciB2aWRlb2J1ZjJfdjRsMiBzbmQgdmlkZW9idWYyX2NvbW1vbiB2aWRlb2RldiB2Y19zbV9jbWEoQykgbWVkaWEgdWlvX3BkcnZfZ2VuaXJxIHVpbyBmaXhlZCBpcF90YWJsZXMgeF90YWJsZXMgaXB2Ng0KXSBTTVAgQVJNDQoNWyAgIDcwLjQ1NjA1M10gQ1BVOiAzIFBJRDogNDc3IENvbW06IHRyeW1lIFRhaW50ZWQ6IEcgICAgICBEICBDICAgICAgICA0LjE5Ljc1LXY3KyAjMTI3MA0KWyAgIDcwLjQ2NjU4Ml0gSGFyZHdhcmUgbmFtZTogQkNNMjgzNQ0KWyAgIDcwLjQ3MTMwMV0gUEMgaXMgYXQgY2FwX2NhcGFibGUrMHgxNC8weDhjDQpbICAgNzAuNDc2Njk1XSBMUiBpcyBhdCBuc19jYXBhYmxlX2NvbW1vbisweDljLzB4YjANClsgICA3MC40ODI1OTVdIHBjIDogWzw4MDRhMTY2Yz5dICAgIGxyIDogWzw4MDEyYjNjYz5dICAgIHBzcjogMjAwMDAwMTMNClsgICA3MC40OTAxNjldIHNwIDogYjViMzFmMzAgIGlwIDogYjViMzFmNDAgIGZwIDogYjViMzFmM2MNClsgICA3MC40OTY2NTNdIHIxMDogMDAwMDAwMDAgIHI5IDogMDAwMDAwMDAgIHI4IDogMDAwMDAwMDANClsgICA3MC41MDMxMjRdIHI3IDogMDAwMDAwMDAgIHI2IDogMDAwMDAwMDAgIHI1IDogMDAwMDAwMDAgIHI0IDogYjU4NTRiMDANClsgICA3MC41MTA5MDhdIHIzIDogMDAwMDAwMDEgIHIyIDogMDAwMDAwMDcgIHIxIDogODBkMGQ2NDAgIHIwIDogNTU1Nzc1NTcNClsgICA3MC41MTg2NzBdIEZsYWdzOiBuekN2ICBJUlFzIG9uICBGSVFzIG9uICBNb2RlIFNWQ18zMiAgSVNBIEFSTSAgU2VnbWVudCB1c2VyDQpbICAgNzAuNTI3MDUwXSBDb250cm9sOiAxMGM1MzgzZCAgVGFibGU6IDM0MTk0MDZhICBEQUM6IDAwMDAwMDU1DQpbICAgNzAuNTM0MDA1XSBQcm9jZXNzIHRyeW1lIChwaWQ6IDQ3Nywgc3RhY2sgbGltaXQgPSAweDRjNDI4NDY5KQ0KWyAgIDcwLjU0MTA3Ml0gU3RhY2s6ICgweGI1YjMxZjMwIHRvIDB4YjViMzIwMDApDQpbICAgNzAuNTQ2NjM2XSAxZjIwOiAgICAgICAgICAgICAgICAgICAgICAgICAgICAgICAgICAgICBiNWIzMWY0YyBiNWIzMWY0MCA4MDEyYjNjYyA4MDRhMTY2NA0KWyAgIDcwLjU1NzE3NV0gMWY0MDogYjViMzFmNWMgYjViMzFmNTAgODAxMmIzZmMgODAxMmIzM2MgYjViMzFmOTQgYjViMzFmNjAgODAxMzUwNzAgODAxMmIzZWMNClsgICA3MC41Njc2NzddIDFmNjA6IDAwMDAwMDAzIGI1ODU0YTgwIDAwMDAwMDEwIDAwMDAwMDAwIDAwMDAwMDAwIDAwMDAwMDAwIDAwMDAwMGQwIDgwMTAxMWM0DQpbICAgNzAuNTc4MTY4XSAxZjgwOiBiNWIzMDAwMCAwMDAwMDBkMCBiNWIzMWZhNCBiNWIzMWY5OCA4MDEzNTFiMCA4MDEzNGZiMCAwMDAwMDAwMCBiNWIzMWZhOA0KWyAgIDcwLjU4ODY5MV0gMWZhMDogODAxMDEwMDAgODAxMzUxYTQgMDAwMDAwMDAgMDAwMDAwMDAgMDAwMDAwMDAgMDAwMDAwMDAgMDAwMDAwMDAgMDAwMDAwMDANClsgICA3MC41OTkzNDJdIDFmYzA6IDAwMDAwMDAwIDAwMDAwMDAwIDAwMDAwMDAwIDAwMDAwMGQwIDAwMDAwMDAwIDAwMDAwMDAwIDAwMDAwMDAwIDdlYzExYmM0DQpbICAgNzAuNjEwMTMwXSAxZmUwOiA3NmVlMTY5NCA3ZWMxMWI3OCAwMDAxMDk2OCAwMDAxMDczOCAwMDAwMDAxMCAwMDAwMDAwMCAwMDAwMDAwMCAwMDAwMDAwMA0KWyAgIDcwLjYyMTAyMF0gWzw4MDRhMTY2Yz5dIChjYXBfY2FwYWJsZSkgZnJvbSBbPDgwMTJiM2NjPl0gKG5zX2NhcGFibGVfY29tbW9uKzB4OWMvMHhiMCkNClsgICA3MC42MzE4MTJdIFs8ODAxMmIzY2M+XSAobnNfY2FwYWJsZV9jb21tb24pIGZyb20gWzw4MDEyYjNmYz5dIChuc19jYXBhYmxlKzB4MWMvMHgyMCkNClsgICA3MC42NDI1OTNdIFs8ODAxMmIzZmM+XSAobnNfY2FwYWJsZSkgZnJvbSBbPDgwMTM1MDcwPl0gKF9fc3lzX3NldHJlc3VpZCsweGNjLzB4MWY0KQ0KWyAgIDcwLjY1MzM2Nl0gWzw4MDEzNTA3MD5dIChfX3N5c19zZXRyZXN1aWQpIGZyb20gWzw4MDEzNTFiMD5dIChzeXNfc2V0cmVzdWlkKzB4MTgvMHgxYykNClsgICA3MC42NjQ0MDNdIFs8ODAxMzUxYjA+XSAoc3lzX3NldHJlc3VpZCkgZnJvbSBbPDgwMTAxMDAwPl0gKHJldF9mYXN0X3N5c2NhbGwrMHgwLzB4MjgpDQpbICAgNzAuNjc1NDcxXSBFeGNlcHRpb24gc3RhY2soMHhiNWIzMWZhOCB0byAweGI1YjMxZmYwKQ0KWyAgIDcwLjY4MjEwM10gMWZhMDogICAgICAgICAgICAgICAgICAgMDAwMDAwMDAgMDAwMDAwMDAgMDAwMDAwMDAgMDAwMDAwMDAgMDAwMDAwMDAgMDAwMDAwMDANClsgICA3MC42OTMzNzFdIDFmYzA6IDAwMDAwMDAwIDAwMDAwMDAwIDAwMDAwMDAwIDAwMDAwMGQwIDAwMDAwMDAwIDAwMDAwMDAwIDAwMDAwMDAwIDdlYzExYmM0DQpbICAgNzAuNzA0NjI1XSAxZmUwOiA3NmVlMTY5NCA3ZWMxMWI3OCAwMDAxMDk2OCAwMDAxMDczOA0KWyAgIDcwLjcxMTIxNV0gQ29kZTogZTkyZGQ4MDAgZTI0Y2IwMDQgZTUyZGUwMDQgZThiZDQwMDAgKGU1OTAzMDY4KSANCg0NCgdNZXNzYWdlIGZyb20gc3lbICAgNzAuNzE4OTEzXSAtLS1bIGVuZCB0cmFjZSAzNjA0MGFkZDA1MzJiNDI3IF0tLS0NCnNsb2dkQHJhc3BiZXJyeXBpIGF0IFNlcCAyNiAwNToyNTozNyAuLi4NDQoga2VybmVsOlsgICA3MC41MzQwMDVdIFByb2Nlc3MgdHJ5bWUgKHBpZDogNDc3LCBzdGFjayBsaW1pdCA9IDB4NGM0Mjg0NjkpDQoNDQ0KB01lc3NhZ2UgZnJvbSBzeXNsb2dkQHJhc3BiZXJyeXBpIGF0IFNlcCAyNiAwNToyNTozNyAuLi4NDQoga2VybmVsOlsgICA3MC41NDEwNzJdIFN0YWNrOiAoMHhiNWIzMWYzMCB0byAweGI1YjMyMDAwKQ0KDQ0NCgdNZXNzYWdlIGZyb20gc3lzbG9nZEByYXNwYmVycnlwaSBhdCBTZXAgMjYgMDU6MjU6MzcgLi4uDQ0KIGtlcm5lbDpbICAgNzAuNTQ2NjM2XSAxZjIwOiAgICAgICAgICAgICAgICAgICAgICAgICAgICAgICAgICAgICBiNWIzMWY0YyBiNWIzMWY0MCA4MDEyYjNjYyA4MDRhMTY2NA0KDQ0NCgdNZXNzYWdlIGZyb20gc3lzbG9nZEByYXNwYmVycnlwaSBhdCBTZXAgMjYgMDU6MjU6MzcgLi4uDQ0KIGtlcm5lbDpbICAgNzAuNTU3MTc1XSAxZjQwOiBiNWIzMWY1YyBiNWIzMWY1MCA4MDEyYjNmYyA4MDEyYjMzYyBiNWIzMWY5NCBiNWIzMWY2MCA4MDEzNTA3MCA4MDEyYjNlYw0KDQ0NCgdNZXNzYWdlIGZyb20gc3lzbG9nZEByYXNwYmVycnlwaSBhdCBTZXAgMjYgMDU6MjU6MzcgLi4uDQ0KIGtlcm5lbDpbICAgNzAuNTY3Njc3XSAxZjYwOiAwMDAwMDAwMyBiNTg1NGE4MCAwMDAwMDAxMCAwMDAwMDAwMCAwMDAwMDAwMCAwMDAwMDAwMCAwMDAwMDBkMCA4MDEwMTFjNA0KDQ0NCgdNZXNzYWdlIGZyb20gc3lzbG9nZEByYXNwYmVycnlwaSBhdCBTZXAgMjYgMDU6MjU6MzcgLi4uDQ0KIGtlcm5lbDpbICAgNzAuNTc4MTY4XSAxZjgwOiBiNWIzMDAwMCAwMDAwMDBkMCBiNWIzMWZhNCBiNWIzMWY5OCA4MDEzNTFiMCA4MDEzNGZiMCAwMDAwMDAwMCBiNWIzMWZhOA0KDQ0NCgdNZXNzYWdlIGZyb20gc3lzbG9nZEByYXNwYmVycnlwaSBhdCBTZXAgMjYgMDU6MjU6MzcgLi4uDQ0KIGtlcm5lbDpbICAgNzAuNTg4NjkxXSAxZmEwOiA4MDEwMTAwMCA4MDEzNTFhNCAwMDAwMDAwMCAwMDAwMDAwMCAwMDAwMDAwMCAwMDAwMDAwMCAwMDAwMDAwMCAwMDAwMDAwMA0KDQ0NCgdNZXNzYWdlIGZyb20gc3lzbG9nZEByYXNwYmVycnlwaSBhdCBTZXAgMjYgMDU6MjU6MzcgLi4uDQ0KIGtlcm5lbDpbICAgNzAuNTk5MzQyXSAxZmMwOiAwMDAwMDAwMCAwMDAwMDAwMCAwMDAwMDAwMCAwMDAwMDBkMCAwMDAwMDAwMCAwMDAwMDAwMCAwMDAwMDAwMCA3ZWMxMWJjNA0KDQ0NCgdNZXNzYWdlIGZyb20gc3lzbG9nZEByYXNwYmVycnlwaSBhdCBTZXAgMjYgMDU6MjU6MzcgLi4uDQ0KIGtlcm5lbDpbICAgNzAuNjEwMTMwXSAxZmUwOiA3NmVlMTY5NCA3ZWMxMWI3OCAwMDAxMDk2OCAwMDAxMDczOCAwMDAwMDAxMCAwMDAwMDAwMCAwMDAwMDAwMCAwMDAwMDAwMA0KDQ0NCgdNZXNzYWdlIGZyb20gc3lzbG9nZEByYXNwYmVycnlwaSBhdCBTZXAgMjYgMDU6MjU6MzcgLi4uDQ0KIGtlcm5lbDpbICAgNzAuNzExMjE1XSBDb2RlOiBlOTJkZDgwMCBlMjRjYjAwNCBlNTJkZTAwNCBlOGJkNDAwMCAoZTU5MDMwNjgpIA0KDVNlZ21lbnRhdGlvbiBmYXVsdA0KcGlAcmFzcGJlcnJ5cGk6fiQg'
187,111,b'Li90cnltZQ0KNjI1MDAwMA0KZ3JpOjEwMDAvMTAwMC8xMDAwcGlAcmFzcGJlcnJ5cGk6fiQg'
187,97,b'Li90cnltZQ0KNjI1MDAwMA0KZ3JpOjEwMDAvMTAwMC8xMDAwcGlAcmFzcGJlcnJ5cGk6fiQg'
187,118,b'Li90cnltZQ0KNjI1MDAwMA0KZ3JpOjEwMDAvMTAwMC8xMDAwcGlAcmFzcGJlcnJ5cGk6fiQg'
187,115,b'Li90cnltZQ0KNjI1MDAwMA0KZ3JpOjEwMDAvMTAwMC8xMDAwcGlAcmFzcGJlcnJ5cGk6fiQg'
187,135,b'Li90cnltZQ0KWyAgIDc0LjE3NDA5NF0gVW5hYmxlIHRvIGhhbmRsZSBrZXJuZWwgcGFnaW5nIHJlcXVlc3QgYXQgdmlydHVhbCBhZGRyZXNzIDU1NTU3NjFkDQpbICAgNzQuMTgyOTkxXSBwZ2QgPSAzMGM5NjM2NA0KWyAgIDc0LjE4NzEyNF0gWzU1NTU3NjFkXSAqcGdkPTAwMDAwMDAwDQpbICAgNzQuMTkyMTM0XSBJbnRlcm5hbCBlcnJvcjogT29wczogNSBbIzNdIFNNUCBBUk0NClsgICA3NC4xOTgxNThdIE1vZHVsZXMgbGlua2VkIGluOiBibmVwIGhjaV91YXJ0IGJ0YmNtIHNlcmRldiBibHVldG9vdGggZWNkaF9nZW5lcmljIHNoYTI1Nl9nZW5lcmljIGNmZzgwMjExIHJma2lsbCA4MDIxcSBnYXJwIHN0cCBsbGMgcmFzcGJlcnJ5cGlfaHdtb24gaHdtb24gYmNtMjgzNV9jb2RlYyhDKSBzbmRfYmNtMjgzNShDKSBiY20yODM1X3Y0bDIoQykgdjRsMl9tZW0ybWVtIGJjbTI4MzVfbW1hbF92Y2hpcShDKSB2aWRlb2J1ZjJfZG1hX2NvbnRpZyBzbmRfcGNtIHY0bDJfY29tbW9uIHZpZGVvYnVmMl92bWFsbG9jIHZpZGVvYnVmMl9tZW1vcHMgc25kX3RpbWVyIHZpZGVvYnVmMl92NGwyIHNuZCB2aWRlb2J1ZjJfY29tbW9uIHZpZGVvZGV2IHZjX3NtX2NtYShDKSBtZWRpYSB1aW9fcGRydl9nZW5pcnEgdWlvIGZpeGVkIGlwX3RhYmxlcyB4X3RhYmxlcyBpcHY2DQpbICAgNzQuMjQ1MjQyXSBDUFU6IDAgUElEOiA0ODIgQ29tbTogdHJ5bWUgVGFpbnRlZDogRyAgICAgIEQgIEMgICAgICAgIDQuMTkuNzUtdjcrICMxMjcwDQpbICAgNzQuMjU1NzY5XSBIYXJkd2FyZSBuYW1lOiBCQ00yODM1DQpbICAgNzQuMjYwNDg5XSBQQyBpcyBhdCBjYXBfY2FwYWJsZSsweDJjLzB4OGMNClsgICA3NC4yNjU4ODBdIExSIGlzIGF0ICAgKG51bGwpDQpbICAgNzQuMjcwMDg0XSBwYyA6IFs8ODA0YTE2ODQ+XSAgICBsciA6IFs8MDAwMDAwMDA+XSAgICBwc3I6IDMwMDAwMDEzDQpbICAgNzQuMjc3NjQ5XSBzcCA6IGI1YjMxZjMwICBpcCA6IGI1YjMxZjQwICBmcCA6IGI1YjMxZjNjDQpbICAgNzQuMjg0MTI1XSByMTA6IDAwMDAwMDAwICByOSA6IDAwMDAwMDAwICByOCA6IDAwMDAwMDAwDQpbICAgNzQuMjkwNTg4XSByNyA6IDAwMDAwMDAwICByNiA6IDAwMDAwMDAwICByNSA6IDAwMDAwMDAwICByNCA6IGI3Yzc2YTAwDQpbICAgNzQuMjk4MzYwXSByMyA6IDU1NTU3NTU1ICByMiA6IDAwMDAwMDA3ICByMSA6IDgwZDBkNjQwICByMCA6IDg1YzE0MTAwDQpbICAgNzQuMzA2MTE2XSBGbGFnczogbnpDViAgSVJRcyBvbiAgRklRcyBvbiAgTW9kZSBTVkNfMzIgIElTQSBBUk0gIFNlZ21lbnQgdXNlcg0KWyAgIDc0LjMxNDQ5Ml0gQ29udHJvbDogMTBjNTM4M2QgIFRhYmxlOiAzNTk4YzA2YSAgREFDOiAwMDAwMDA1NQ0KWyAgIDc0LjMyMTQ0NV0gUHJvY2VzcyB0cnltZSAocGlkOiA0ODIsIHN0YWNrIGxpbWl0ID0gMHg0YzQyODQ2OSkNClsgICA3NC4zMjg1MDZdIFN0YWNrOiAoMHhiNWIzMWYzMCB0byAweGI1YjMyMDAwKQ0KWyAgIDc0LjMzNDA2N10gMWYyMDogICAgICAgICAgICAgICAgICAgICAgICAgICAgICAgICAgICAgYjViMzFmNGMgYjViMzFmNDAgODAxMmIzY2MgODA0YTE2NjQNClsgICA3NC4zNDQ2MDRdIDFmNDA6IGI1YjMxZjVjIGI1YjMxZjUwIDgwMTJiM2ZjIDgwMTJiMzNjIGI1YjMxZjk0IGI1YjMxZjYwIDgwMTM1MDcwIDgwMTJiM2VjDQpbICAgNzQuMzU1MTAxXSAxZjYwOiAwMDAwMDAwMyBiN2M3Njk4MCAwMDAwMDAxMCAwMDAwMDAwMCAwMDAwMDAwMCAwMDAwMDAwMCAwMDAwMDBkMCA4MDEwMTFjNA0KWyAgIDc0LjM2NTU4OV0gMWY4MDogYjViMzAwMDAgMDAwMDAwZDAgYjViMzFmYTQgYjViMzFmOTggODAxMzUxYjAgODAxMzRmYjAgMDAwMDAwMDAgYjViMzFmYTgNClsgICA3NC4zNzYxMDhdIDFmYTA6IDgwMTAxMDAwIDgwMTM1MWE0IDAwMDAwMDAwIDAwMDAwMDAwIDAwMDAwMDAwIDAwMDAwMDAwIDAwMDAwMDAwIDAwMDAwMDAwDQpbICAgNzQuMzg2NzU0XSAxZmMwOiAwMDAwMDAwMCAwMDAwMDAwMCAwMDAwMDAwMCAwMDAwMDBkMCAwMDAwMDAwMCAwMDAwMDAwMCAwMDAwMDAwMCA3ZWE2OWJjNA0KWyAgIDc0LjM5NzU1Ml0gMWZlMDogNzZlOTI2OTQgN2VhNjliNzggMDAwMTA5NjggMDAwMTA3MzggMDAwMDAwMTAgMDAwMDAwMDAgMDAwMDAwMDAgMDAwMDAwMDANClsgICA3NC40MDg0NTddIFs8ODA0YTE2ODQ+XSAoY2FwX2NhcGFibGUpIGZyb20gWzw4MDEyYjNjYz5dIChuc19jYXBhYmxlX2NvbW1vbisweDljLzB4YjApDQpbICAgNzQuNDE5MjY0XSBbPDgwMTJiM2NjPl0gKG5zX2NhcGFibGVfY29tbW9uKSBmcm9tIFs8ODAxMmIzZmM+XSAobnNfY2FwYWJsZSsweDFjLzB4MjApDQpbICAgNzQuNDMwMDUzXSBbPDgwMTJiM2ZjPl0gKG5zX2NhcGFibGUpIGZyb20gWzw4MDEzNTA3MD5dIChfX3N5c19zZXRyZXN1aWQrMHhjYy8weDFmNCkNClsgICA3NC40NDA4MzBdIFs8ODAxMzUwNzA+XSAoX19zeXNfc2V0cmVzdWlkKSBmcm9tIFs8ODAxMzUxYjA+XSAoc3lzX3NldHJlc3VpZCsweDE4LzB4MWMpDQpbICAgNzQuNDUxODczXSBbPDgwMTM1MWIwPl0gKHN5c19zZXRyZXN1aWQpIGZyb20gWzw4MDEwMTAwMD5dIChyZXRfZmFzdF9zeXNjYWxsKzB4MC8weDI4KQ0KWyAgIDc0LjQ2Mjk0OV0gRXhjZXB0aW9uIHN0YWNrKDB4YjViMzFmYTggdG8gMHhiNWIzMWZmMCkNClsgICA3NC40Njk1ODRdIDFmYTA6ICAgICAgICAgICAgICAgICAgIDAwMDAwMDAwIDAwMDAwMDAwIDAwMDAwMDAwIDAwMDAwMDAwIDAwMDAwMDAwIDAwMDAwMDAwDQpbICAgNzQuNDgwODU3XSAxZmMwOiAwMDAwMDAwMCAwMDAwMDAwMCAwMDAwMDAwMCAwMDAwMDBkMCAwMDAwMDAwMCAwMDAwMDAwMCAwMDAwMDAwMCA3ZWE2OWJjNA0KWyAgIDc0LjQ5MjExMl0gMWZlMDogNzZlOTI2OTQgN2VhNjliNzggMDAwMTA5NjggMDAwMTA3MzgNClsgICA3NC40OTg3MDZdIENvZGU6IGUxYTAxMDBjIGUxNTEwMDAzIDBhMDAwMDBkIGU1OTFlMGM4IChlNTkzYzBjOCkgDQoNDQoHTWVzc1sgICA3NC41MDY0NTldIC0tLVsgZW5kIHRyYWNlIDM2MDQwYWRkMDUzMmI0MjggXS0tLQ0KYWdlIGZyb20gc3lzbG9nZEByYXNwYmVycnlwaSBhdCBTZXAgMjYgMDU6MjU6NDAgLi4uDQ0KIGtlcm5lbDpbICAgNzQuMTkyMTM0XSBJbnRlcm5hbCBlcnJvcjogT29wczogNSBbIzNdIFNNUCBBUk0NCg0NDQoHTWVzc2FnZSBmcm9tIHN5c2xvZ2RAcmFzcGJlcnJ5cGkgYXQgU2VwIDI2IDA1OjI1OjQxIC4uLg0NCiBrZXJuZWw6WyAgIDc0LjMyMTQ0NV0gUHJvY2VzcyB0cnltZSAocGlkOiA0ODIsIHN0YWNrIGxpbWl0ID0gMHg0YzQyODQ2OSkNCg0NDQoHTWVzc2FnZSBmcm9tIHN5c2xvZ2RAcmFzcGJlcnJ5cGkgYXQgU2VwIDI2IDA1OjI1OjQxIC4uLg0NCiBrZXJuZWw6WyAgIDc0LjMyODUwNl0gU3RhY2s6ICgweGI1YjMxZjMwIHRvIDB4YjViMzIwMDApDQoNDQ0KB01lc3NhZ2UgZnJvbSBzeXNsb2dkQHJhc3BiZXJyeXBpIGF0IFNlcCAyNiAwNToyNTo0MSAuLi4NDQoga2VybmVsOlsgICA3NC4zMzQwNjddIDFmMjA6ICAgICAgICAgICAgICAgICAgICAgICAgICAgICAgICAgICAgIGI1YjMxZjRjIGI1YjMxZjQwIDgwMTJiM2NjIDgwNGExNjY0DQoNDQ0KB01lc3NhZ2UgZnJvbSBzeXNsb2dkQHJhc3BiZXJyeXBpIGF0IFNlcCAyNiAwNToyNTo0MSAuLi4NDQoga2VybmVsOlsgICA3NC4zNDQ2MDRdIDFmNDA6IGI1YjMxZjVjIGI1YjMxZjUwIDgwMTJiM2ZjIDgwMTJiMzNjIGI1YjMxZjk0IGI1YjMxZjYwIDgwMTM1MDcwIDgwMTJiM2VjDQoNDQ0KB01lc3NhZ2UgZnJvbSBzeXNsb2dkQHJhc3BiZXJyeXBpIGF0IFNlcCAyNiAwNToyNTo0MSAuLi4NDQoga2VybmVsOlsgICA3NC4zNTUxMDFdIDFmNjA6IDAwMDAwMDAzIGI3Yzc2OTgwIDAwMDAwMDEwIDAwMDAwMDAwIDAwMDAwMDAwIDAwMDAwMDAwIDAwMDAwMGQwIDgwMTAxMWM0DQoNDQ0KB01lc3NhZ2UgZnJvbSBzeXNsb2dkQHJhc3BiZXJyeXBpIGF0IFNlcCAyNiAwNToyNTo0MSAuLi4NDQoga2VybmVsOlsgICA3NC4zNjU1ODldIDFmODA6IGI1YjMwMDAwIDAwMDAwMGQwIGI1YjMxZmE0IGI1YjMxZjk4IDgwMTM1MWIwIDgwMTM0ZmIwIDAwMDAwMDAwIGI1YjMxZmE4DQoNDQ0KB01lc3NhZ2UgZnJvbSBzeXNsb2dkQHJhc3BiZXJyeXBpIGF0IFNlcCAyNiAwNToyNTo0MSAuLi4NDQoga2VybmVsOlsgICA3NC4zNzYxMDhdIDFmYTA6IDgwMTAxMDAwIDgwMTM1MWE0IDAwMDAwMDAwIDAwMDAwMDAwIDAwMDAwMDAwIDAwMDAwMDAwIDAwMDAwMDAwIDAwMDAwMDAwDQoNDQ0KB01lc3NhZ2UgZnJvbSBzeXNsb2dkQHJhc3BiZXJyeXBpIGF0IFNlcCAyNiAwNToyNTo0MSAuLi4NDQoga2VybmVsOlsgICA3NC4zODY3NTRdIDFmYzA6IDAwMDAwMDAwIDAwMDAwMDAwIDAwMDAwMDAwIDAwMDAwMGQwIDAwMDAwMDAwIDAwMDAwMDAwIDAwMDAwMDAwIDdlYTY5YmM0DQoNDQ0KB01lc3NhZ2UgZnJvbSBzeXNsb2dkQHJhc3BiZXJyeXBpIGF0IFNlcCAyNiAwNToyNTo0MSAuLi4NDQoga2VybmVsOlsgICA3NC4zOTc1NTJdIDFmZTA6IDc2ZTkyNjk0IDdlYTY5Yjc4IDAwMDEwOTY4IDAwMDEwNzM4IDAwMDAwMDEwIDAwMDAwMDAwIDAwMDAwMDAwIDAwMDAwMDAwDQoNDQ0KB01lc3NhZ2UgZnJvbSBzeXNsb2dkQHJhc3BiZXJyeXBpIGF0IFNlcCAyNiAwNToyNTo0MSAuLi4NDQoga2VybmVsOlsgICA3NC40OTg3MDZdIENvZGU6IGUxYTAxMDBjIGUxNTEwMDAzIDBhMDAwMDBkIGU1OTFlMGM4IChlNTkzYzBjOCkgDQoNU2VnbWVudGF0aW9uIGZhdWx0DQpwaUByYXNwYmVycnlwaTp+JCA='
187,135,b'Li90cnltZQ0KNjI1MDAwMA0KZ3JpOjEwMDAvMTAwMC8xMDAwcGlAcmFzcGJlcnJ5cGk6fiQg'
187,127,b'Li90cnltZQ0KNjI1MDAwMA0KZ3JpOjEwMDAvMTAwMC8xMDAwcGlAcmFzcGJlcnJ5cGk6fiQg'
187,132,b'Li90cnltZQ0KNjI1MDAwMA0KZ3JpOjEwMDAvMTAwMC8xMDAwcGlAcmFzcGJlcnJ5cGk6fiQg'
187,135,b'Li90cnltZQ0KNjI1MDAwMA0KZ3JpOjEwMDAvMTAwMC8xMDAwcGlAcmFzcGJlcnJ5cGk6fiQg'
187,131,b'Li90cnltZQ0KNjI1MDAwMA0KZ3JpOjEwMDAvMTAwMC8xMDAwcGlAcmFzcGJlcnJ5cGk6fiQg'
187,99,b'Li90cnltZQ0KNjI1MDAwMA0KZ3JpOjEwMDAvMTAwMC8xMDAwcGlAcmFzcGJlcnJ5cGk6fiQg'
187,108,b'Li90cnltZQ0KNjI1MDAwMA0KZ3JpOjEwMDAvMTAwMC8xMDAwcGlAcmFzcGJlcnJ5cGk6fiQg'
187,109,b'Li90cnltZQ0KNjI1MDAwMA0KZ3JpOjEwMDAvMTAwMC8xMDAwcGlAcmFzcGJlcnJ5cGk6fiQg'
187,135,b'Li90cnltZQ0KNjI1MDAwMA0KZ3JpOjEwMDAvMTAwMC8xMDAwcGlAcmFzcGJlcnJ5cGk6fiQg'
187,95,b'Li90cnltZQ0KNjI1MDAwMA0KZ3JpOjEwMDAvMTAwMC8xMDAwcGlAcmFzcGJlcnJ5cGk6fiQg'
187,109,b'Li90cnltZQ0KNjI1MDAwMA0KZ3JpOjEwMDAvMTAwMC8xMDAwcGlAcmFzcGJlcnJ5cGk6fiQg'
187,133,b'Li90cnltZQ0KNjI1MDAwMA0KZ3JpOjEwMDAvMTAwMC8xMDAwcGlAcmFzcGJlcnJ5cGk6fiQg'
187,114,b'Li90cnltZQ0KNjI1MDAwMA0KZ3JpOjEwMDAvMTAwMC8xMDAwcGlAcmFzcGJlcnJ5cGk6fiQg'
187,118,b'Li90cnltZQ0KNjI1MDAwMA0KZ3JpOjEwMDAvMTAwMC8xMDAwcGlAcmFzcGJlcnJ5cGk6fiQg'
187,117,b'Li90cnltZQ0KNjI1MDAwMA0KZ3JpOjEwMDAvMTAwMC8xMDAwcGlAcmFzcGJlcnJ5cGk6fiQg'
187,121,b'Li90cnltZQ0KNjI1MDAwMA0KZ3JpOjEwMDAvMTAwMC8xMDAwcGlAcmFzcGJlcnJ5cGk6fiQg'
187,128,b'Li90cnltZQ0KNjI1MDAwMA0KZ3JpOjEwMDAvMTAwMC8xMDAwcGlAcmFzcGJlcnJ5cGk6fiQg'
187,124,b'Li90cnltZQ0KNjI1MDAwMA0KZ3JpOjEwMDAvMTAwMC8xMDAwcGlAcmFzcGJlcnJ5cGk6fiQg'
187,100,b'Li90cnltZQ0KNjI1MDAwMA0KZ3JpOjEwMDAvMTAwMC8xMDAwcGlAcmFzcGJlcnJ5cGk6fiQg'
187,95,b'Li90cnltZQ0KNjI1MDAwMA0KZ3JpOjEwMDAvMTAwMC8xMDAwcGlAcmFzcGJlcnJ5cGk6fiQg'
187,106,b'Li90cnltZQ0KNjI1MDAwMA0KZ3JpOjEwMDAvMTAwMC8xMDAwcGlAcmFzcGJlcnJ5cGk6fiQg'
187,95,b'Li90cnltZQ0KNjI1MDAwMA0KZ3JpOjEwMDAvMTAwMC8xMDAwcGlAcmFzcGJlcnJ5cGk6fiQg'
187,126,b'Li90cnltZQ0KNjI1MDAwMA0KZ3JpOjEwMDAvMTAwMC8xMDAwcGlAcmFzcGJlcnJ5cGk6fiQg'
187,116,b'Li90cnltZQ0KWyAgIDkyLjM2NDA3Nl0gVW5hYmxlIHRvIGhhbmRsZSBrZXJuZWwgcGFnaW5nIHJlcXVlc3QgYXQgdmlydHVhbCBhZGRyZXNzIDU1NTU1NWU3DQpbICAgOTIuMzcyOTk0XSBwZ2QgPSAzMGM5NjM2NA0KWyAgIDkyLjM3NzE0MF0gWzU1NTU1NWU3XSAqcGdkPTAwMDAwMDAwDQoNDQoHTWVzc2FnZSBmcm9tIHN5WyAgIDkyLjM4MjE1NV0gSW50ZXJuYWwgZXJyb3I6IE9vcHM6IDUgWyM0XSBTTVAgQVJNDQpzbG9nZEByYXNwYmVycnlwaSBhdCBTZXAgMjYgMDU6MjU6NTkgLi4uDQ0KIGtlcm5lbDpbICAgOTIuMzgyMTU1XSBJbnRlcm5hbCBlcnJvcjogT29wczogNSBbIzRdIFNbICAgOTIuMzg4OTMwXSBNb2R1bGVzIGxpbmtlZCBpbjogYm5lcCBoY2lfdWFydCBidGJjbSBzZXJkZXYgYmx1ZXRvb3RoIGVjZGhfZ2VuZXJpYyBzaGEyNTZfZ2VuZXJpYyBjZmc4MDIxMSByZmtpbGwgODAyMXEgZ2FycCBzdHAgbGxjIHJhc3BiZXJyeXBpX2h3bW9uIGh3bW9uIGJjbTI4MzVfY29kZWMoQykgc25kX2JjbTI4MzUoQykgYmNtMjgzNV92NGwyKEMpIHY0bDJfbWVtMm1lbSBiY20yODM1X21tYWxfdmNoaXEoQykgdmlkZW9idWYyX2RtYV9jb250aWcgc25kX3BjbSB2NGwyX2NvbW1vbiB2aWRlb2J1ZjJfdm1hbGxvYyB2aWRlb2J1ZjJfbWVtb3BzIHNuZF90aW1lciB2aWRlb2J1ZjJfdjRsMiBzbmQgdmlkZW9idWYyX2NvbW1vbiB2aWRlb2RldiB2Y19zbV9jbWEoQykgbWVkaWEgdWlvX3BkcnZfZ2VuaXJxIHVpbyBmaXhlZCBpcF90YWJsZXMgeF90YWJsZXMgaXB2Ng0KTVAgQVJNDQoNWyAgIDkyLjQzNjM0N10gQ1BVOiAxIFBJRDogNTA2IENvbW06IHRyeW1lIFRhaW50ZWQ6IEcgICAgICBEICBDICAgICAgICA0LjE5Ljc1LXY3KyAjMTI3MA0KWyAgIDkyLjQ0Njg5MV0gSGFyZHdhcmUgbmFtZTogQkNNMjgzNQ0KWyAgIDkyLjQ1MTYyMF0gUEMgaXMgYXQgY2FwX2NhcGFibGUrMHgxNC8weDhjDQpbICAgOTIuNDU3MDI1XSBMUiBpcyBhdCBuc19jYXBhYmxlX2NvbW1vbisweDljLzB4YjANClsgICA5Mi40NjI5MzZdIHBjIDogWzw4MDRhMTY2Yz5dICAgIGxyIDogWzw4MDEyYjNjYz5dICAgIHBzcjogMjAwMDAwMTMNClsgICA5Mi40NzA1MjBdIHNwIDogYjViMzFmMzAgIGlwIDogYjViMzFmNDAgIGZwIDogYjViMzFmM2MNClsgICA5Mi40NzcwMTZdIHIxMDogMDAwMDAwMDAgIHI5IDogMDAwMDAwMDAgIHI4IDogMDAwMDAwMDANClsgICA5Mi40ODM0OThdIHI3IDogMDAwMDAwMDAgIHI2IDogMDAwMDAwMDAgIHI1IDogMDAwMDAwMDAgIHI0IDogYjdkODlhODANClsgICA5Mi40OTEyOTJdIHIzIDogMDAwMDAwMDEgIHIyIDogMDAwMDAwMDcgIHIxIDogODBkMGQ2NDAgIHIwIDogNTU1NTU1N2YNClsgICA5Mi40OTkwNjFdIEZsYWdzOiBuekN2ICBJUlFzIG9uICBGSVFzIG9uICBNb2RlIFNWQ18zMiAgSVNBIEFSTSAgU2VnbWVudCB1c2VyDQpbICAgOTIuNTA3NDUwXSBDb250cm9sOiAxMGM1MzgzZCAgVGFibGU6IDM1OThjMDZhICBEQUM6IDAwMDAwMDU1DQpbICAgOTIuNTE0NDE2XSBQcm9jZXNzIHRyeW1lIChwaWQ6IDUwNiwgc3RhY2sgbGltaXQgPSAweDRjNDI4NDY5KQ0KWyAgIDkyLjUyMTQ5Ml0gU3RhY2s6ICgweGI1YjMxZjMwIHRvIDB4YjViMzIwMDApDQpbICAgOTIuNTI3MDY2XSAxZjIwOiAgICAgICAgICAgICAgICAgICAgICAgICAgICAgICAgICAgICBiNWIzMWY0YyBiNWIzMWY0MCA4MDEyYjNjYyA4MDRhMTY2NA0KWyAgIDkyLjUzNzYyOF0gMWY0MDogYjViMzFmNWMgYjViMzFmNTAgODAxMmIzZmMgODAxMmIzM2MgYjViMzFmOTQgYjViMzFmNjAgODAxMzUwNzAgODAxMmIzZWMNClsgICA5Mi41NDgxNTBdIDFmNjA6IDAwMDAwMDAzIGI3ZDg5YTAwIDAwMDAwMDEwIDAwMDAwMDAwIDAwMDAwMDAwIDAwMDAwMDAwIDAwMDAwMGQwIDgwMTAxMWM0DQpbICAgOTIuNTU4NjYxXSAxZjgwOiBiNWIzMDAwMCAwMDAwMDBkMCBiNWIzMWZhNCBiNWIzMWY5OCA4MDEzNTFiMCA4MDEzNGZiMCAwMDAwMDAwMCBiNWIzMWZhOA0KWyAgIDkyLjU2OTIwN10gMWZhMDogODAxMDEwMDAgODAxMzUxYTQgMDAwMDAwMDAgMDAwMDAwMDAgMDAwMDAwMDAgMDAwMDAwMDAgMDAwMDAwMDAgMDAwMDAwMDANClsgICA5Mi41Nzk4NzhdIDFmYzA6IDAwMDAwMDAwIDAwMDAwMDAwIDAwMDAwMDAwIDAwMDAwMGQwIDAwMDAwMDAwIDAwMDAwMDAwIDAwMDAwMDAwIDdlYjJjYmM0DQpbICAgOTIuNTkwNjg2XSAxZmUwOiA3NmVjMjY5NCA3ZWIyY2I3OCAwMDAxMDk2OCAwMDAxMDczOCAwMDAwMDAxMCAwMDAwMDAwMCAwMDAwMDAwMCAwMDAwMDAwMA0KWyAgIDkyLjYwMTU5M10gWzw4MDRhMTY2Yz5dIChjYXBfY2FwYWJsZSkgZnJvbSBbPDgwMTJiM2NjPl0gKG5zX2NhcGFibGVfY29tbW9uKzB4OWMvMHhiMCkNClsgICA5Mi42MTI0MDhdIFs8ODAxMmIzY2M+XSAobnNfY2FwYWJsZV9jb21tb24pIGZyb20gWzw4MDEyYjNmYz5dIChuc19jYXBhYmxlKzB4MWMvMHgyMCkNClsgICA5Mi42MjMyMTFdIFs8ODAxMmIzZmM+XSAobnNfY2FwYWJsZSkgZnJvbSBbPDgwMTM1MDcwPl0gKF9fc3lzX3NldHJlc3VpZCsweGNjLzB4MWY0KQ0KWyAgIDkyLjYzNDAwM10gWzw4MDEzNTA3MD5dIChfX3N5c19zZXRyZXN1aWQpIGZyb20gWzw4MDEzNTFiMD5dIChzeXNfc2V0cmVzdWlkKzB4MTgvMHgxYykNClsgICA5Mi42NDUwNjFdIFs8ODAxMzUxYjA+XSAoc3lzX3NldHJlc3VpZCkgZnJvbSBbPDgwMTAxMDAwPl0gKHJldF9mYXN0X3N5c2NhbGwrMHgwLzB4MjgpDQpbICAgOTIuNjU2MTUyXSBFeGNlcHRpb24gc3RhY2soMHhiNWIzMWZhOCB0byAweGI1YjMxZmYwKQ0KWyAgIDkyLjY2Mjc5Nl0gMWZhMDogICAgICAgICAgICAgICAgICAgMDAwMDAwMDAgMDAwMDAwMDAgMDAwMDAwMDAgMDAwMDAwMDAgMDAwMDAwMDAgMDAwMDAwMDANClsgICA5Mi42NzQwODVdIDFmYzA6IDAwMDAwMDAwIDAwMDAwMDAwIDAwMDAwMDAwIDAwMDAwMGQwIDAwMDAwMDAwIDAwMDAwMDAwIDAwMDAwMDAwIDdlYjJjYmM0DQpbICAgOTIuNjg1MzU5XSAxZmUwOiA3NmVjMjY5NCA3ZWIyY2I3OCAwMDAxMDk2OCAwMDAxMDczOA0KWyAgIDkyLjY5MTk2MF0gQ29kZTogZTkyZGQ4MDAgZTI0Y2IwMDQgZTUyZGUwMDQgZThiZDQwMDAgKGU1OTAzMDY4KSANCg0NCgdNZXNzYWdlIGZyb20gc3lbICAgOTIuNjk5NjY3XSAtLS1bIGVuZCB0cmFjZSAzNjA0MGFkZDA1MzJiNDI5IF0tLS0NCnNsb2dkQHJhc3BiZXJyeXBpIGF0IFNlcCAyNiAwNToyNTo1OSAuLi4NDQoga2VybmVsOlsgICA5Mi41MTQ0MTZdIFByb2Nlc3MgdHJ5bWUgKHBpZDogNTA2LCBzdGFjayBsaW1pdCA9IDB4NGM0Mjg0NjkpDQoNDQ0KB01lc3NhZ2UgZnJvbSBzeXNsb2dkQHJhc3BiZXJyeXBpIGF0IFNlcCAyNiAwNToyNTo1OSAuLi4NDQoga2VybmVsOlsgICA5Mi41MjE0OTJdIFN0YWNrOiAoMHhiNWIzMWYzMCB0byAweGI1YjMyMDAwKQ0KDQ0NCgdNZXNzYWdlIGZyb20gc3lzbG9nZEByYXNwYmVycnlwaSBhdCBTZXAgMjYgMDU6MjU6NTkgLi4uDQ0KIGtlcm5lbDpbICAgOTIuNTI3MDY2XSAxZjIwOiAgICAgICAgICAgICAgICAgICAgICAgICAgICAgICAgICAgICBiNWIzMWY0YyBiNWIzMWY0MCA4MDEyYjNjYyA4MDRhMTY2NA0KDQ0NCgdNZXNzYWdlIGZyb20gc3lzbG9nZEByYXNwYmVycnlwaSBhdCBTZXAgMjYgMDU6MjU6NTkgLi4uDQ0KIGtlcm5lbDpbICAgOTIuNTM3NjI4XSAxZjQwOiBiNWIzMWY1YyBiNWIzMWY1MCA4MDEyYjNmYyA4MDEyYjMzYyBiNWIzMWY5NCBiNWIzMWY2MCA4MDEzNTA3MCA4MDEyYjNlYw0KDQ0NCgdNZXNzYWdlIGZyb20gc3lzbG9nZEByYXNwYmVycnlwaSBhdCBTZXAgMjYgMDU6MjU6NTkgLi4uDQ0KIGtlcm5lbDpbICAgOTIuNTQ4MTUwXSAxZjYwOiAwMDAwMDAwMyBiN2Q4OWEwMCAwMDAwMDAxMCAwMDAwMDAwMCAwMDAwMDAwMCAwMDAwMDAwMCAwMDAwMDBkMCA4MDEwMTFjNA0KDQ0NCgdNZXNzYWdlIGZyb20gc3lzbG9nZEByYXNwYmVycnlwaSBhdCBTZXAgMjYgMDU6MjU6NTkgLi4uDQ0KIGtlcm5lbDpbICAgOTIuNTU4NjYxXSAxZjgwOiBiNWIzMDAwMCAwMDAwMDBkMCBiNWIzMWZhNCBiNWIzMWY5OCA4MDEzNTFiMCA4MDEzNGZiMCAwMDAwMDAwMCBiNWIzMWZhOA0KDQ0NCgdNZXNzYWdlIGZyb20gc3lzbG9nZEByYXNwYmVycnlwaSBhdCBTZXAgMjYgMDU6MjU6NTkgLi4uDQ0KIGtlcm5lbDpbICAgOTIuNTY5MjA3XSAxZmEwOiA4MDEwMTAwMCA4MDEzNTFhNCAwMDAwMDAwMCAwMDAwMDAwMCAwMDAwMDAwMCAwMDAwMDAwMCAwMDAwMDAwMCAwMDAwMDAwMA0KDQ0NCgdNZXNzYWdlIGZyb20gc3lzbG9nZEByYXNwYmVycnlwaSBhdCBTZXAgMjYgMDU6MjU6NTkgLi4uDQ0KIGtlcm5lbDpbICAgOTIuNTc5ODc4XSAxZmMwOiAwMDAwMDAwMCAwMDAwMDAwMCAwMDAwMDAwMCAwMDAwMDBkMCAwMDAwMDAwMCAwMDAwMDAwMCAwMDAwMDAwMCA3ZWIyY2JjNA0KDQ0NCgdNZXNzYWdlIGZyb20gc3lzbG9nZEByYXNwYmVycnlwaSBhdCBTZXAgMjYgMDU6MjU6NTkgLi4uDQ0KIGtlcm5lbDpbICAgOTIuNTkwNjg2XSAxZmUwOiA3NmVjMjY5NCA3ZWIyY2I3OCAwMDAxMDk2OCAwMDAxMDczOCAwMDAwMDAxMCAwMDAwMDAwMCAwMDAwMDAwMCAwMDAwMDAwMA0KDQ0NCgdNZXNzYWdlIGZyb20gc3lzbG9nZEByYXNwYmVycnlwaSBhdCBTZXAgMjYgMDU6MjU6NTkgLi4uDQ0KIGtlcm5lbDpbICAgOTIuNjkxOTYwXSBDb2RlOiBlOTJkZDgwMCBlMjRjYjAwNCBlNTJkZTAwNCBlOGJkNDAwMCAoZTU5MDMwNjgpIA0KDVNlZ21lbnRhdGlvbiBmYXVsdA0KcGlAcmFzcGJlcnJ5cGk6fiQg'
187,112,b'Li90cnltZQ0KNjI1MDAwMA0KZ3JpOjEwMDAvMTAwMC8xMDAwcGlAcmFzcGJlcnJ5cGk6fiQg'
187,98,b'Li90cnltZQ0KNjI1MDAwMA0KZ3JpOjEwMDAvMTAwMC8xMDAwcGlAcmFzcGJlcnJ5cGk6fiQg'
187,115,b'Li90cnltZQ0KNjI1MDAwMA0KZ3JpOjEwMDAvMTAwMC8xMDAwcGlAcmFzcGJlcnJ5cGk6fiQg'
187,129,b'Li90cnltZQ0KNjI1MDAwMA0KZ3JpOjEwMDAvMTAwMC8xMDAwcGlAcmFzcGJlcnJ5cGk6fiQg'
187,120,b'Li90cnltZQ0KNjI1MDAwMA0KZ3JpOjEwMDAvMTAwMC8xMDAwcGlAcmFzcGJlcnJ5cGk6fiQg'
187,116,b'Li90cnltZQ0KNjI1MDAwMA0KZ3JpOjEwMDAvMTAwMC8xMDAwcGlAcmFzcGJlcnJ5cGk6fiQg'
187,107,b'Li90cnltZQ0KNjI1MDAwMA0KZ3JpOjEwMDAvMTAwMC8xMDAwcGlAcmFzcGJlcnJ5cGk6fiQg'
187,124,b'Li90cnltZQ0KNjI1MDAwMA0KZ3JpOjEwMDAvMTAwMC8xMDAwcGlAcmFzcGJlcnJ5cGk6fiQg'
187,95,b'Li90cnltZQ0KNjI1MDAwMA0KZ3JpOjEwMDAvMTAwMC8xMDAwcGlAcmFzcGJlcnJ5cGk6fiQg'
187,131,b'Li90cnltZQ0KNjI1MDAwMA0KZ3JpOjEwMDAvMTAwMC8xMDAwcGlAcmFzcGJlcnJ5cGk6fiQg'
187,97,b'Li90cnltZQ0KNjI1MDAwMA0KZ3JpOjEwMDAvMTAwMC8xMDAwcGlAcmFzcGJlcnJ5cGk6fiQg'
187,113,b'Li90cnltZQ0KNjI1MDAwMA0KZ3JpOjEwMDAvMTAwMC8xMDAwcGlAcmFzcGJlcnJ5cGk6fiQg'
187,125,b'Li90cnltZQ0KNjI1MDAwMA0KZ3JpOjEwMDAvMTAwMC8xMDAwcGlAcmFzcGJlcnJ5cGk6fiQg'
187,106,b'Li90cnltZQ0KNjI1MDAwMA0KZ3JpOjEwMDAvMTAwMC8xMDAwcGlAcmFzcGJlcnJ5cGk6fiQg'
187,134,b'Li90cnltZQ0KWyAgMTAzLjcyNDA4M10gVW5hYmxlIHRvIGhhbmRsZSBrZXJuZWwgTlVMTCBwb2ludGVyIGRlcmVmZXJlbmNlIGF0IHZpcnR1YWwgYWRkcmVzcyAwMDAwMDMyOA0KWyAgMTAzLjczNTI0MV0gcGdkID0gOWY5MTVmOWQNClsgIDEwMy43MzkzNDBdIFswMDAwMDMyOF0gKnBnZD0zNTg4MzgzNSwgKnB0ZT0wMDAwMDAwMCwgKnBwdGU9MDAwMDAwMDANCg0NClsgIDEwMy43NDcwOTldIEludGVybmFsIGVycm9yOiBPb3BzOiAxNyBbIzVdIFNNUCBBUk0NCgdNZXNzYWdlIGZyb20gc3lzbG9nZEByYXNwYmVycnlwaSBhdCBTZXAgMjYgMDU6MjY6MTAgLi4uDQ0KIGtlcm5lbDpbICAxMDMuNzQ3MDk5XSBJbnRlcm5hbCBlcnJvclsgIDEwMy43NTM0MjFdIE1vZHVsZXMgbGlua2VkIGluOiBibmVwIGhjaV91YXJ0IGJ0YmNtIHNlcmRldiBibHVldG9vdGggZWNkaF9nZW5lcmljIHNoYTI1Nl9nZW5lcmljIGNmZzgwMjExIHJma2lsbCA4MDIxcSBnYXJwIHN0cCBsbGMgcmFzcGJlcnJ5cGlfaHdtb24gaHdtb24gYmNtMjgzNV9jb2RlYyhDKSBzbmRfYmNtMjgzNShDKSBiY20yODM1X3Y0bDIoQykgdjRsMl9tZW0ybWVtIGJjbTI4MzVfbW1hbF92Y2hpcShDKSB2aWRlb2J1ZjJfZG1hX2NvbnRpZyBzbmRfcGNtIHY0bDJfY29tbW9uIHZpZGVvYnVmMl92bWFsbG9jIHZpZGVvYnVmMl9tZW1vcHMgc25kX3RpbWVyIHZpZGVvYnVmMl92NGwyIHNuZCB2aWRlb2J1ZjJfY29tbW9uIHZpZGVvZGV2IHZjX3NtX2NtYShDKSBtZWRpYSB1aW9fcGRydl9nZW5pcnEgdWlvIGZpeGVkIGlwX3RhYmxlcyB4X3RhYmxlcyBpcHY2DQo6IE9vcHM6IDE3IFsjNV0gU01QIEFSTQ0KDVsgIDEwMy44MDA4NDRdIENQVTogMiBQSUQ6IDUyMSBDb21tOiB0cnltZSBUYWludGVkOiBHICAgICAgRCAgQyAgICAgICAgNC4xOS43NS12NysgIzEyNzANClsgIDEwMy44MTQ4NzBdIEhhcmR3YXJlIG5hbWU6IEJDTTI4MzUNClsgIDEwMy44MjEzMDRdIFBDIGlzIGF0IGNvbW1pdF9jcmVkcysweDkwLzB4MjljDQpbICAxMDMuODI4NTg0XSBMUiBpcyBhdCBfX3N5c19zZXRyZXN1aWQrMHgxNjgvMHgxZjQNClsgIDEwMy44MzYxMjZdIHBjIDogWzw4MDE0NTBjOD5dICAgIGxyIDogWzw4MDEzNTEwYz5dICAgIHBzcjogODAwMDAwMTMNClsgIDEwMy44NDUzMzhdIHNwIDogYjQxNjNmNjAgIGlwIDogYjQxNjNmNDAgIGZwIDogYjQxNjNmOTQNClsgIDEwMy44NTM0NzNdIHIxMDogMDAwMDAwMDAgIHI5IDogMDAwMDAwMDAgIHI4IDogMDAwMDAwMDANClsgIDEwMy44NjE1NzRdIHI3IDogMDAwMDAwMDAgIHI2IDogMDAwMDAwMDAgIHI1IDogZmZmZmZmZmYgIHI0IDogYjdjNDEzMDANClsgIDEwMy44NzA5ODFdIHIzIDogYjdjNDEzODAgIHIyIDogMDAwMDAzZTggIHIxIDogMDAwMDAwMDEgIHIwIDogYjdjNDEzMDANClsgIDEwMy44ODAyMzFdIEZsYWdzOiBOemN2ICBJUlFzIG9uICBGSVFzIG9uICBNb2RlIFNWQ18zMiAgSVNBIEFSTSAgU2VnbWVudCB1c2VyDQpbICAxMDMuODg4NjMxXSBDb250cm9sOiAxMGM1MzgzZCAgVGFibGU6IDM0MTg4MDZhICBEQUM6IDAwMDAwMDU1DQpbICAxMDMuODk1NjQxXSBQcm9jZXNzIHRyeW1lIChwaWQ6IDUyMSwgc3RhY2sgbGltaXQgPSAweDc4ZTU0YmM0KQ0KWyAgMTAzLjkwMjczNl0gU3RhY2s6ICgweGI0MTYzZjYwIHRvIDB4YjQxNjQwMDApDQpbICAxMDMuOTA4MzE0XSAzZjYwOiAwMDAwMDAwMyBiN2M0MTM4MCAwMDAwMDAxMCAwMDAwMDAwMCAwMDAwMDAwMCAwMDAwMDAwMCAwMDAwMDBkMCA4MDEwMTFjNA0KWyAgMTAzLjkxODkxOV0gM2Y4MDogYjQxNjIwMDAgMDAwMDAwZDAgYjQxNjNmYTQgYjQxNjNmOTggODAxMzUxYjAgODAxMzRmYjAgMDAwMDAwMDAgYjQxNjNmYTgNClsgIDEwMy45Mjk1MTVdIDNmYTA6IDgwMTAxMDAwIDgwMTM1MWE0IDAwMDAwMDAwIDAwMDAwMDAwIDAwMDAwMDAwIDAwMDAwMDAwIDAwMDAwMDAwIDAwMDAwMDAwDQpbICAxMDMuOTQwMTAzXSAzZmMwOiAwMDAwMDAwMCAwMDAwMDAwMCAwMDAwMDAwMCAwMDAwMDBkMCAwMDAwMDAwMCAwMDAwMDAwMCAwMDAwMDAwMCA3ZWYyOWJjNA0KWyAgMTAzLjk1MDcyMV0gM2ZlMDogNzZmMDM2OTQgN2VmMjliNzggMDAwMTA5NjggMDAwMTA3MzggMDAwMDAwMTAgMDAwMDAwMDAgMDAwMDAwMDAgMDAwMDAwMDANClsgIDEwMy45NjE0NjhdIFs8ODAxNDUwYzg+XSAoY29tbWl0X2NyZWRzKSBmcm9tIFs8ODAxMzUxYjA+XSAoc3lzX3NldHJlc3VpZCsweDE4LzB4MWMpDQpbICAxMDMuOTcxODE4XSBbPDgwMTM1MWIwPl0gKHN5c19zZXRyZXN1aWQpIGZyb20gWzw4MDEwMTAwMD5dIChyZXRfZmFzdF9zeXNjYWxsKzB4MC8weDI4KQ0KWyAgMTAzLjk4MjUyOF0gRXhjZXB0aW9uIHN0YWNrKDB4YjQxNjNmYTggdG8gMHhiNDE2M2ZmMCkNClsgIDEwMy45ODkwNDFdIDNmYTA6ICAgICAgICAgICAgICAgICAgIDAwMDAwMDAwIDAwMDAwMDAwIDAwMDAwMDAwIDAwMDAwMDAwIDAwMDAwMDAwIDAwMDAwMDAwDQpbICAxMDQuMDAwMTU5XSAzZmMwOiAwMDAwMDAwMCAwMDAwMDAwMCAwMDAwMDAwMCAwMDAwMDBkMCAwMDAwMDAwMCAwMDAwMDAwMCAwMDAwMDAwMCA3ZWYyOWJjNA0KWyAgMTA0LjAxMTMwOV0gM2ZlMDogNzZmMDM2OTQgN2VmMjliNzggMDAwMTA5NjggMDAwMTA3MzgNClsgIDEwNC4wMTc4ODFdIENvZGU6IGUxNWMwMDAzIDBhMDAwMDUwIGU1OTYwMzI4IGUzNTAwMDAwICgwYTAwMDAwMykgDQpbICAxMDQuMDI1NTc3XSAtLS1bIGVuZCB0cmFjZSAzNjA0MGFkZDA1MzJiNDJhIF0tLS0NCg0NCgdNZXNzYWdlIGZyb20gc3lzbG9nZEByYXNwYmVycnlwaSBhdCBTZXAgMjYgMDU6MjY6MTAgLi4uDQ0KIGtlcm5lbDpbICAxMDMuODk1NjQxXSBQcm9jZXNzIHRyeW1lIChwaWQ6IDUyMSwgc3RhY2sgbGltaXQgPSAweDc4ZTU0YmM0KQ0KDQ0NCgdNZXNzYWdlIGZyb20gc3lzbG9nZEByYXNwYmVycnlwaSBhdCBTZXAgMjYgMDU6MjY6MTAgLi4uDQ0KIGtlcm5lbDpbICAxMDMuOTAyNzM2XSBTdGFjazogKDB4YjQxNjNmNjAgdG8gMHhiNDE2NDAwMCkNCg0NDQoHTWVzc2FnZSBmcm9tIHN5c2xvZ2RAcmFzcGJlcnJ5cGkgYXQgU2VwIDI2IDA1OjI2OjEwIC4uLg0NCiBrZXJuZWw6WyAgMTAzLjkwODMxNF0gM2Y2MDogMDAwMDAwMDMgYjdjNDEzODAgMDAwMDAwMTAgMDAwMDAwMDAgMDAwMDAwMDAgMDAwMDAwMDAgMDAwMDAwZDAgODAxMDExYzQNCg0NDQoHTWVzc2FnZSBmcm9tIHN5c2xvZ2RAcmFzcGJlcnJ5cGkgYXQgU2VwIDI2IDA1OjI2OjEwIC4uLg0NCiBrZXJuZWw6WyAgMTAzLjkxODkxOV0gM2Y4MDogYjQxNjIwMDAgMDAwMDAwZDAgYjQxNjNmYTQgYjQxNjNmOTggODAxMzUxYjAgODAxMzRmYjAgMDAwMDAwMDAgYjQxNjNmYTgNCg0NDQoHTWVzc2FnZSBmcm9tIHN5c2xvZ2RAcmFzcGJlcnJ5cGkgYXQgU2VwIDI2IDA1OjI2OjEwIC4uLg0NCiBrZXJuZWw6WyAgMTAzLjkyOTUxNV0gM2ZhMDogODAxMDEwMDAgODAxMzUxYTQgMDAwMDAwMDAgMDAwMDAwMDAgMDAwMDAwMDAgMDAwMDAwMDAgMDAwMDAwMDAgMDAwMDAwMDANCg0NDQoHTWVzc2FnZSBmcm9tIHN5c2xvZ2RAcmFzcGJlcnJ5cGkgYXQgU2VwIDI2IDA1OjI2OjEwIC4uLg0NCiBrZXJuZWw6WyAgMTAzLjk0MDEwM10gM2ZjMDogMDAwMDAwMDAgMDAwMDAwMDAgMDAwMDAwMDAgMDAwMDAwZDAgMDAwMDAwMDAgMDAwMDAwMDAgMDAwMDAwMDAgN2VmMjliYzQNCg0NDQoHTWVzc2FnZSBmcm9tIHN5c2xvZ2RAcmFzcGJlcnJ5cGkgYXQgU2VwIDI2IDA1OjI2OjEwIC4uLg0NCiBrZXJuZWw6WyAgMTAzLjk1MDcyMV0gM2ZlMDogNzZmMDM2OTQgN2VmMjliNzggMDAwMTA5NjggMDAwMTA3MzggMDAwMDAwMTAgMDAwMDAwMDAgMDAwMDAwMDAgMDAwMDAwMDANCg0NDQoHTWVzc2FnZSBmcm9tIHN5c2xvZ2RAcmFzcGJlcnJ5cGkgYXQgU2VwIDI2IDA1OjI2OjEwIC4uLg0NCiBrZXJuZWw6WyAgMTA0LjAxNzg4MV0gQ29kZTogZTE1YzAwMDMgMGEwMDAwNTAgZTU5NjAzMjggZTM1MDAwMDAgKDBhMDAwMDAzKSANCg1TZWdtZW50YXRpb24gZmF1bHQNCnBpQHJhc3BiZXJyeXBpOn4kIA=='
187,95,b'Li90cnltZQ0KNjI1MDAwMA0KZ3JpOjEwMDAvMTAwMC8xMDAwcGlAcmFzcGJlcnJ5cGk6fiQg'
188,97,b'Li90cnltZQ0KNjI1MDAwMA0KZ3JpOjEwMDAvMTAwMC8xMDAwcGlAcmFzcGJlcnJ5cGk6fiQg'
188,102,b'Li90cnltZQ0KNjI1MDAwMA0KZ3JpOjEwMDAvMTAwMC8xMDAwcGlAcmFzcGJlcnJ5cGk6fiQg'
188,134,b'Li90cnltZQ0KNjI1MDAwMA0KZ3JpOjEwMDAvMTAwMC8xMDAwcGlAcmFzcGJlcnJ5cGk6fiQg'
188,117,b'Li90cnltZQ0KNjI1MDAwMA0KZ3JpOjEwMDAvMTAwMC8xMDAwcGlAcmFzcGJlcnJ5cGk6fiQg'
188,133,b'Li90cnltZQ0KNjI1MDAwMA0KZ3JpOjEwMDAvMTAwMC8xMDAwcGlAcmFzcGJlcnJ5cGk6fiQg'
188,98,b'Li90cnltZQ0KNjI1MDAwMA0KZ3JpOjEwMDAvMTAwMC8xMDAwcGlAcmFzcGJlcnJ5cGk6fiQg'
188,127,b'Li90cnltZQ0KNjI1MDAwMA0KZ3JpOjEwMDAvMTAwMC8xMDAwcGlAcmFzcGJlcnJ5cGk6fiQg'
188,108,b'Li90cnltZQ0KNjI1MDAwMA0KZ3JpOjEwMDAvMTAwMC8xMDAwcGlAcmFzcGJlcnJ5cGk6fiQg'
188,101,b'Li90cnltZQ0KNjI1MDAwMA0KZ3JpOjEwMDAvMTAwMC8xMDAwcGlAcmFzcGJlcnJ5cGk6fiQg'
188,110,b'Li90cnltZQ0KNjI1MDAwMA0KZ3JpOjEwMDAvMTAwMC8xMDAwcGlAcmFzcGJlcnJ5cGk6fiQg'
188,109,b'Li90cnltZQ0KNjI1MDAwMA0KZ3JpOjEwMDAvMTAwMC8xMDAwcGlAcmFzcGJlcnJ5cGk6fiQg'
188,114,b'Li90cnltZQ0KNjI1MDAwMA0KZ3JpOjEwMDAvMTAwMC8xMDAwcGlAcmFzcGJlcnJ5cGk6fiQg'
188,98,b'Li90cnltZQ0KNjI1MDAwMA0KZ3JpOjEwMDAvMTAwMC8xMDAwcGlAcmFzcGJlcnJ5cGk6fiQg'
188,106,b'Li90cnltZQ0KNjI1MDAwMA0KZ3JpOjEwMDAvMTAwMC8xMDAwcGlAcmFzcGJlcnJ5cGk6fiQg'
188,131,b'Li90cnltZQ0KWyAgMTE1Ljg1NDEyNF0gVW5hYmxlIHRvIGhhbmRsZSBrZXJuZWwgcGFnaW5nIHJlcXVlc3QgYXQgdmlydHVhbCBhZGRyZXNzIDA0MDAwNGE4DQpbICAxMTUuODYzMDAwXSBwZ2QgPSAyMTNiZjY4Ng0KWyAgMTE1Ljg2NzExOF0gWzA0MDAwNGE4XSAqcGdkPTAwMDAwMDAwDQoNDQoHTWVzc2FnZVsgIDExNS44NzIxMDldIEludGVybmFsIGVycm9yOiBPb3BzOiA1IFsjNl0gU01QIEFSTQ0KIGZyb20gc3lzbG9nZEByYXNwYmVycnlwaSBhdCBTZXAgMjYgMDU6MjY6MjIgLi4uDQ0KIGtlcm5lbDpbICAxMTUuODcyMTA5XSBJbnRlcm5hbCBlcnJvcjogT29wczogWyAgMTE1Ljg3ODkwM10gTW9kdWxlcyBsaW5rZWQgaW46IGJuZXAgaGNpX3VhcnQgYnRiY20gc2VyZGV2IGJsdWV0b290aCBlY2RoX2dlbmVyaWMgc2hhMjU2X2dlbmVyaWMgY2ZnODAyMTEgcmZraWxsIDgwMjFxIGdhcnAgc3RwIGxsYyByYXNwYmVycnlwaV9od21vbiBod21vbiBiY20yODM1X2NvZGVjKEMpIHNuZF9iY20yODM1KEMpIGJjbTI4MzVfdjRsMihDKSB2NGwyX21lbTJtZW0gYmNtMjgzNV9tbWFsX3ZjaGlxKEMpIHZpZGVvYnVmMl9kbWFfY29udGlnIHNuZF9wY20gdjRsMl9jb21tb24gdmlkZW9idWYyX3ZtYWxsb2MgdmlkZW9idWYyX21lbW9wcyBzbmRfdGltZXIgdmlkZW9idWYyX3Y0bDIgc25kIHZpZGVvYnVmMl9jb21tb24gdmlkZW9kZXYgdmNfc21fY21hKEMpIG1lZGlhIHVpb19wZHJ2X2dlbmlycSB1aW8gZml4ZWQgaXBfdGFibGVzIHhfdGFibGVzIGlwdjYNCjUgWyM2XSBTTVAgQVJNDQoNWyAgMTE1LjkyNjMyNl0gQ1BVOiAyIFBJRDogNTM3IENvbW06IHRyeW1lIFRhaW50ZWQ6IEcgICAgICBEICBDICAgICAgICA0LjE5Ljc1LXY3KyAjMTI3MA0KWyAgMTE1Ljk0MDIzOV0gSGFyZHdhcmUgbmFtZTogQkNNMjgzNQ0KWyAgMTE1Ljk0NjYyMV0gUEMgaXMgYXQgbnNfY2FwYWJsZV9jb21tb24rMHg5NC8weGIwDQpbICAxMTUuOTU0MTk1XSBMUiBpcyBhdCAweGI0MGNlMDAwDQpbICAxMTUuOTYwMTc5XSBwYyA6IFs8ODAxMmIzYzQ+XSAgICBsciA6IFs8YjQwY2UwMDA+XSAgICBwc3I6IDIwMDAwMDEzDQpbICAxMTUuOTY5MzY5XSBzcCA6IGI0MGNmZjQwICBpcCA6IDAwMDAwMDA3ICBmcCA6IGI0MGNmZjRjDQpbICAxMTUuOTc3NDI3XSByMTA6IDAwMDAwMDAwICByOSA6IDAwMDAwMDAwICByOCA6IDAwMDAwMDAwDQpbICAxMTUuOTg1NDQxXSByNyA6IDAwMDAwMDAwICByNiA6IDAwMDAwMDAwICByNSA6IDAwMDAwMDAwICByNCA6IGI3YzQxNzgwDQpbICAxMTUuOTk0NzUwXSByMyA6IDAwMDAwMDAxICByMiA6IDAwMDAwMDA3ICByMSA6IDgwZDBkNjQwICByMCA6IDA0MDAwMDAwDQpbICAxMTYuMDA0MDA0XSBGbGFnczogbnpDdiAgSVJRcyBvbiAgRklRcyBvbiAgTW9kZSBTVkNfMzIgIElTQSBBUk0gIFNlZ21lbnQgdXNlcg0KWyAgMTE2LjAxMzg4N10gQ29udHJvbDogMTBjNTM4M2QgIFRhYmxlOiAzNjIwYzA2YSAgREFDOiAwMDAwMDA1NQ0KWyAgMTE2LjAyMjMyNl0gUHJvY2VzcyB0cnltZSAocGlkOiA1MzcsIHN0YWNrIGxpbWl0ID0gMHg2ZTBkYjEyYykNClsgIDExNi4wMzAxMTVdIFN0YWNrOiAoMHhiNDBjZmY0MCB0byAweGI0MGQwMDAwKQ0KWyAgMTE2LjAzNTY4NF0gZmY0MDogYjQwY2ZmNWMgYjQwY2ZmNTAgODAxMmIzZmMgODAxMmIzM2MgYjQwY2ZmOTQgYjQwY2ZmNjAgODAxMzUwNzAgODAxMmIzZWMNClsgIDExNi4wNDYyNjldIGZmNjA6IDAwMDAwMDAzIGI3YzQxNzAwIDAwMDAwMDEwIDAwMDAwMDAwIDAwMDAwMDAwIDAwMDAwMDAwIDAwMDAwMGQwIDgwMTAxMWM0DQpbICAxMTYuMDU2ODQ1XSBmZjgwOiBiNDBjZTAwMCAwMDAwMDBkMCBiNDBjZmZhNCBiNDBjZmY5OCA4MDEzNTFiMCA4MDEzNGZiMCAwMDAwMDAwMCBiNDBjZmZhOA0KWyAgMTE2LjA2NzQxMV0gZmZhMDogODAxMDEwMDAgODAxMzUxYTQgMDAwMDAwMDAgMDAwMDAwMDAgMDAwMDAwMDAgMDAwMDAwMDAgMDAwMDAwMDAgMDAwMDAwMDANClsgIDExNi4wNzgwMDldIGZmYzA6IDAwMDAwMDAwIDAwMDAwMDAwIDAwMDAwMDAwIDAwMDAwMGQwIDAwMDAwMDAwIDAwMDAwMDAwIDAwMDAwMDAwIDdlOGQzYmM0DQpbICAxMTYuMDg4NzI2XSBmZmUwOiA3NmVlZDY5NCA3ZThkM2I3OCAwMDAxMDk2OCAwMDAxMDczOCAwMDAwMDAxMCAwMDAwMDAwMCAwMDAwMDAwMCAwMDAwMDAwMA0KWyAgMTE2LjA5OTU4NF0gWzw4MDEyYjNjND5dIChuc19jYXBhYmxlX2NvbW1vbikgZnJvbSBbPDgwMTJiM2ZjPl0gKG5zX2NhcGFibGUrMHgxYy8weDIwKQ0KWyAgMTE2LjExMDE4OV0gWzw4MDEyYjNmYz5dIChuc19jYXBhYmxlKSBmcm9tIFs8ODAxMzUwNzA+XSAoX19zeXNfc2V0cmVzdWlkKzB4Y2MvMHgxZjQpDQpbICAxMTYuMTIwODkzXSBbPDgwMTM1MDcwPl0gKF9fc3lzX3NldHJlc3VpZCkgZnJvbSBbPDgwMTM1MWIwPl0gKHN5c19zZXRyZXN1aWQrMHgxOC8weDFjKQ0KWyAgMTE2LjEzMTg0N10gWzw4MDEzNTFiMD5dIChzeXNfc2V0cmVzdWlkKSBmcm9tIFs8ODAxMDEwMDA+XSAocmV0X2Zhc3Rfc3lzY2FsbCsweDAvMHgyOCkNClsgIDExNi4xNDI4NzFdIEV4Y2VwdGlvbiBzdGFjaygweGI0MGNmZmE4IHRvIDB4YjQwY2ZmZjApDQpbICAxMTYuMTQ5NTAyXSBmZmEwOiAgICAgICAgICAgICAgICAgICAwMDAwMDAwMCAwMDAwMDAwMCAwMDAwMDAwMCAwMDAwMDAwMCAwMDAwMDAwMCAwMDAwMDAwMA0KWyAgMTE2LjE2MDc2M10gZmZjMDogMDAwMDAwMDAgMDAwMDAwMDAgMDAwMDAwMDAgMDAwMDAwZDAgMDAwMDAwMDAgMDAwMDAwMDAgMDAwMDAwMDAgN2U4ZDNiYzQNClsgIDExNi4xNzIwMDldIGZmZTA6IDc2ZWVkNjk0IDdlOGQzYjc4IDAwMDEwOTY4IDAwMDEwNzM4DQpbICAxMTYuMTc4NTk3XSBDb2RlOiBlMWEwMTAwMCBlMWEwMjAwYyBlM2EwMzAwMSBlNTllMDAwYyAoZTU5MDA0YTgpIA0KWyAgMTE2LjE4NjI4NV0gLS0tWyBlbmQgdHJhY2UgMzYwNDBhZGQwNTMyYjQyYiBdLS0tDQoNDQoHTWVzc2FnZSBmcm9tIHN5c2xvZ2RAcmFzcGJlcnJ5cGkgYXQgU2VwIDI2IDA1OjI2OjIyIC4uLg0NCiBrZXJuZWw6WyAgMTE2LjAyMjMyNl0gUHJvY2VzcyB0cnltZSAocGlkOiA1MzcsIHN0YWNrIGxpbWl0ID0gMHg2ZTBkYjEyYykNCg0NDQoHTWVzc2FnZSBmcm9tIHN5c2xvZ2RAcmFzcGJlcnJ5cGkgYXQgU2VwIDI2IDA1OjI2OjIyIC4uLg0NCiBrZXJuZWw6WyAgMTE2LjAzMDExNV0gU3RhY2s6ICgweGI0MGNmZjQwIHRvIDB4YjQwZDAwMDApDQoNDQ0KB01lc3NhZ2UgZnJvbSBzeXNsb2dkQHJhc3BiZXJyeXBpIGF0IFNlcCAyNiAwNToyNjoyMiAuLi4NDQoga2VybmVsOlsgIDExNi4wMzU2ODRdIGZmNDA6IGI0MGNmZjVjIGI0MGNmZjUwIDgwMTJiM2ZjIDgwMTJiMzNjIGI0MGNmZjk0IGI0MGNmZjYwIDgwMTM1MDcwIDgwMTJiM2VjDQoNDQ0KB01lc3NhZ2UgZnJvbSBzeXNsb2dkQHJhc3BiZXJyeXBpIGF0IFNlcCAyNiAwNToyNjoyMiAuLi4NDQoga2VybmVsOlsgIDExNi4wNDYyNjldIGZmNjA6IDAwMDAwMDAzIGI3YzQxNzAwIDAwMDAwMDEwIDAwMDAwMDAwIDAwMDAwMDAwIDAwMDAwMDAwIDAwMDAwMGQwIDgwMTAxMWM0DQoNDQ0KB01lc3NhZ2UgZnJvbSBzeXNsb2dkQHJhc3BiZXJyeXBpIGF0IFNlcCAyNiAwNToyNjoyMiAuLi4NDQoga2VybmVsOlsgIDExNi4wNTY4NDVdIGZmODA6IGI0MGNlMDAwIDAwMDAwMGQwIGI0MGNmZmE0IGI0MGNmZjk4IDgwMTM1MWIwIDgwMTM0ZmIwIDAwMDAwMDAwIGI0MGNmZmE4DQoNDQ0KB01lc3NhZ2UgZnJvbSBzeXNsb2dkQHJhc3BiZXJyeXBpIGF0IFNlcCAyNiAwNToyNjoyMiAuLi4NDQoga2VybmVsOlsgIDExNi4wNjc0MTFdIGZmYTA6IDgwMTAxMDAwIDgwMTM1MWE0IDAwMDAwMDAwIDAwMDAwMDAwIDAwMDAwMDAwIDAwMDAwMDAwIDAwMDAwMDAwIDAwMDAwMDAwDQoNDQ0KB01lc3NhZ2UgZnJvbSBzeXNsb2dkQHJhc3BiZXJyeXBpIGF0IFNlcCAyNiAwNToyNjoyMiAuLi4NDQoga2VybmVsOlsgIDExNi4wNzgwMDldIGZmYzA6IDAwMDAwMDAwIDAwMDAwMDAwIDAwMDAwMDAwIDAwMDAwMGQwIDAwMDAwMDAwIDAwMDAwMDAwIDAwMDAwMDAwIDdlOGQzYmM0DQoNDQ0KB01lc3NhZ2UgZnJvbSBzeXNsb2dkQHJhc3BiZXJyeXBpIGF0IFNlcCAyNiAwNToyNjoyMiAuLi4NDQoga2VybmVsOlsgIDExNi4wODg3MjZdIGZmZTA6IDc2ZWVkNjk0IDdlOGQzYjc4IDAwMDEwOTY4IDAwMDEwNzM4IDAwMDAwMDEwIDAwMDAwMDAwIDAwMDAwMDAwIDAwMDAwMDAwDQoNDQ0KB01lc3NhZ2UgZnJvbSBzeXNsb2dkQHJhc3BiZXJyeXBpIGF0IFNlcCAyNiAwNToyNjoyMiAuLi4NDQoga2VybmVsOlsgIDExNi4xNzg1OTddIENvZGU6IGUxYTAxMDAwIGUxYTAyMDBjIGUzYTAzMDAxIGU1OWUwMDBjIChlNTkwMDRhOCkgDQoNU2VnbWVudGF0aW9uIGZhdWx0DQpwaUByYXNwYmVycnlwaTp+JCA='
188,103,b'Li90cnltZQ0KNjI1MDAwMA0KZ3JpOjEwMDAvMTAwMC8xMDAwcGlAcmFzcGJlcnJ5cGk6fiQg'
188,111,b'Li90cnltZQ0KNjI1MDAwMA0KZ3JpOjEwMDAvMTAwMC8xMDAwcGlAcmFzcGJlcnJ5cGk6fiQg'
188,116,b'Li90cnltZQ0KNjI1MDAwMA0KZ3JpOjEwMDAvMTAwMC8xMDAwcGlAcmFzcGJlcnJ5cGk6fiQg'
188,120,b'Li90cnltZQ0KNjI1MDAwMA0KZ3JpOjEwMDAvMTAwMC8xMDAwcGlAcmFzcGJlcnJ5cGk6fiQg'
188,97,b'Li90cnltZQ0KNjI1MDAwMA0KZ3JpOjEwMDAvMTAwMC8xMDAwcGlAcmFzcGJlcnJ5cGk6fiQg'
188,118,b'Li90cnltZQ0KNjI1MDAwMA0KZ3JpOjEwMDAvMTAwMC8xMDAwcGlAcmFzcGJlcnJ5cGk6fiQg'
188,97,b'Li90cnltZQ0KNjI1MDAwMA0KZ3JpOjEwMDAvMTAwMC8xMDAwcGlAcmFzcGJlcnJ5cGk6fiQg'
188,132,b'Li90cnltZQ0KNjI1MDAwMA0KZ3JpOjEwMDAvMTAwMC8xMDAwcGlAcmFzcGJlcnJ5cGk6fiQg'
188,128,b'Li90cnltZQ0KWyAgMTIyLjY3NDA2Ml0gLS0tLS0tLS0tLS0tWyBjdXQgaGVyZSBdLS0tLS0tLS0tLS0tDQpbICAxMjIuNjgwMTY4XSBrZXJuZWwgQlVHIGF0IHNlY3VyaXR5L2tleXMvcHJvY2Vzc19rZXlzLmM6Mjk3IQ0KWyAgMTIyLjY4NzE4OV0gSW50ZXJuYWwgZXJyb3I6IE9vcHMgLSBCVUc6IDAgWyM3XSBTTVAgQVJNDQpbICAxMjIuNjkzNzQwXSBNb2R1bGVzIGxpbmtlZCBpbjogYm5lcCBoY2lfdWFydCBidGJjbSBzZXJkZXYgYmx1ZXRvb3RoIGVjZGhfZ2VuZXJpYyBzaGEyNTZfZ2VuZXJpYyBjZmc4MDIxMSByZmtpbGwgODAyMXEgZ2FycCBzdHAgbGxjIHJhc3BiZXJyeXBpX2h3bW9uIGh3bW9uIGJjbTI4MzVfY29kZWMoQykgc25kX2JjbTI4MzUoQykgYmNtMjgzNV92NGwyKEMpIHY0bDJfbWVtMm1lbSBiY20yODM1X21tYWxfdmNoaXEoQykgdmlkZW9idWYyX2RtYV9jb250aWcgc25kX3BjbSB2NGwyX2NvbW1vbiB2aWRlb2J1ZjJfdm1hbGxvYyB2aWRlb2J1ZjJfbWVtb3BzIHNuZF90aW1lciB2aWRlb2J1ZjJfdjRsMiBzbmQgdmlkZW9idWYyX2NvbW1vbiB2aWRlb2RldiB2Y19zbV9jbWEoQykgbWVkaWEgdWlvX3BkcnZfZ2VuaXJxIHVpbyBmaXhlZCBpcF90YWJsZXMgeF90YWJsZXMgaXB2Ng0KWyAgMTIyLjc0MDg5Nl0gQ1BVOiAyIFBJRDogNTQ2IENvbW06IHRyeW1lIFRhaW50ZWQ6IEcgICAgICBEICBDICAgICAgICA0LjE5Ljc1LXY3KyAjMTI3MA0KWyAgMTIyLjc1MTQ0N10gSGFyZHdhcmUgbmFtZTogQkNNMjgzNQ0KWyAgMTIyLjc1NjE2NV0gUEMgaXMgYXQga2V5X2ZzdWlkX2NoYW5nZWQrMHg1Yy8weDYwDQpbICAxMjIuNzYzNzU1XSBMUiBpcyBhdCBjb21taXRfY3JlZHMrMHhjOC8weDI5Yw0KWyAgMTIyLjc3MDkwNF0gcGMgOiBbPDgwNDllZGI0Pl0gICAgbHIgOiBbPDgwMTQ1MTAwPl0gICAgcHNyOiA2MDAwMDAxMw0KWyAgMTIyLjc4MDEyMV0gc3AgOiBiNDBjZmY0OCAgaXAgOiBiNDBjZmY2MCAgZnAgOiBiNDBjZmY1Yw0KWyAgMTIyLjc4ODIwOF0gcjEwOiAwMDAwMDAwMCAgcjkgOiAwMDAwMDAwMCAgcjggOiAwMDAwMDAwMA0KWyAgMTIyLjc5NjIxMF0gcjcgOiAwMDAwMDAwMCAgcjYgOiAwMDAwMDAwMCAgcjUgOiBmZmZmZmZmZiAgcjQgOiAwMDAwMDAwMA0KWyAgMTIyLjgwNTUyM10gcjMgOiAwMDAwMDAwMCAgcjIgOiAwMDAwMDNlOCAgcjEgOiAwMDAwMDAwMSAgcjAgOiAwMDAwMDAwMA0KWyAgMTIyLjgxNDc3OV0gRmxhZ3M6IG5aQ3YgIElSUXMgb24gIEZJUXMgb24gIE1vZGUgU1ZDXzMyICBJU0EgQVJNICBTZWdtZW50IHVzZXINClsgIDEyMi44MjQ2OTJdIENvbnRyb2w6IDEwYzUzODNkICBUYWJsZTogMzQxNWMwNmEgIERBQzogMDAwMDAwNTUNClsgIDEyMi44MzMyMjJdIFByb2Nlc3MgdHJ5bWUgKHBpZDogNTQ2LCBzdGFjayBsaW1pdCA9IDB4NmUwZGIxMmMpDQpbICAxMjIuODQxODQyXSBTdGFjazogKDB4YjQwY2ZmNDggdG8gMHhiNDBkMDAwMCkNClsgIDEyMi44NDg5MzldIGZmNDA6ICAgICAgICAgICAgICAgICAgIDAwMDAwMDAwIGI3YzQxYTgwIGI0MGNmZjk0IGI0MGNmZjYwIDgwMTQ1MTAwIDgwNDllZDY0DQpbICAxMjIuODYyNTA1XSBmZjYwOiAwMDAwMDAwMyBiN2M0MWEwMCAwMDAwMDAxMCAwMDAwMDAwMCAwMDAwMDAwMCAwMDAwMDAwMCAwMDAwMDBkMCA4MDEwMTFjNA0KWyAgMTIyLjg3NjAxN10gZmY4MDogYjQwY2UwMDAgMDAwMDAwZDAgYjQwY2ZmYTQgYjQwY2ZmOTggODAxMzUxYjAgODAxMzRmYjAgMDAwMDAwMDAgYjQwY2ZmYTgNClsgIDEyMi44ODk1MTFdIGZmYTA6IDgwMTAxMDAwIDgwMTM1MWE0IDAwMDAwMDAwIDAwMDAwMDAwIDAwMDAwMDAwIDAwMDAwMDAwIDAwMDAwMDAwIDAwMDAwMDAwDQpbICAxMjIuOTAzMDgyXSBmZmMwOiAwMDAwMDAwMCAwMDAwMDAwMCAwMDAwMDAwMCAwMDAwMDBkMCAwMDAwMDAwMCAwMDAwMDAwMCAwMDAwMDAwMCA3ZWNjMWJjNA0KWyAgMTIyLjkxNjkzMl0gZmZlMDogNzZlZjE2OTQgN2VjYzFiNzggMDAwMTA5NjggMDAwMTA3MzggMDAwMDAwMTAgMDAwMDAwMDAgMDAwMDAwMDAgMDAwMDAwMDANClsgIDEyMi45MzExMDRdIFs8ODA0OWVkYjQ+XSAoa2V5X2ZzdWlkX2NoYW5nZWQpIGZyb20gWzw4MDE0NTEwMD5dIChjb21taXRfY3JlZHMrMHhjOC8weDI5YykNClsgIDEyMi45NDU0MTFdIFs8ODAxNDUxMDA+XSAoY29tbWl0X2NyZWRzKSBmcm9tIFs8ODAxMzUxYjA+XSAoc3lzX3NldHJlc3VpZCsweDE4LzB4MWMpDQpbICAxMjIuOTU5NjYzXSBbPDgwMTM1MWIwPl0gKHN5c19zZXRyZXN1aWQpIGZyb20gWzw4MDEwMTAwMD5dIChyZXRfZmFzdF9zeXNjYWxsKzB4MC8weDI4KQ0KWyAgMTIyLjk3MjgwNl0gRXhjZXB0aW9uIHN0YWNrKDB4YjQwY2ZmYTggdG8gMHhiNDBjZmZmMCkNClsgIDEyMi45NzkzODZdIGZmYTA6ICAgICAgICAgICAgICAgICAgIDAwMDAwMDAwIDAwMDAwMDAwIDAwMDAwMDAwIDAwMDAwMDAwIDAwMDAwMDAwIDAwMDAwMDAwDQpbICAxMjIuOTkwNTk3XSBmZmMwOiAwMDAwMDAwMCAwMDAwMDAwMCAwMDAwMDAwMCAwMDAwMDBkMCAwMDAwMDAwMCAwMDAwMDAwMCAwMDAwMDAwMCA3ZWNjMWJjNA0KWyAgMTIzLjAwMTgzNF0gZmZlMDogNzZlZjE2OTQgN2VjYzFiNzggMDAwMTA5NjggMDAwMTA3MzgNClsgIDEyMy4wMDg0MTddIENvZGU6IGU1OTMwMDVjIGUyODAwMDE0IGViZjM1ZDYyIGU4OWRhODE4IChlN2YwMDFmMikgDQpbICAxMjMuMDE2MDQ2XSAtLS1bIGVuZCB0cmFjZSAzNjA0MGFkZDA1MzJiNDJjIF0tLS0NClNlZ21lbnRhdGlvbiBmYXVsdA0KDQ0KB01lc3NhZ2UgZnJvbSBzeXNsb2dkQHJhc3BiZXJyeXBpIGF0IFNlcCAyNiAwNToyNjoyOSAuLi4NDQoga2VybmVsOlsgIDEyMi42ODcxODldIEludGVybmFsIGVycm9yOiBPb3BzIC0gQlVHOiAwIFsjN10gU01QIEFSTQ0KDQ0NCgdNZXNzYWdlIGZyb20gc3lzbG9nZEByYXNwYmVycnlwaSBhdCBTZXAgMjYgMDU6MjY6MjkgLi4uDQ0KIGtlcm5lbDpbICAxMjIuODMzMjIyXSBQcm9jZXNzIHRyeW1lIChwaWQ6IDU0Niwgc3RhY2sgbGltaXQgPSAweDZlMGRiMTJjKQ0KDQ0NCgdNZXNzYWdlIGZyb20gc3lzbG9nZEByYXNwYmVycnlwaSBhdCBTZXAgMjYgMDU6MjY6MjkgLi4uDQ0KIGtlcm5lbDpbICAxMjIuODQxODQyXSBTdGFjazogKDB4YjQwY2ZmNDggdG8gMHhiNDBkMDAwMCkNCg0NDQoHTWVzc2FnZSBmcm9tIHN5c2xvZ2RAcmFzcGJlcnJ5cGkgYXQgU2VwIDI2IDA1OjI2OjI5IC4uLg0NCiBrZXJuZWw6WyAgMTIyLjg0ODkzOV0gZmY0MDogICAgICAgICAgICAgICAgICAgMDAwMDAwMDAgYjdjNDFhODAgYjQwY2ZmOTQgYjQwY2ZmNjAgODAxNDUxMDAgODA0OWVkNjQNCg0NDQoHTWVzc2FnZSBmcm9tIHN5c2xvZ2RAcmFzcGJlcnJ5cGkgYXQgU2VwIDI2IDA1OjI2OjI5IC4uLg0NCiBrZXJuZWw6WyAgMTIyLjg2MjUwNV0gZmY2MDogMDAwMDAwMDMgYjdjNDFhMDAgMDAwMDAwMTAgMDAwMDAwMDAgMDAwMDAwMDAgMDAwMDAwMDAgMDAwMDAwZDAgODAxMDExYzQNCg0NDQoHTWVzc2FnZSBmcm9tIHN5c2xvZ2RAcmFzcGJlcnJ5cGkgYXQgU2VwIDI2IDA1OjI2OjI5IC4uLg0NCiBrZXJuZWw6WyAgMTIyLjg3NjAxN10gZmY4MDogYjQwY2UwMDAgMDAwMDAwZDAgYjQwY2ZmYTQgYjQwY2ZmOTggODAxMzUxYjAgODAxMzRmYjAgMDAwMDAwMDAgYjQwY2ZmYTgNCg0NDQoHTWVzc2FnZSBmcm9tIHN5c2xvZ2RAcmFzcGJlcnJ5cGkgYXQgU2VwIDI2IDA1OjI2OjI5IC4uLg0NCiBrZXJuZWw6WyAgMTIyLjg4OTUxMV0gZmZhMDogODAxMDEwMDAgODAxMzUxYTQgMDAwMDAwMDAgMDAwMDAwMDAgMDAwMDAwMDAgMDAwMDAwMDAgMDAwMDAwMDAgMDAwMDAwMDANCg0NDQoHTWVzc2FnZSBmcm9tIHN5c2xvZ2RAcmFzcGJlcnJ5cGkgYXQgU2VwIDI2IDA1OjI2OjI5IC4uLg0NCiBrZXJuZWw6WyAgMTIyLjkwMzA4Ml0gZmZjMDogMDAwMDAwMDAgMDAwMDAwMDAgMDAwMDAwMDAgMDAwMDAwZDAgMDAwMDAwMDAgMDAwMDAwMDAgMDAwMDAwMDAgN2VjYzFiYzQNCg0NDQoHTWVzc2FnZSBmcm9tIHN5c2xvZ2RAcmFzcGJlcnJ5cGkgYXQgU2VwIDI2IDA1OjI2OjI5IC4uLg0NCiBrZXJuZWw6WyAgMTIyLjkxNjkzMl0gZmZlMDogNzZlZjE2OTQgN2VjYzFiNzggMDAwMTA5NjggMDAwMTA3MzggMDAwMDAwMTAgMDAwMDAwMDAgMDAwMDAwMDAgMDAwMDAwMDANCg0NDQoHTWVzc2FnZSBmcm9tIHN5c2xvZ2RAcmFzcGJlcnJ5cGkgYXQgU2VwIDI2IDA1OjI2OjI5IC4uLg0NCiBrZXJuZWw6WyAgMTIzLjAwODQxN10gQ29kZTogZTU5MzAwNWMgZTI4MDAwMTQgZWJmMzVkNjIgZTg5ZGE4MTggKGU3ZjAwMWYyKSANCg1waUByYXNwYmVycnlwaTp+JCA='
188,97,b'Li90cnltZQ0KNjI1MDAwMA0KZ3JpOjEwMDAvMTAwMC8xMDAwcGlAcmFzcGJlcnJ5cGk6fiQg'
188,96,b'Li90cnltZQ0KNjI1MDAwMA0KZ3JpOjEwMDAvMTAwMC8xMDAwcGlAcmFzcGJlcnJ5cGk6fiQg'
188,100,b'Li90cnltZQ0KNjI1MDAwMA0KZ3JpOjEwMDAvMTAwMC8xMDAwcGlAcmFzcGJlcnJ5cGk6fiQg'
188,127,b'Li90cnltZQ0KNjI1MDAwMA0KZ3JpOjEwMDAvMTAwMC8xMDAwcGlAcmFzcGJlcnJ5cGk6fiQg'
188,108,b'Li90cnltZQ0KNjI1MDAwMA0KZ3JpOjEwMDAvMTAwMC8xMDAwcGlAcmFzcGJlcnJ5cGk6fiQg'
188,105,b'Li90cnltZQ0KNjI1MDAwMA0KZ3JpOjEwMDAvMTAwMC8xMDAwcGlAcmFzcGJlcnJ5cGk6fiQg'
188,121,b'Li90cnltZQ0KNjI1MDAwMA0KZ3JpOjEwMDAvMTAwMC8xMDAwcGlAcmFzcGJlcnJ5cGk6fiQg'
188,104,b'Li90cnltZQ0KNjI1MDAwMA0KZ3JpOjEwMDAvMTAwMC8xMDAwcGlAcmFzcGJlcnJ5cGk6fiQg'
188,111,b'Li90cnltZQ0KNjI1MDAwMA0KZ3JpOjEwMDAvMTAwMC8xMDAwcGlAcmFzcGJlcnJ5cGk6fiQg'
188,106,b'Li90cnltZQ0KNjI1MDAwMA0KZ3JpOjEwMDAvMTAwMC8xMDAwcGlAcmFzcGJlcnJ5cGk6fiQg'
188,95,b'Li90cnltZQ0KNjI1MDAwMA0KZ3JpOjEwMDAvMTAwMC8xMDAwcGlAcmFzcGJlcnJ5cGk6fiQg'
188,112,b'Li90cnltZQ0KNjI1MDAwMA0KZ3JpOjEwMDAvMTAwMC8xMDAwcGlAcmFzcGJlcnJ5cGk6fiQg'
188,131,b'Li90cnltZQ0KWyAgMTMyLjUyNDEwOV0gVW5hYmxlIHRvIGhhbmRsZSBrZXJuZWwgTlVMTCBwb2ludGVyIGRlcmVmZXJlbmNlIGF0IHZpcnR1YWwgYWRkcmVzcyAwMDAwMDMyOA0KWyAgMTMyLjUzNTI0MF0gcGdkID0gYzQ4MzQ0YmYNClsgIDEzMi41MzkzMjldIFswMDAwMDMyOF0gKnBnZD0zNDA0YTgzNSwgKnB0ZT0wMDAwMDAwMCwgKnBwdGU9MDAwMDAwMDANCg0NCgdNZXNzYWdlWyAgMTMyLjU0NzA4Nl0gSW50ZXJuYWwgZXJyb3I6IE9vcHM6IDE3IFsjOF0gU01QIEFSTQ0KIGZyb20gc3lzbG9nZEByYXNwYmVycnlwaSBhdCBTZXAgMjYgMDU6MjY6MzkgLi4uDQ0KIGtlcm5lbDpbICAxMzIuNTQ3MDg2XSBJbnRlcm5hbCBlcnJvcjogT29wczogWyAgMTMyLjU1Mzk3N10gTW9kdWxlcyBsaW5rZWQgaW46IGJuZXAgaGNpX3VhcnQgYnRiY20gc2VyZGV2IGJsdWV0b290aCBlY2RoX2dlbmVyaWMgc2hhMjU2X2dlbmVyaWMgY2ZnODAyMTEgcmZraWxsIDgwMjFxIGdhcnAgc3RwIGxsYyByYXNwYmVycnlwaV9od21vbiBod21vbiBiY20yODM1X2NvZGVjKEMpIHNuZF9iY20yODM1KEMpIGJjbTI4MzVfdjRsMihDKSB2NGwyX21lbTJtZW0gYmNtMjgzNV9tbWFsX3ZjaGlxKEMpIHZpZGVvYnVmMl9kbWFfY29udGlnIHNuZF9wY20gdjRsMl9jb21tb24gdmlkZW9idWYyX3ZtYWxsb2MgdmlkZW9idWYyX21lbW9wcyBzbmRfdGltZXIgdmlkZW9idWYyX3Y0bDIgc25kIHZpZGVvYnVmMl9jb21tb24gdmlkZW9kZXYgdmNfc21fY21hKEMpIG1lZGlhIHVpb19wZHJ2X2dlbmlycSB1aW8gZml4ZWQgaXBfdGFibGVzIHhfdGFibGVzIGlwdjYNCjE3IFsjOF0gU01QIEFSTQ0KDVsgIDEzMi42MDEzOTldIENQVTogMiBQSUQ6IDU1OSBDb21tOiB0cnltZSBUYWludGVkOiBHICAgICAgRCAgQyAgICAgICAgNC4xOS43NS12NysgIzEyNzANClsgIDEzMi42MTU0MTFdIEhhcmR3YXJlIG5hbWU6IEJDTTI4MzUNClsgIDEzMi42MjE4NDJdIFBDIGlzIGF0IGNvbW1pdF9jcmVkcysweDkwLzB4MjljDQpbICAxMzIuNjI5MTE4XSBMUiBpcyBhdCBfX3N5c19zZXRyZXN1aWQrMHgxNjgvMHgxZjQNClsgIDEzMi42MzY2NjBdIHBjIDogWzw4MDE0NTBjOD5dICAgIGxyIDogWzw4MDEzNTEwYz5dICAgIHBzcjogODAwMDAwMTMNClsgIDEzMi42NDU4NzFdIHNwIDogYjQwY2ZmNjAgIGlwIDogYjQwY2ZmNDAgIGZwIDogYjQwY2ZmOTQNClsgIDEzMi42NTQwMDNdIHIxMDogMDAwMDAwMDAgIHI5IDogMDAwMDAwMDAgIHI4IDogMDAwMDAwMDANClsgIDEzMi42NjIxMDVdIHI3IDogMDAwMDAwMDAgIHI2IDogMDAwMDAwMDAgIHI1IDogZmZmZmZmZmYgIHI0IDogYjdjNDFlODANClsgIDEzMi42NzE1MTNdIHIzIDogYjdjNDFmMDAgIHIyIDogMDAwMDAzZTggIHIxIDogMDAwMDAwMDEgIHIwIDogYjQwY2ZmOTQNClsgIDEzMi42ODA4NDddIEZsYWdzOiBOemN2ICBJUlFzIG9uICBGSVFzIG9uICBNb2RlIFNWQ18zMiAgSVNBIEFSTSAgU2VnbWVudCB1c2VyDQpbICAxMzIuNjkwNzk0XSBDb250cm9sOiAxMGM1MzgzZCAgVGFibGU6IDM0MTM0MDZhICBEQUM6IDAwMDAwMDU1DQpbICAxMzIuNjk5MzcwXSBQcm9jZXNzIHRyeW1lIChwaWQ6IDU1OSwgc3RhY2sgbGltaXQgPSAweDZlMGRiMTJjKQ0KWyAgMTMyLjcwNjQ3NF0gU3RhY2s6ICgweGI0MGNmZjYwIHRvIDB4YjQwZDAwMDApDQpbICAxMzIuNzEyMDYxXSBmZjYwOiAwMDAwMDAwMyBiN2M0MWYwMCAwMDAwMDAxMCAwMDAwMDAwMCAwMDAwMDAwMCAwMDAwMDAwMCAwMDAwMDBkMCA4MDEwMTFjNA0KWyAgMTMyLjcyMjY4M10gZmY4MDogYjQwY2UwMDAgMDAwMDAwZDAgYjQwY2ZmYTQgYjQwY2ZmOTggODAxMzUxYjAgODAxMzRmYjAgMDAwMDAwMDAgYjQwY2ZmYTgNClsgIDEzMi43MzMyOTZdIGZmYTA6IDgwMTAxMDAwIDgwMTM1MWE0IDAwMDAwMDAwIDAwMDAwMDAwIDAwMDAwMDAwIDAwMDAwMDAwIDAwMDAwMDAwIDAwMDAwMDAwDQpbICAxMzIuNzQzOTAwXSBmZmMwOiAwMDAwMDAwMCAwMDAwMDAwMCAwMDAwMDAwMCAwMDAwMDBkMCAwMDAwMDAwMCAwMDAwMDAwMCAwMDAwMDAwMCA3ZWQwOGJjNA0KWyAgMTMyLjc1NDUzN10gZmZlMDogNzZlZmM2OTQgN2VkMDhiNzggMDAwMTA5NjggMDAwMTA3MzggMDAwMDAwMTAgMDAwMDAwMDAgMDAwMDAwMDAgMDAwMDAwMDANClsgIDEzMi43NjUzMDRdIFs8ODAxNDUwYzg+XSAoY29tbWl0X2NyZWRzKSBmcm9tIFs8ODAxMzUxYjA+XSAoc3lzX3NldHJlc3VpZCsweDE4LzB4MWMpDQpbICAxMzIuNzc1Njc0XSBbPDgwMTM1MWIwPl0gKHN5c19zZXRyZXN1aWQpIGZyb20gWzw4MDEwMTAwMD5dIChyZXRfZmFzdF9zeXNjYWxsKzB4MC8weDI4KQ0KWyAgMTMyLjc4NjQwNF0gRXhjZXB0aW9uIHN0YWNrKDB4YjQwY2ZmYTggdG8gMHhiNDBjZmZmMCkNClsgIDEzMi43OTI5MjddIGZmYTA6ICAgICAgICAgICAgICAgICAgIDAwMDAwMDAwIDAwMDAwMDAwIDAwMDAwMDAwIDAwMDAwMDAwIDAwMDAwMDAwIDAwMDAwMDAwDQpbICAxMzIuODA0MDUyXSBmZmMwOiAwMDAwMDAwMCAwMDAwMDAwMCAwMDAwMDAwMCAwMDAwMDBkMCAwMDAwMDAwMCAwMDAwMDAwMCAwMDAwMDAwMCA3ZWQwOGJjNA0KWyAgMTMyLjgxNTIwOV0gZmZlMDogNzZlZmM2OTQgN2VkMDhiNzggMDAwMTA5NjggMDAwMTA3MzgNClsgIDEzMi44MjE3ODVdIENvZGU6IGUxNWMwMDAzIDBhMDAwMDUwIGU1OTYwMzI4IGUzNTAwMDAwICgwYTAwMDAwMykgDQpbICAxMzIuODI5NDU2XSAtLS1bIGVuZCB0cmFjZSAzNjA0MGFkZDA1MzJiNDJkIF0tLS0NCg0NCgdNZXNzYWdlIGZyb20gc3lzbG9nZEByYXNwYmVycnlwaSBhdCBTZXAgMjYgMDU6MjY6MzkgLi4uDQ0KIGtlcm5lbDpbICAxMzIuNjk5MzcwXSBQcm9jZXNzIHRyeW1lIChwaWQ6IDU1OSwgc3RhY2sgbGltaXQgPSAweDZlMGRiMTJjKQ0KDQ0NCgdNZXNzYWdlIGZyb20gc3lzbG9nZEByYXNwYmVycnlwaSBhdCBTZXAgMjYgMDU6MjY6MzkgLi4uDQ0KIGtlcm5lbDpbICAxMzIuNzA2NDc0XSBTdGFjazogKDB4YjQwY2ZmNjAgdG8gMHhiNDBkMDAwMCkNCg0NDQoHTWVzc2FnZSBmcm9tIHN5c2xvZ2RAcmFzcGJlcnJ5cGkgYXQgU2VwIDI2IDA1OjI2OjM5IC4uLg0NCiBrZXJuZWw6WyAgMTMyLjcxMjA2MV0gZmY2MDogMDAwMDAwMDMgYjdjNDFmMDAgMDAwMDAwMTAgMDAwMDAwMDAgMDAwMDAwMDAgMDAwMDAwMDAgMDAwMDAwZDAgODAxMDExYzQNCg0NDQoHTWVzc2FnZSBmcm9tIHN5c2xvZ2RAcmFzcGJlcnJ5cGkgYXQgU2VwIDI2IDA1OjI2OjM5IC4uLg0NCiBrZXJuZWw6WyAgMTMyLjcyMjY4M10gZmY4MDogYjQwY2UwMDAgMDAwMDAwZDAgYjQwY2ZmYTQgYjQwY2ZmOTggODAxMzUxYjAgODAxMzRmYjAgMDAwMDAwMDAgYjQwY2ZmYTgNCg0NDQoHTWVzc2FnZSBmcm9tIHN5c2xvZ2RAcmFzcGJlcnJ5cGkgYXQgU2VwIDI2IDA1OjI2OjM5IC4uLg0NCiBrZXJuZWw6WyAgMTMyLjczMzI5Nl0gZmZhMDogODAxMDEwMDAgODAxMzUxYTQgMDAwMDAwMDAgMDAwMDAwMDAgMDAwMDAwMDAgMDAwMDAwMDAgMDAwMDAwMDAgMDAwMDAwMDANCg0NDQoHTWVzc2FnZSBmcm9tIHN5c2xvZ2RAcmFzcGJlcnJ5cGkgYXQgU2VwIDI2IDA1OjI2OjM5IC4uLg0NCiBrZXJuZWw6WyAgMTMyLjc0MzkwMF0gZmZjMDogMDAwMDAwMDAgMDAwMDAwMDAgMDAwMDAwMDAgMDAwMDAwZDAgMDAwMDAwMDAgMDAwMDAwMDAgMDAwMDAwMDAgN2VkMDhiYzQNCg0NDQoHTWVzc2FnZSBmcm9tIHN5c2xvZ2RAcmFzcGJlcnJ5cGkgYXQgU2VwIDI2IDA1OjI2OjM5IC4uLg0NCiBrZXJuZWw6WyAgMTMyLjc1NDUzN10gZmZlMDogNzZlZmM2OTQgN2VkMDhiNzggMDAwMTA5NjggMDAwMTA3MzggMDAwMDAwMTAgMDAwMDAwMDAgMDAwMDAwMDAgMDAwMDAwMDANCg0NDQoHTWVzc2FnZSBmcm9tIHN5c2xvZ2RAcmFzcGJlcnJ5cGkgYXQgU2VwIDI2IDA1OjI2OjM5IC4uLg0NCiBrZXJuZWw6WyAgMTMyLjgyMTc4NV0gQ29kZTogZTE1YzAwMDMgMGEwMDAwNTAgZTU5NjAzMjggZTM1MDAwMDAgKDBhMDAwMDAzKSANCg1TZWdtZW50YXRpb24gZmF1bHQNCnBpQHJhc3BiZXJyeXBpOn4kIA=='
188,101,b'Li90cnltZQ0KNjI1MDAwMA0KZ3JpOjEwMDAvMTAwMC8xMDAwcGlAcmFzcGJlcnJ5cGk6fiQg'
188,100,b'Li90cnltZQ0KNjI1MDAwMA0KZ3JpOjEwMDAvMTAwMC8xMDAwcGlAcmFzcGJlcnJ5cGk6fiQg'
188,123,b'Li90cnltZQ0K'
188,120,b'IC4vdHJ5bWUNCjYyNTAwMDANCmdyaToxMDAwLzEwMDAvMTAwMHBpQHJhc3BiZXJyeXBpOn4kIA=='
188,124,b'Li90cnltZQ0KNjI1MDAwMA0KZ3JpOjEwMDAvMTAwMC8xMDAwcGlAcmFzcGJlcnJ5cGk6fiQg'
188,106,b'Li90cnltZQ0KNjI1MDAwMA0KZ3JpOjEwMDAvMTAwMC8xMDAwcGlAcmFzcGJlcnJ5cGk6fiQg'
188,100,b'Li90cnltZQ0KNjI1MDAwMA0KZ3JpOjEwMDAvMTAwMC8xMDAwcGlAcmFzcGJlcnJ5cGk6fiQg'
188,125,b'Li90cnltZQ0KNjI1MDAwMA0KZ3JpOjEwMDAvMTAwMC8xMDAwcGlAcmFzcGJlcnJ5cGk6fiQg'
188,110,b'Li90cnltZQ0KNjI1MDAwMA0KZ3JpOjEwMDAvMTAwMC8xMDAwcGlAcmFzcGJlcnJ5cGk6fiQg'
188,135,b'Li90cnltZQ0KNjI1MDAwMA0KZ3JpOjEwMDAvMTAwMC8xMDAwcGlAcmFzcGJlcnJ5cGk6fiQg'
188,108,b'Li90cnltZQ0KNjI1MDAwMA0KZ3JpOjEwMDAvMTAwMC8xMDAwcGlAcmFzcGJlcnJ5cGk6fiQg'
188,132,b'Li90cnltZQ0KNjI1MDAwMA0KZ3JpOjEwMDAvMTAwMC8xMDAwcGlAcmFzcGJlcnJ5cGk6fiQg'
188,134,b'Li90cnltZQ0KWyAgIDQ4LjMyNDA2OV0gVW5hYmxlIHRvIGhhbmRsZSBrZXJuZWwgTlVMTCBwb2ludGVyIGRlcmVmZXJlbmNlIGF0IHZpcnR1YWwgYWRkcmVzcyAwMDAwMDMyOA0KWyAgIDQ4LjMzNDExOV0gcGdkID0gNGE4ZmZmNTQNClsgICA0OC4zMzc3MTZdIFswMDAwMDMyOF0gKnBnZD0zM2MyZDgzNSwgKnB0ZT0wMDAwMDAwMCwgKnBwdGU9MDAwMDAwMDANCg0NCgdNZXNzWyAgIDQ4LjM0NTAxN10gSW50ZXJuYWwgZXJyb3I6IE9vcHM6IDE3IFsjMV0gU01QIEFSTQ0KYWdlIGZyb20gc3lzbG9nZEByYXNwYmVycnlwaSBhdCBTZXAgMjYgMDU6MjU6MTQgLi4uDQ0KIGtlcm5lbDpbICAgNDguMzQ1MDE3XSBJbnRbICAgNDguMzUwODgxXSBNb2R1bGVzIGxpbmtlZCBpbjogYm5lcCBoY2lfdWFydCBidGJjbSBzZXJkZXYgYmx1ZXRvb3RoIGVjZGhfZ2VuZXJpYyBzaGEyNTZfZ2VuZXJpYyBjZmc4MDIxMSByZmtpbGwgODAyMXEgZ2FycCBzdHAgbGxjIGJjbTI4MzVfY29kZWMoQykgYmNtMjgzNV92NGwyKEMpIHY0bDJfbWVtMm1lbSByYXNwYmVycnlwaV9od21vbiBzbmRfYmNtMjgzNShDKSBod21vbiBiY20yODM1X21tYWxfdmNoaXEoQykgc25kX3BjbSB2aWRlb2J1ZjJfZG1hX2NvbnRpZyB2NGwyX2NvbW1vbiB2aWRlb2J1ZjJfdm1hbGxvYyB2aWRlb2J1ZjJfbWVtb3BzIHZpZGVvYnVmMl92NGwyIHNuZF90aW1lciB2aWRlb2J1ZjJfY29tbW9uIHNuZCB2aWRlb2RldiBtZWRpYSB2Y19zbV9jbWEoQykgZml4ZWQgdWlvX3BkcnZfZ2VuaXJxIHVpbyBpcF90YWJsZXMgeF90YWJsZXMgaXB2Ng0KZXJuYWwgZXJyb3I6IE9vcHM6IDE3IFsjMV0gU01QIEFbICAgNDguMzk2ODg5XSBDUFU6IDMgUElEOiA0NDcgQ29tbTogdHJ5bWUgVGFpbnRlZDogRyAgICAgICAgIEMgICAgICAgIDQuMTkuNzUtdjcrICMxMjcwDQpSTQ0KDVsgICA0OC40MDc2MzhdIEhhcmR3YXJlIG5hbWU6IEJDTTI4MzUNClsgICA0OC40MTIzMjZdIFBDIGlzIGF0IGNvbW1pdF9jcmVkcysweDkwLzB4MjljDQpbICAgNDguNDE4OTQwXSBMUiBpcyBhdCBfX3N5c19zZXRyZXN1aWQrMHgxNjgvMHgxZjQNClsgICA0OC40MjYzOTNdIHBjIDogWzw4MDE0NTBjOD5dICAgIGxyIDogWzw4MDEzNTEwYz5dICAgIHBzcjogODAwMDAwMTMNClsgICA0OC40MzU1NThdIHNwIDogYjViZTNmNjAgIGlwIDogYjViZTNmNDAgIGZwIDogYjViZTNmOTQNClsgICA0OC40NDM2ODBdIHIxMDogMDAwMDAwMDAgIHI5IDogMDAwMDAwMDAgIHI4IDogMDAwMDAwMDANClsgICA0OC40NTE4MDZdIHI3IDogMDAwMDAwMDAgIHI2IDogMDAwMDAwMDAgIHI1IDogZmZmZmZmZmYgIHI0IDogYjYxNjkzODANClsgICA0OC40NjEyMTZdIHIzIDogYjYxNjkzMDAgIHIyIDogMDAwMDAzZTggIHIxIDogMDAwMDAwMDEgIHIwIDogYjYxNjkzODANClsgICA0OC40NzA1MjRdIEZsYWdzOiBOemN2ICBJUlFzIG9uICBGSVFzIG9uICBNb2RlIFNWQ18zMiAgSVNBIEFSTSAgU2VnbWVudCB1c2VyDQpbICAgNDguNDgwNDQzXSBDb250cm9sOiAxMGM1MzgzZCAgVGFibGU6IDM1OTljMDZhICBEQUM6IDAwMDAwMDU1DQpbICAgNDguNDg5MDAyXSBQcm9jZXNzIHRyeW1lIChwaWQ6IDQ0Nywgc3RhY2sgbGltaXQgPSAweGI2OTE4ZWM4KQ0KWyAgIDQ4LjQ5NzY0Ml0gU3RhY2s6ICgweGI1YmUzZjYwIHRvIDB4YjViZTQwMDApDQpbICAgNDguNTA0NzM5XSAzZjYwOiAwMDAwMDAwMyBiNjE2OTMwMCAwMDAwMDAxMCAwMDAwMDAwMCAwMDAwMDAwMCAwMDAwMDAwMCAwMDAwMDBkMCA4MDEwMTFjNA0KWyAgIDQ4LjUxODM1MF0gM2Y4MDogYjViZTIwMDAgMDAwMDAwZDAgYjViZTNmYTQgYjViZTNmOTggODAxMzUxYjAgODAxMzRmYjAgMDAwMDAwMDAgYjViZTNmYTgNClsgICA0OC41Mjg5NDFdIDNmYTA6IDgwMTAxMDAwIDgwMTM1MWE0IDAwMDAwMDAwIDAwMDAwMDAwIDAwMDAwMDAwIDAwMDAwMDAwIDAwMDAwMDAwIDAwMDAwMDAwDQpbICAgNDguNTM5NTI2XSAzZmMwOiAwMDAwMDAwMCAwMDAwMDAwMCAwMDAwMDAwMCAwMDAwMDBkMCAwMDAwMDAwMCAwMDAwMDAwMCAwMDAwMDAwMCA3ZTlhN2JjNA0KWyAgIDQ4LjU1MDE0OF0gM2ZlMDogNzZlZGE2OTQgN2U5YTdiNzggMDAwMTA5NjggMDAwMTA3MzggMDAwMDAwMTAgMDAwMDAwMDAgMDAwMDAwMDAgMDAwMDAwMDANClsgICA0OC41NjA5MDJdIFs8ODAxNDUwYzg+XSAoY29tbWl0X2NyZWRzKSBmcm9tIFs8ODAxMzUxYjA+XSAoc3lzX3NldHJlc3VpZCsweDE4LzB4MWMpDQpbICAgNDguNTcxMjU2XSBbPDgwMTM1MWIwPl0gKHN5c19zZXRyZXN1aWQpIGZyb20gWzw4MDEwMTAwMD5dIChyZXRfZmFzdF9zeXNjYWxsKzB4MC8weDI4KQ0KWyAgIDQ4LjU4MTk3MF0gRXhjZXB0aW9uIHN0YWNrKDB4YjViZTNmYTggdG8gMHhiNWJlM2ZmMCkNClsgICA0OC41ODg0ODJdIDNmYTA6ICAgICAgICAgICAgICAgICAgIDAwMDAwMDAwIDAwMDAwMDAwIDAwMDAwMDAwIDAwMDAwMDAwIDAwMDAwMDAwIDAwMDAwMDAwDQpbICAgNDguNTk5NjA0XSAzZmMwOiAwMDAwMDAwMCAwMDAwMDAwMCAwMDAwMDAwMCAwMDAwMDBkMCAwMDAwMDAwMCAwMDAwMDAwMCAwMDAwMDAwMCA3ZTlhN2JjNA0KWyAgIDQ4LjYxMDc1N10gM2ZlMDogNzZlZGE2OTQgN2U5YTdiNzggMDAwMTA5NjggMDAwMTA3MzgNClsgICA0OC42MTczMzJdIENvZGU6IGUxNWMwMDAzIDBhMDAwMDUwIGU1OTYwMzI4IGUzNTAwMDAwICgwYTAwMDAwMykgDQoNDQoHTWVzc2FnZVsgICA0OC42MjUwMDddIC0tLVsgZW5kIHRyYWNlIDQ3NzU2NDlkNTUxNjQzNWIgXS0tLQ0KIGZyb20gc3lzbG9nZEByYXNwYmVycnlwaSBhdCBTZXAgMjYgMDU6MjU6MTUgLi4uDQ0KIGtlcm5lbDpbICAgNDguNDg5MDAyXSBQcm9jZXNzIHRyeW1lIChwaWQ6IDQ0Nywgc3RhY2sgbGltaXQgPSAweGI2OTE4ZWM4KQ0KDQ0NCgdNZXNzYWdlIGZyb20gc3lzbG9nZEByYXNwYmVycnlwaSBhdCBTZXAgMjYgMDU6MjU6MTUgLi4uDQ0KIGtlcm5lbDpbICAgNDguNDk3NjQyXSBTdGFjazogKDB4YjViZTNmNjAgdG8gMHhiNWJlNDAwMCkNCg0NDQoHTWVzc2FnZSBmcm9tIHN5c2xvZ2RAcmFzcGJlcnJ5cGkgYXQgU2VwIDI2IDA1OjI1OjE1IC4uLg0NCiBrZXJuZWw6WyAgIDQ4LjUwNDczOV0gM2Y2MDogMDAwMDAwMDMgYjYxNjkzMDAgMDAwMDAwMTAgMDAwMDAwMDAgMDAwMDAwMDAgMDAwMDAwMDAgMDAwMDAwZDAgODAxMDExYzQNCg0NDQoHTWVzc2FnZSBmcm9tIHN5c2xvZ2RAcmFzcGJlcnJ5cGkgYXQgU2VwIDI2IDA1OjI1OjE1IC4uLg0NCiBrZXJuZWw6WyAgIDQ4LjUxODM1MF0gM2Y4MDogYjViZTIwMDAgMDAwMDAwZDAgYjViZTNmYTQgYjViZTNmOTggODAxMzUxYjAgODAxMzRmYjAgMDAwMDAwMDAgYjViZTNmYTgNCg0NDQoHTWVzc2FnZSBmcm9tIHN5c2xvZ2RAcmFzcGJlcnJ5cGkgYXQgU2VwIDI2IDA1OjI1OjE1IC4uLg0NCiBrZXJuZWw6WyAgIDQ4LjUyODk0MV0gM2ZhMDogODAxMDEwMDAgODAxMzUxYTQgMDAwMDAwMDAgMDAwMDAwMDAgMDAwMDAwMDAgMDAwMDAwMDAgMDAwMDAwMDAgMDAwMDAwMDANCg0NDQoHTWVzc2FnZSBmcm9tIHN5c2xvZ2RAcmFzcGJlcnJ5cGkgYXQgU2VwIDI2IDA1OjI1OjE1IC4uLg0NCiBrZXJuZWw6WyAgIDQ4LjUzOTUyNl0gM2ZjMDogMDAwMDAwMDAgMDAwMDAwMDAgMDAwMDAwMDAgMDAwMDAwZDAgMDAwMDAwMDAgMDAwMDAwMDAgMDAwMDAwMDAgN2U5YTdiYzQNCg0NDQoHTWVzc2FnZSBmcm9tIHN5c2xvZ2RAcmFzcGJlcnJ5cGkgYXQgU2VwIDI2IDA1OjI1OjE1IC4uLg0NCiBrZXJuZWw6WyAgIDQ4LjU1MDE0OF0gM2ZlMDogNzZlZGE2OTQgN2U5YTdiNzggMDAwMTA5NjggMDAwMTA3MzggMDAwMDAwMTAgMDAwMDAwMDAgMDAwMDAwMDAgMDAwMDAwMDANCg0NDQoHTWVzc2FnZSBmcm9tIHN5c2xvZ2RAcmFzcGJlcnJ5cGkgYXQgU2VwIDI2IDA1OjI1OjE1IC4uLg0NCiBrZXJuZWw6WyAgIDQ4LjYxNzMzMl0gQ29kZTogZTE1YzAwMDMgMGEwMDAwNTAgZTU5NjAzMjggZTM1MDAwMDAgKDBhMDAwMDAzKSANCg1TZWdtZW50YXRpb24gZmF1bHQNCnBpQHJhc3BiZXJyeXBpOn4kIA=='
188,128,b'Li90cnltZQ0KNjI1MDAwMA0KZ3JpOjEwMDAvMTAwMC8xMDAwcGlAcmFzcGJlcnJ5cGk6fiQgWyAgIDQ5Ljc1MTg3M10gVW5kZXItdm9sdGFnZSBkZXRlY3RlZCEgKDB4MDAwNTAwMDUpDQo='
188,101,b'Li90cnltZQ0KNjI1MDAwMA0KZ3JpOjEwMDAvMTAwMC8xMDAwcGlAcmFzcGJlcnJ5cGk6fiQg'
188,107,b'Li90cnltZQ0KNjI1MDAwMA0KZ3JpOjEwMDAvMTAwMC8xMDAwcGlAcmFzcGJlcnJ5cGk6fiQg'
188,117,b'Li90cnltZQ0KNjI1MDAwMA0KZ3JpOjEwMDAvMTAwMC8xMDAwcGlAcmFzcGJlcnJ5cGk6fiQg'
188,128,b'Li90cnltZQ0KNjI1MDAwMA0KZ3JpOjEwMDAvMTAwMC8xMDAwcGlAcmFzcGJlcnJ5cGk6fiQg'
188,108,b'Li90cnltZQ0KNjI1MDAwMA0KZ3JpOjEwMDAvMTAwMC8xMDAwcGlAcmFzcGJlcnJ5cGk6fiQg'
188,118,b'Li90cnltZQ0KNjI1MDAwMA0KZ3JpOjEwMDAvMTAwMC8xMDAwcGlAcmFzcGJlcnJ5cGk6fiQgWyAgIDUzLjkxMTg4Ml0gVm9sdGFnZSBub3JtYWxpc2VkICgweDAwMDAwMDAwKQ0K'
188,96,b'Li90cnltZQ0KNjI1MDAwMA0KZ3JpOjEwMDAvMTAwMC8xMDAwcGlAcmFzcGJlcnJ5cGk6fiQg'
188,124,b'Li90cnltZQ0KNjI1MDAwMA0KZ3JpOjEwMDAvMTAwMC8xMDAwcGlAcmFzcGJlcnJ5cGk6fiQg'
188,105,b'Li90cnltZQ0KNjI1MDAwMA0KZ3JpOjEwMDAvMTAwMC8xMDAwcGlAcmFzcGJlcnJ5cGk6fiQg'
188,124,b'Li90cnltZQ0KNjI1MDAwMA0KZ3JpOjEwMDAvMTAwMC8xMDAwcGlAcmFzcGJlcnJ5cGk6fiQg'
188,131,b'Li90cnltZQ0KNjI1MDAwMA0KZ3JpOjEwMDAvMTAwMC8xMDAwcGlAcmFzcGJlcnJ5cGk6fiQg'
188,108,b'Li90cnltZQ0KNjI1MDAwMA0KZ3JpOjEwMDAvMTAwMC8xMDAwcGlAcmFzcGJlcnJ5cGk6fiQg'
188,127,b'Li90cnltZQ0KNjI1MDAwMA0KZ3JpOjEwMDAvMTAwMC8xMDAwcGlAcmFzcGJlcnJ5cGk6fiQg'
188,103,b'Li90cnltZQ0KNjI1MDAwMA0KZ3JpOjEwMDAvMTAwMC8xMDAwcGlAcmFzcGJlcnJ5cGk6fiQg'
188,108,b'Li90cnltZQ0KNjI1MDAwMA0KZ3JpOjEwMDAvMTAwMC8xMDAwcGlAcmFzcGJlcnJ5cGk6fiQg'
188,119,b'Li90cnltZQ0KNjI1MDAwMA0KZ3JpOjEwMDAvMTAwMC8xMDAwcGlAcmFzcGJlcnJ5cGk6fiQg'
188,129,b'Li90cnltZQ0KNjI1MDAwMA0KZ3JpOjEwMDAvMTAwMC8xMDAwcGlAcmFzcGJlcnJ5cGk6fiQg'
188,111,b'Li90cnltZQ0KNjI1MDAwMA0KZ3JpOjEwMDAvMTAwMC8xMDAwcGlAcmFzcGJlcnJ5cGk6fiQg'
188,108,b'Li90cnltZQ0KNjI1MDAwMA0KZ3JpOjEwMDAvMTAwMC8xMDAwcGlAcmFzcGJlcnJ5cGk6fiQg'
188,110,b'Li90cnltZQ0KNjI1MDAwMA0KZ3JpOjEwMDAvMTAwMC8xMDAwcGlAcmFzcGJlcnJ5cGk6fiQg'
